interface_id|reference_date|volumetry
163|2023-09-28|6938
163|2023-09-29|5430
163|2023-10-02|7066
163|2023-10-03|8015
163|2023-10-04|7223
163|2023-10-05|7356
163|2023-10-06|5985
163|2023-10-10|7494
163|2023-10-11|8150
163|2023-10-12|7968
163|2023-10-13|6371
163|2023-10-16|8543
163|2023-10-17|8310
163|2023-10-18|8044
163|2023-10-19|8033
163|2023-10-20|6710
163|2023-10-23|8335
163|2023-10-24|7846
163|2023-10-25|8009
163|2023-10-26|6963
163|2023-10-30|7074
163|2023-10-31|6482
163|2023-11-03|6570
163|2023-11-04|6120
163|2023-11-06|6503
163|2023-11-08|7948
163|2023-11-09|7447
163|2023-11-10|7267
163|2023-11-11|6449
163|2023-11-13|7911
163|2023-11-14|7248
163|2023-11-15|7821
163|2023-11-16|7760
163|2023-11-17|6373
163|2023-11-20|7282
163|2023-11-21|8206
163|2023-11-22|8488
163|2023-11-23|8345
163|2023-11-24|7036
163|2023-11-27|8356
163|2023-11-28|8264
163|2023-11-29|7359
163|2023-11-30|7301
163|2023-12-01|6367
163|2023-12-04|7721
163|2023-12-05|8097
163|2023-12-06|7886
163|2023-12-07|7320
163|2023-12-11|7262
163|2023-12-12|7439
163|2023-12-13|7640
163|2023-12-14|7213
163|2023-12-15|6066
163|2023-12-18|7223
163|2023-12-19|7531
163|2023-12-20|7009
163|2023-12-21|6570
163|2023-12-22|4945
163|2023-12-26|6161
163|2023-12-27|6535
163|2024-12-28|5555
163|2024-12-29|5252
163|2024-01-02|6154
163|2024-01-03|7029
163|2024-01-04|7415
163|2024-01-05|6149
163|2024-01-08|7254
163|2024-01-09|7276
163|2024-01-10|7200
163|2024-01-11|6904
163|2024-01-12|5663
163|2024-01-15|6640
163|2024-01-16|7178
163|2024-01-17|6933
163|2024-01-18|7083
163|2024-01-19|5661
163|2024-01-22|6426
163|2024-01-23|7175
163|2024-01-24|6738
163|2024-01-25|6570
163|2024-01-26|5415
163|2024-01-29|6255
163|2024-01-30|6565
163|2024-01-31|6522
163|2024-02-01|6554
163|2024-02-02|5433
163|2024-02-05|6330
163|2024-02-06|5410
163|2024-02-07|6898
163|2024-02-08|6731
163|2024-02-09|5459
163|2024-02-12|6284
163|2024-02-13|6638
163|2024-02-14|5692
163|2024-02-15|5587
163|2024-02-16|5147
163|2024-02-19|4507
163|2024-02-20|7081
163|2024-02-21|6377
163|2024-02-22|6095
163|2024-02-23|5214
163|2024-02-26|6580
163|2024-02-27|6607
163|2024-02-28|6649
163|2024-02-29|6181
163|2024-03-01|5349
163|2024-03-04|5878
163|2024-03-05|7917
163|2024-03-06|7594
163|2024-03-07|8185
163|2024-03-08|6201
163|2024-03-11|7194
163|2024-03-12|8414
163|2024-03-13|8642
163|2024-03-14|7177
163|2024-03-15|5807
163|2024-03-18|6968
163|2024-03-19|7382
163|2024-03-20|8437
163|2024-03-21|7666
163|2024-03-22|5442
163|2024-03-25|6443
163|2024-03-26|7194
163|2024-03-27|7269
163|2024-03-28|6271
163|2024-04-01|6198
163|2024-04-02|6671
163|2024-04-03|6596
163|2024-04-04|6618
163|2024-04-05|5739
163|2024-04-08|6991
163|2024-04-09|10363
163|2024-04-10|7018
163|2024-04-11|6619
163|2024-04-12|5231
163|2024-04-15|6430
163|2024-04-16|7417
163|2024-04-17|8029
163|2024-04-18|6650
163|2024-04-19|5139
163|2024-04-22|6360
163|2024-04-23|6451
163|2024-04-24|6783
163|2024-04-25|6293
163|2024-04-26|5235
163|2024-04-29|6138
163|2024-04-30|5800
163|2024-05-02|6166
163|2024-05-03|5661
163|2024-05-06|6659
163|2024-05-07|7243
163|2024-05-08|7352
163|2024-05-09|6263
163|2024-05-10|5244
163|2024-05-13|6273
163|2024-05-14|7192
163|2024-05-15|6504
163|2024-05-16|6673
163|2024-05-17|5053
163|2024-05-20|5388
163|2024-05-22|6153
163|2024-05-23|6316
163|2024-05-24|4818
163|2024-05-27|6066
163|2024-05-28|6766
163|2024-05-29|6479
163|2024-05-30|6029
163|2024-05-31|5169
163|2024-06-03|6532
163|2024-06-04|7126
163|2024-06-05|6886
163|2024-06-06|6297
163|2024-06-07|6614
163|2024-06-10|7215
163|2024-06-11|7232
163|2024-06-12|8784
163|2024-06-13|7599
163|2024-06-14|5795
163|2024-06-17|7418
163|2024-06-18|6056
163|2024-06-19|6847
163|2024-06-21|5850
163|2024-06-24|7272
163|2024-06-25|7548
163|2024-06-26|6978
163|2024-06-27|6488
163|2024-06-28|5519
163|2024-07-01|5617
163|2024-07-02|7565
163|2024-07-03|7428
163|2024-07-04|6941
163|2024-07-05|5546
163|2024-07-08|6992
163|2024-07-09|7249
163|2024-07-10|7275
163|2024-07-11|7908
163|2024-07-12|6623
163|2024-07-15|5488
163|2024-07-17|6309
163|2024-07-18|6582
163|2024-07-19|4903
163|2024-07-22|6541
163|2024-07-23|6815
163|2024-07-24|6989
163|2024-07-25|6888
163|2024-07-26|5481
163|2024-07-29|6666
163|2024-07-30|7192
163|2024-07-31|6928
163|2024-08-01|6417
163|2024-08-02|5035
163|2024-08-05|6521
163|2024-08-06|7278
163|2024-08-07|7078
163|2024-08-08|7107
163|2024-08-09|5793
163|2024-08-12|6717
163|2024-08-13|8563
163|2024-08-14|6593
163|2024-08-16|5782
163|2024-08-19|6812
163|2024-08-20|7057
163|2024-08-21|6897
163|2024-08-22|6561
163|2024-08-23|5306
163|2024-08-26|6678
163|2024-08-27|7091
163|2024-08-28|6656
163|2024-08-29|6600
163|2024-08-30|5219
163|2024-09-02|6434
163|2024-09-03|8315
163|2024-09-04|6864
163|2024-09-05|6429
163|2024-09-06|4930
163|2024-09-09|6629
163|2024-09-10|6618
163|2024-09-11|6558
163|2024-09-12|5897
163|2024-09-13|4495
163|2024-09-16|5673
163|2024-09-17|4213
163|2024-09-23|5954
163|2024-09-24|6463
163|2024-09-25|6511
163|2024-09-26|6199
163|2024-09-27|5275
163|2024-09-30|6404
163|2024-10-01|6810
163|2024-10-02|6253
163|2024-10-03|6331
163|2024-10-04|4728
163|2024-10-07|6569
163|2024-10-08|6713
163|2024-10-09|6513
163|2024-10-10|6871
163|2024-10-11|5386
163|2024-10-14|6466
163|2024-10-15|6695
163|2024-10-16|7123
163|2024-10-17|6792
163|2024-10-18|4175
163|2024-10-21|5321
163|2024-10-22|5877
163|2024-10-23|6239
163|2024-10-24|6765
163|2024-10-25|5382
163|2024-10-28|6052
163|2024-10-29|6455
163|2024-10-30|5506
163|2024-11-04|5263
163|2024-11-05|6707
163|2024-11-06|6972
163|2024-11-07|6789
163|2024-11-08|6027
163|2024-11-11|6699
163|2024-11-12|7508
163|2024-11-13|7052
163|2024-11-14|6644
163|2024-11-15|5157
163|2024-11-18|6674
163|2024-11-19|6931
163|2024-11-20|6641
163|2024-11-21|6441
163|2024-11-22|5376
163|2024-11-25|6880
163|2024-11-26|7094
163|2024-11-27|6869
163|2024-11-28|6385
163|2024-11-29|5376
163|2024-12-02|6389
163|2024-12-03|6496
163|2024-12-04|6619
163|2024-12-05|6373
163|2024-12-06|4743
163|2024-12-09|5850
163|2024-12-10|7090
163|2024-12-11|6389
163|2024-12-12|6134
163|2024-12-13|4649
163|2024-12-16|5643
163|2024-12-17|6094
163|2024-12-18|5608
163|2024-12-19|5820
163|2024-12-20|4183
163|2024-12-23|4969
163|2024-12-24|3227
163|2024-12-26|4933
163|2024-12-27|4525
163|2024-12-30|4384
163|2025-01-02|5599
163|2025-01-03|4990
163|2025-01-06|5727
163|2025-01-07|6098
163|2025-01-08|5727
163|2025-01-09|6017
163|2025-01-10|4648
163|2025-01-13|5555
163|2025-01-14|5949
163|2025-01-15|5617
163|2025-01-16|5897
163|2025-01-17|4547
163|2025-01-20|5573
163|2025-01-21|5907
163|2025-01-22|5606
163|2025-01-23|5543
163|2025-01-24|4472
163|2025-01-27|5400
163|2025-01-28|5266
163|2025-01-29|4937
163|2025-01-30|5861
163|2025-01-31|5597
163|2025-02-03|6247
163|2025-02-04|6420
163|2025-02-05|6179
163|2025-02-06|6040
163|2025-02-07|4818
163|2025-02-10|5788
163|2025-02-11|6086
163|2025-02-12|5607
163|2025-02-13|5571
163|2025-02-14|4033
163|2025-02-17|5076
163|2025-02-18|5804
163|2025-02-19|5458
163|2025-02-20|5295
163|2025-02-21|4463
163|2025-02-24|5805
163|2025-02-25|4130
163|2025-02-26|5671
163|2025-02-27|5600
163|2025-02-28|3793
163|2025-03-03|6515
163|2025-03-04|7398
163|2025-03-05|7542
163|2025-03-06|7093
163|2025-03-07|5486
163|2025-03-10|6659
163|2025-03-11|7555
163|2025-03-12|7278
163|2025-03-13|6619
163|2025-03-14|5213
163|2025-03-17|6326
163|2025-03-18|6535
163|2025-03-19|6697
163|2025-03-20|7148
163|2025-03-21|5094
163|2025-03-24|6106
163|2025-03-25|6666
163|2025-03-26|6229
163|2025-03-27|6286
163|2025-03-28|4896
163|2025-03-31|5666
163|2025-04-01|6288
163|2025-04-02|7018
163|2025-04-03|5579
163|2025-04-04|4662
163|2025-04-07|5255
163|2025-04-08|5799
163|2025-04-09|6323
163|2025-04-10|5458
163|2025-04-11|4743
163|2025-04-14|5766
163|2025-04-15|5821
163|2025-04-16|7288
163|2025-04-17|5134
163|2025-04-21|5446
163|2025-04-22|5606
163|2025-04-23|5605
163|2025-04-24|5637
163|2025-04-25|4576
163|2025-04-28|5601
163|2025-04-29|6396
163|2025-04-30|5664
163|2025-05-02|4225
163|2025-05-05|5683
163|2025-05-06|6122
163|2025-05-07|6269
163|2025-05-08|5448
163|2025-05-09|4542
163|2025-05-12|5178
163|2025-05-13|5791
163|2025-05-14|5853
163|2025-05-15|11566
163|2025-05-16|4425
163|2025-05-19|5749
163|2025-05-20|5721
163|2025-05-22|6048
163|2025-05-23|4959
163|2025-05-26|5716
163|2025-05-27|6065
163|2025-05-28|5901
163|2025-05-29|5691
163|2025-05-30|4706
163|2025-06-02|5705
163|2025-06-03|5736
163|2025-06-04|5847
163|2025-06-05|5981
163|2025-06-06|4587
163|2025-06-09|5823
163|2025-06-10|5881
163|2025-06-11|5688
163|2025-06-12|5669
163|2025-06-13|4258
163|2025-06-16|5686
163|2025-06-17|5847
163|2025-06-18|5635
163|2025-06-19|5291
163|2025-06-23|5363
163|2025-06-24|5747
163|2025-06-25|5724
163|2025-06-26|5604
163|2025-06-27|4580
163|2025-06-30|5230
163|2025-07-01|5361
163|2025-07-02|5742
163|2025-07-03|5643
163|2025-07-04|4338
163|2025-07-07|5931
163|2025-07-08|6036
163|2025-07-09|5908
163|2025-07-10|5913
163|2025-07-11|4445
163|2025-07-14|5543
163|2025-07-15|5689
163|2025-07-17|6253
163|2025-07-18|4661
163|2025-07-21|5908
163|2025-07-22|6081
163|2025-07-23|5756
163|2025-07-24|5250
163|2025-07-25|4312
163|2025-07-28|5498
163|2025-07-29|5218
163|2025-07-30|5027
163|2025-07-31|5126
163|2025-08-01|4337
163|2025-08-04|5151
163|2025-08-05|5492
163|2025-08-06|6034
163|2025-08-07|5473
163|2025-08-08|4476
163|2025-08-11|5745
163|2025-08-12|6525
163|2025-08-13|5737
163|2025-08-14|4365
163|2025-08-18|4333
163|2025-08-19|4465
163|2025-08-20|4352
163|2025-08-21|4367
163|2025-08-22|3736
163|2025-08-25|4883
163|2025-08-26|4772
163|2025-08-27|4556
163|2025-08-28|4769
163|2025-08-29|3973
163|2025-09-01|4669
163|2025-09-02|4725
163|2025-09-03|4395
163|2025-09-04|4390
163|2025-09-05|3506
163|2025-09-08|4671
163|2025-09-09|4668
163|2025-09-10|4605
163|2025-09-11|4228
163|2025-09-12|3339
163|2025-09-15|4135
163|2025-09-16|4090
163|2025-09-17|2749
163|2025-09-22|4040
163|2025-09-23|4457
163|2025-09-24|4239
163|2025-09-25|4193
163|2025-09-26|3572
163|2025-09-29|4159
163|2025-09-30|4193
163|2025-10-01|3944
163|2025-10-02|3718
163|2025-10-03|3140
163|2025-10-06|3806
163|2025-10-07|4099
163|2025-10-08|4526
163|2025-10-09|4431
163|2025-10-10|3519
163|2025-10-13|4462
163|2025-10-14|4727
163|2025-10-15|4482
163|2025-10-16|4350
163|2025-10-17|3559
163|2025-10-20|4333
163|2025-10-21|4592
163|2025-10-22|4257
163|2025-10-23|4043
163|2025-10-24|3408
163|2025-10-27|4263
163|2025-10-28|4269
163|2025-10-29|4067
163|2025-10-30|3498
163|2025-11-03|3482
163|2025-11-04|3851
163|2025-11-05|3567
163|2025-11-06|3819
163|2025-11-07|3266
163|2025-11-10|4119
163|2025-11-11|4088
163|2025-11-12|3847
163|2025-11-13|3825
163|2025-11-14|3152
163|2025-11-17|3696
163|2025-11-18|3860
163|2025-11-19|3795
163|2025-11-20|3684
163|2025-11-21|2983
163|2025-11-24|3616
163|2025-11-25|3882
163|2025-11-26|4107
163|2025-11-27|3738
163|2025-11-28|3290
163|2025-12-01|3514
163|2025-12-02|3656
163|2025-12-03|3665
163|2025-12-04|3519
163|2025-12-05|2975
163|2025-12-09|3598
163|2025-12-10|3929
163|2025-12-11|3788
163|2025-12-12|3355
163|2025-12-15|3887
163|2025-12-16|4176
163|2025-12-17|3920
163|2025-12-18|3783
163|2025-12-19|3254
163|2025-12-22|3624
163|2025-12-23|3383
163|2025-12-24|2120
163|2025-12-26|2672
163|2025-12-29|3759
163|2025-12-30|3547
163|2026-01-02|2816
163|2026-01-05|3652
163|2026-01-06|4153
163|2026-01-07|4188
163|2026-01-08|4297
163|2026-01-09|3578
163|2026-01-12|3924
163|2026-01-13|4492
163|2026-01-14|4620
163|2026-01-15|4300
163|2026-01-16|3551
163|2026-01-19|3878
163|2026-01-20|4301
163|2026-01-21|4264
163|2026-01-22|4021
163|2026-01-23|3471
163|2026-01-26|3926
163|2026-01-27|4048
163|2026-01-28|4377
163|2026-01-29|4055
163|2026-01-30|3486
163|2026-02-02|3548
163|2026-02-03|3872
163|2026-02-04|3874
163|2026-02-05|4020
163|2026-02-06|3540
163|2026-02-09|3404
163|2026-02-10|3632
163|2026-02-11|4100
163|2026-02-12|3880
163|2026-02-13|3070
163|2026-02-16|3549
163|2026-02-17|3816
163|2026-02-18|3891
163|2026-02-19|3695
163|2026-02-20|2975
163|2026-02-23|3807
163|2026-02-24|2492
163|2026-02-25|4300
163|2026-02-26|4202
163|2026-02-27|3454
163|2026-03-02|3709
163|2026-03-03|5077
163|2026-03-04|4766
163|2026-03-05|4380
163|2026-03-06|3805
163|2026-03-09|4119
163|2026-03-10|4943
163|2026-03-11|4663
163|2026-03-12|4309
163|2026-03-13|3620
163|2026-03-16|4187
163|2026-03-17|4183
163|2026-03-18|4324
163|2026-03-19|4322
163|2026-03-20|3380
163|2026-03-23|4127
163|2026-03-24|4743
163|2026-03-25|4628
163|2026-03-26|4513
163|2026-03-27|3277
163|2026-03-30|4380
163|2026-03-31|4157
163|2026-04-01|3707
163|2026-04-02|3681
163|2026-04-06|3660
163|2026-04-07|4264
163|2026-04-08|4031
163|2026-04-09|4059
163|2026-04-10|3531
163|2026-04-14|3914
163|2026-04-15|3950
163|2026-04-16|4120
163|2026-04-17|3503
163|2026-04-20|3977
163|2026-04-21|4379
163|2026-04-22|4082
163|2026-04-23|4069
163|2026-04-24|3428
163|2026-04-27|3954
163|2026-04-28|4246
164|2023-09-28|2309
164|2023-09-29|1552
164|2023-10-02|2033
164|2023-10-03|2433
164|2023-10-04|2246
164|2023-10-05|2116
164|2023-10-06|1823
164|2023-10-10|2535
164|2023-10-11|2593
164|2023-10-12|2802
164|2023-10-13|1984
164|2023-10-16|2941
164|2023-10-17|7310
164|2023-10-18|6012
164|2023-10-19|5134
164|2023-10-20|3496
164|2023-10-23|4014
164|2023-10-24|3841
164|2023-10-25|3677
164|2023-10-26|3060
164|2023-10-30|3420
164|2023-10-31|2813
164|2023-11-03|2502
164|2023-11-04|2216
164|2023-11-06|3079
164|2023-11-08|3130
164|2023-11-09|3797
164|2023-11-10|3665
164|2023-11-11|2825
164|2023-11-13|3665
164|2023-11-14|3974
164|2023-11-15|4421
164|2023-11-16|3517
164|2023-11-17|2614
164|2023-11-20|3738
164|2023-11-21|11191
164|2023-11-22|5477
164|2023-11-23|4174
164|2023-11-24|3348
164|2023-11-27|4934
164|2023-11-28|4783
164|2023-11-29|4857
164|2023-11-30|4072
164|2023-12-01|3117
164|2023-12-04|4480
164|2023-12-05|4827
164|2023-12-06|9438
164|2023-12-07|11262
164|2023-12-11|12237
164|2023-12-12|4711
164|2023-12-13|4197
164|2023-12-14|5746
164|2023-12-15|3111
164|2023-12-18|6516
164|2023-12-19|9596
164|2023-12-20|3264
164|2023-12-21|9674
164|2023-12-22|2083
164|2023-12-26|7963
164|2023-12-27|11015
164|2024-12-28|2822
164|2024-12-29|2382
164|2024-01-02|2097
164|2024-01-03|2160
164|2024-01-04|14802
164|2024-01-05|4352
164|2024-01-08|4883
164|2024-01-09|7555
164|2024-01-10|8485
164|2024-01-11|6575
164|2024-01-12|4705
164|2024-01-15|4345
164|2024-01-16|4956
164|2024-01-17|4797
164|2024-01-18|4652
164|2024-01-19|2522
164|2024-01-22|3202
164|2024-01-23|3605
164|2024-01-24|3079
164|2024-01-25|2813
164|2024-01-26|1664
164|2024-01-29|2185
164|2024-01-30|2833
164|2024-01-31|1917
164|2024-02-01|2417
164|2024-02-02|1598
164|2024-02-05|2143
164|2024-02-06|2636
164|2024-02-07|2953
164|2024-02-08|2649
164|2024-02-09|1893
164|2024-02-12|2844
164|2024-02-13|2043
164|2024-02-14|2825
164|2024-02-15|3464
164|2024-02-16|2205
164|2024-02-19|2058
164|2024-02-20|2896
164|2024-02-21|2694
164|2024-02-22|2887
164|2024-02-23|2284
164|2024-02-26|2577
164|2024-02-27|2988
164|2024-02-28|3186
164|2024-02-29|2719
164|2024-03-01|1874
164|2024-03-04|2036
164|2024-03-05|2959
164|2024-03-06|3017
164|2024-03-07|2614
164|2024-03-08|2030
164|2024-03-11|2361
164|2024-03-12|2666
164|2024-03-13|2679
164|2024-03-14|2495
164|2024-03-15|2102
164|2024-03-18|2280
164|2024-03-19|2987
164|2024-03-20|3152
164|2024-03-21|3012
164|2024-03-22|2105
164|2024-03-25|2592
164|2024-03-26|2882
164|2024-03-27|2713
164|2024-03-28|2163
164|2024-04-01|1802
164|2024-04-02|2110
164|2024-04-03|2378
164|2024-04-04|3229
164|2024-04-05|2349
164|2024-04-08|2853
164|2024-04-09|2639
164|2024-04-10|3252
164|2024-04-11|3016
164|2024-04-12|2130
164|2024-04-15|2795
164|2024-04-16|2669
164|2024-04-17|2986
164|2024-04-18|2833
164|2024-04-19|2004
164|2024-04-22|3051
164|2024-04-23|2537
164|2024-04-24|2430
164|2024-04-25|2516
164|2024-04-26|1811
164|2024-04-29|2469
164|2024-04-30|1997
164|2024-05-02|2224
164|2024-05-03|1609
164|2024-05-06|2429
164|2024-05-07|2398
164|2024-05-08|2458
164|2024-05-09|2317
164|2024-05-10|1618
164|2024-05-13|2300
164|2024-05-14|2392
164|2024-05-15|2312
164|2024-05-16|2202
164|2024-05-17|1751
164|2024-05-20|1903
164|2024-05-22|2652
164|2024-05-23|4009
164|2024-05-24|2220
164|2024-05-27|2610
164|2024-05-28|2539
164|2024-05-29|2451
164|2024-05-30|2324
164|2024-05-31|1768
164|2024-06-03|2150
164|2024-06-04|2527
164|2024-06-05|4086
164|2024-06-06|4454
164|2024-06-07|3598
164|2024-06-10|2954
164|2024-06-11|2512
164|2024-06-12|2366
164|2024-06-13|3537
164|2024-06-14|3627
164|2024-06-17|3209
164|2024-06-18|2840
164|2024-06-19|2601
164|2024-06-21|1652
164|2024-06-24|2682
164|2024-06-25|2847
164|2024-06-26|2328
164|2024-06-27|1946
164|2024-06-28|1520
164|2024-07-01|2228
164|2024-07-02|2365
164|2024-07-03|2166
164|2024-07-04|2475
164|2024-07-05|1868
164|2024-07-08|2244
164|2024-07-09|2211
164|2024-07-10|2063
164|2024-07-11|2252
164|2024-07-12|1461
164|2024-07-15|1693
164|2024-07-17|1980
164|2024-07-18|1926
164|2024-07-19|1254
164|2024-07-22|2101
164|2024-07-23|1919
164|2024-07-24|2624
164|2024-07-25|2939
164|2024-07-26|1885
164|2024-07-29|2010
164|2024-07-30|2141
164|2024-07-31|1814
164|2024-08-01|1488
164|2024-08-02|1840
164|2024-08-05|2516
164|2024-08-06|2135
164|2024-08-07|2024
164|2024-08-08|2191
164|2024-08-09|1528
164|2024-08-12|2271
164|2024-08-13|1997
164|2024-08-14|2171
164|2024-08-16|1468
164|2024-08-19|2150
164|2024-08-20|2056
164|2024-08-21|1918
164|2024-08-22|2127
164|2024-08-23|1537
164|2024-08-26|2208
164|2024-08-27|2287
164|2024-08-28|2047
164|2024-08-29|2097
164|2024-08-30|1593
164|2024-09-02|5946
164|2024-09-03|5502
164|2024-09-04|3814
164|2024-09-05|3100
164|2024-09-06|2496
164|2024-09-09|3087
164|2024-09-10|2686
164|2024-09-11|2691
164|2024-09-12|2415
164|2024-09-13|1781
164|2024-09-16|1669
164|2024-09-17|1054
164|2024-09-23|2334
164|2024-09-24|2454
164|2024-09-25|2499
164|2024-09-26|2421
164|2024-09-27|1827
164|2024-09-30|2117
164|2024-10-01|2427
164|2024-10-02|4762
164|2024-10-03|4307
164|2024-10-04|3296
164|2024-10-07|4002
164|2024-10-08|3425
164|2024-10-09|3187
164|2024-10-10|3072
164|2024-10-11|2386
164|2024-10-14|2814
164|2024-10-15|2506
164|2024-10-16|2871
164|2024-10-17|2152
164|2024-10-18|1307
164|2024-10-21|2591
164|2024-10-22|2579
164|2024-10-23|2853
164|2024-10-24|2281
164|2024-10-25|1487
164|2024-10-28|2050
164|2024-10-29|2179
164|2024-10-30|2273
164|2024-11-04|2874
164|2024-11-05|4255
164|2024-11-06|3691
164|2024-11-07|3112
164|2024-11-08|2314
164|2024-11-11|2837
164|2024-11-12|3084
164|2024-11-13|2630
164|2024-11-14|2655
164|2024-11-15|1831
164|2024-11-18|2633
164|2024-11-19|2692
164|2024-11-20|2661
164|2024-11-21|2337
164|2024-11-22|1833
164|2024-11-25|2444
164|2024-11-26|2381
164|2024-11-27|2351
164|2024-11-28|2285
164|2024-11-29|1732
164|2024-12-02|1722
164|2024-12-03|1999
164|2024-12-04|1925
164|2024-12-05|2798
164|2024-12-06|1757
164|2024-12-09|2177
164|2024-12-10|2325
164|2024-12-11|2596
164|2024-12-12|2651
164|2024-12-13|1769
164|2024-12-16|2428
164|2024-12-17|2397
164|2024-12-18|2088
164|2024-12-19|2068
164|2024-12-20|1365
164|2024-12-23|1945
164|2024-12-24|1130
164|2024-12-26|1666
164|2024-12-27|1555
164|2024-12-30|1417
164|2025-01-02|1454
164|2025-01-03|1245
164|2025-01-06|1844
164|2025-01-07|1666
164|2025-01-08|1686
164|2025-01-09|1649
164|2025-01-10|1298
164|2025-01-13|1625
164|2025-01-14|1727
164|2025-01-15|2388
164|2025-01-16|2413
164|2025-01-17|1645
164|2025-01-20|1947
164|2025-01-21|1859
164|2025-01-22|1805
164|2025-01-23|1701
164|2025-01-24|1351
164|2025-01-27|1720
164|2025-01-28|1734
164|2025-01-29|1852
164|2025-01-30|1801
164|2025-01-31|1244
164|2025-02-03|1688
164|2025-02-04|1725
164|2025-02-05|1688
164|2025-02-06|1674
164|2025-02-07|1247
164|2025-02-10|1778
164|2025-02-11|1679
164|2025-02-12|1805
164|2025-02-13|5353
164|2025-02-14|1278
164|2025-02-17|1458
164|2025-02-18|1832
164|2025-02-19|1735
164|2025-02-20|3912
164|2025-02-21|5
164|2025-02-24|1668
164|2025-02-25|2009
164|2025-02-26|4240
164|2025-02-27|1713
164|2025-02-28|1106
164|2025-03-03|1619
164|2025-03-04|1805
164|2025-03-05|1847
164|2025-03-06|2068
164|2025-03-07|1575
164|2025-03-10|2125
164|2025-03-11|2185
164|2025-03-12|2024
164|2025-03-13|1963
164|2025-03-14|1445
164|2025-03-17|2059
164|2025-03-18|2033
164|2025-03-19|1990
164|2025-03-20|2226
164|2025-03-21|1680
164|2025-03-24|2125
164|2025-03-25|2089
164|2025-03-26|2161
164|2025-03-27|2129
164|2025-03-28|1562
164|2025-03-31|1935
164|2025-04-01|1667
164|2025-04-02|1730
164|2025-04-03|1844
164|2025-04-04|1414
164|2025-04-07|1825
164|2025-04-08|1782
164|2025-04-09|1874
164|2025-04-10|1654
164|2025-04-11|1428
164|2025-04-14|2036
164|2025-04-15|2000
164|2025-04-16|1733
164|2025-04-17|1525
164|2025-04-21|1880
164|2025-04-22|1923
164|2025-04-23|1775
164|2025-04-24|1935
164|2025-04-25|1366
164|2025-04-28|2019
164|2025-04-29|1855
164|2025-04-30|1520
164|2025-05-02|1022
164|2025-05-05|1755
164|2025-05-06|1812
164|2025-05-07|1623
164|2025-05-08|1602
164|2025-05-09|1224
164|2025-05-12|1786
164|2025-05-13|1791
164|2025-05-14|1698
164|2025-05-15|1385
164|2025-05-16|1010
164|2025-05-19|2112
164|2025-05-20|1924
164|2025-05-22|2047
164|2025-05-23|1348
164|2025-05-26|1801
164|2025-05-27|1951
164|2025-05-28|1849
164|2025-05-29|1827
164|2025-05-30|1210
164|2025-06-02|1472
164|2025-06-03|1806
164|2025-06-04|1828
164|2025-06-05|1807
164|2025-06-06|1243
164|2025-06-09|1878
164|2025-06-10|2032
164|2025-06-11|1831
164|2025-06-12|1821
164|2025-06-13|1391
164|2025-06-16|1887
164|2025-06-17|1949
164|2025-06-18|1875
164|2025-06-19|1762
164|2025-06-23|1689
164|2025-06-24|1811
164|2025-06-25|1639
164|2025-06-26|1755
164|2025-06-27|1356
164|2025-06-30|1384
164|2025-07-01|1334
164|2025-07-02|1506
164|2025-07-03|1506
164|2025-07-04|1197
164|2025-07-07|1649
164|2025-07-08|1677
164|2025-07-09|1714
164|2025-07-10|1682
164|2025-07-11|1227
164|2025-07-14|1703
164|2025-07-15|1704
164|2025-07-17|1660
164|2025-07-18|1383
164|2025-07-21|1827
164|2025-07-22|2074
164|2025-07-23|1774
164|2025-07-24|1747
164|2025-07-25|1309
164|2025-07-28|2062
164|2025-07-29|1469
164|2025-07-30|1262
164|2025-07-31|1203
164|2025-08-01|831
164|2025-08-04|1197
164|2025-08-05|1405
164|2025-08-06|1262
164|2025-08-07|1368
164|2025-08-08|1057
164|2025-08-11|1615
164|2025-08-12|1576
164|2025-08-13|1310
164|2025-08-14|1508
164|2025-08-18|1486
164|2025-08-19|1489
164|2025-08-20|1377
164|2025-08-21|1461
164|2025-08-22|1120
164|2025-08-25|1715
164|2025-08-26|1706
164|2025-08-27|1700
164|2025-08-28|1558
164|2025-08-29|1034
164|2025-09-01|1552
164|2025-09-02|1469
164|2025-09-03|1573
164|2025-09-04|1495
164|2025-09-05|1046
164|2025-09-08|1677
164|2025-09-09|1648
164|2025-09-10|1634
164|2025-09-11|1479
164|2025-09-12|997
164|2025-09-15|1256
164|2025-09-16|1350
164|2025-09-17|758
164|2025-09-22|1462
164|2025-09-23|1418
164|2025-09-24|1647
164|2025-09-25|1462
164|2025-09-26|1144
164|2025-09-29|1598
164|2025-09-30|1266
164|2025-10-01|1285
164|2025-10-02|1378
164|2025-10-03|895
164|2025-10-06|1321
164|2025-10-07|1421
164|2025-10-08|1899
164|2025-10-09|1773
164|2025-10-10|1248
164|2025-10-13|1690
164|2025-10-14|1560
164|2025-10-15|1477
164|2025-10-16|1488
164|2025-10-17|1083
164|2025-10-20|1507
164|2025-10-21|1586
164|2025-10-22|1434
164|2025-10-23|1405
164|2025-10-24|1013
164|2025-10-27|1676
164|2025-10-28|1448
164|2025-10-29|1434
164|2025-10-30|1224
164|2025-11-03|1178
164|2025-11-04|1596
164|2025-11-05|1437
164|2025-11-06|1546
164|2025-11-07|1106
164|2025-11-10|1492
164|2025-11-11|1370
164|2025-11-12|1441
164|2025-11-13|1443
164|2025-11-14|1050
164|2025-11-17|1353
164|2025-11-18|1466
164|2025-11-19|1480
164|2025-11-20|1362
164|2025-11-21|1054
164|2025-11-24|1361
164|2025-11-25|1462
164|2025-11-26|1248
164|2025-11-27|1207
164|2025-11-28|766
164|2025-12-01|1115
164|2025-12-02|1201
164|2025-12-03|1239
164|2025-12-04|1211
164|2025-12-05|1899
164|2025-12-09|1636
164|2025-12-10|1950
164|2025-12-11|1582
164|2025-12-12|1077
164|2025-12-15|1516
164|2025-12-16|1502
164|2025-12-17|1430
164|2025-12-18|1348
164|2025-12-19|979
164|2025-12-22|1264
164|2025-12-23|1163
164|2025-12-24|741
164|2025-12-26|704
164|2025-12-29|1204
164|2025-12-30|935
164|2026-01-02|657
164|2026-01-05|1174
164|2026-01-06|1266
164|2026-01-07|1203
164|2026-01-08|1249
164|2026-01-09|936
164|2026-01-12|1198
164|2026-01-13|1229
164|2026-01-14|1244
164|2026-01-15|1044
164|2026-01-16|924
164|2026-01-19|1108
164|2026-01-20|1195
164|2026-01-21|1068
164|2026-01-22|1142
164|2026-01-23|723
164|2026-01-26|1103
164|2026-01-27|1096
164|2026-01-28|1151
164|2026-01-29|1018
164|2026-01-30|647
164|2026-02-02|907
164|2026-02-03|1002
164|2026-02-04|1083
164|2026-02-05|1168
164|2026-02-06|1804
164|2026-02-09|1373
164|2026-02-10|1244
164|2026-02-11|1229
164|2026-02-12|1346
164|2026-02-13|997
164|2026-02-16|1314
164|2026-02-17|1300
164|2026-02-18|1158
164|2026-02-19|1236
164|2026-02-20|764
164|2026-02-23|1118
164|2026-02-24|555
164|2026-02-25|1289
164|2026-02-26|1199
164|2026-02-27|702
164|2026-03-02|1115
164|2026-03-03|1161
164|2026-03-04|1087
164|2026-03-05|1125
164|2026-03-06|966
164|2026-03-09|1336
164|2026-03-10|1208
164|2026-03-11|1234
164|2026-03-12|1277
164|2026-03-13|968
164|2026-03-16|1384
164|2026-03-17|1288
164|2026-03-18|1453
164|2026-03-19|1247
164|2026-03-20|1133
164|2026-03-23|2095
164|2026-03-24|2002
164|2026-03-25|1618
164|2026-03-26|1362
164|2026-03-27|1003
164|2026-03-30|1419
164|2026-03-31|1235
164|2026-04-01|1143
164|2026-04-02|1081
164|2026-04-06|1192
164|2026-04-07|1337
164|2026-04-08|1300
164|2026-04-09|1298
164|2026-04-10|925
164|2026-04-13|1331
164|2026-04-14|1356
164|2026-04-15|1455
164|2026-04-16|1340
164|2026-04-17|1081
164|2026-04-20|1535
164|2026-04-21|1825
164|2026-04-22|1652
164|2026-04-23|1904
164|2026-04-24|1952
164|2026-04-27|1952
164|2026-04-28|1773
165|2023-09-28|8011168
165|2023-09-29|8028992
165|2023-10-02|7851456
165|2023-10-03|7865009
165|2023-10-04|7880657
165|2023-10-05|7895038
165|2023-10-06|7911053
165|2023-10-10|7936402
165|2023-10-11|7952924
165|2023-10-12|7967924
165|2023-10-13|7983383
165|2023-10-16|8007385
165|2023-10-17|8021123
165|2023-10-18|8034660
165|2023-10-19|8047642
165|2023-10-20|8063403
165|2023-10-23|8087800
165|2023-10-24|8100823
165|2023-10-25|8121214
165|2023-10-26|8135421
165|2023-10-30|8161184
165|2023-10-31|8177042
165|2023-11-03|7819911
165|2023-11-04|7834152
165|2023-11-06|7854403
165|2023-11-08|7867782
165|2023-11-09|7879790
165|2023-11-10|7891897
165|2023-11-11|7904092
165|2023-11-13|7925020
165|2023-11-14|7936940
165|2023-11-15|7949867
165|2023-11-16|7962869
165|2023-11-17|7975774
165|2023-11-20|7994159
165|2023-11-21|8006263
165|2023-11-23|8019950
165|2023-11-24|8042503
165|2023-11-27|8076494
165|2023-11-28|8090202
165|2023-11-29|8104407
165|2023-11-30|8121631
165|2023-12-01|8064714
165|2023-12-04|8084735
165|2023-12-05|8097301
165|2023-12-06|8109577
165|2023-12-07|8122880
165|2023-12-11|8141785
165|2023-12-12|8153585
165|2023-12-13|8165013
165|2023-12-14|8176790
165|2023-12-15|8189814
165|2023-12-18|8205322
165|2023-12-19|8216897
165|2023-12-20|8228650
165|2023-12-21|8239999
165|2023-12-22|8251675
165|2023-12-26|8268084
165|2023-12-27|8279425
165|2024-12-28|8292510
165|2024-12-29|8307083
165|2024-01-02|7878523
165|2024-01-03|7891518
165|2024-01-04|7903636
165|2024-01-05|7916366
165|2024-01-08|7932571
165|2024-01-09|7943962
165|2024-01-10|7955307
165|2024-01-11|7966251
165|2024-01-12|7977222
165|2024-01-15|7993226
165|2024-01-16|8003964
165|2024-01-17|8018756
165|2024-01-18|8025656
165|2024-01-19|8036681
165|2024-01-22|8036745
165|2024-01-23|8061716
165|2024-01-24|8071638
165|2024-01-25|8083468
165|2024-01-26|8099776
165|2024-01-29|8121992
165|2024-01-30|8133980
165|2024-01-31|8147607
165|2024-02-01|7903629
165|2024-02-02|7916561
165|2024-02-05|7932726
165|2024-02-06|7943001
165|2024-02-07|7954832
165|2024-02-08|7965875
165|2024-02-09|7977416
165|2024-02-12|7992580
165|2024-02-13|8003743
165|2024-02-14|8126351
165|2024-02-15|8136969
165|2024-02-16|8146795
165|2024-02-19|8160863
165|2024-02-20|8171248
165|2024-02-21|8181529
165|2024-02-22|8191463
165|2024-02-23|8201848
165|2024-02-26|8217609
165|2024-02-27|8228578
165|2024-02-28|8241301
165|2024-02-29|8254849
165|2024-03-01|8049548
165|2024-03-04|8086600
165|2024-03-05|8099140
165|2024-03-06|8111715
165|2024-03-07|8124579
165|2024-03-08|8136214
165|2024-03-12|8165255
165|2024-03-13|8177592
165|2024-03-14|8189099
165|2024-03-15|8200345
165|2024-03-18|8215428
165|2024-03-19|8226605
165|2024-03-20|8244745
165|2024-03-21|8256180
165|2024-03-22|8271273
165|2024-03-25|8286757
165|2024-03-26|8297858
165|2024-03-27|8310262
165|2024-03-28|8324604
165|2024-04-01|8144622
165|2024-04-02|8156189
165|2024-04-03|8178300
165|2024-04-04|8189745
165|2024-04-05|8201566
165|2024-04-08|8220872
165|2024-04-09|8231522
165|2024-04-10|8242307
165|2024-04-11|8253037
165|2024-04-12|8263681
165|2024-04-15|8278329
165|2024-04-16|8288761
165|2024-04-17|8299880
165|2024-04-18|8310587
165|2024-04-19|8321297
165|2024-04-22|8335728
165|2024-04-23|8346529
165|2024-04-24|8363354
165|2024-04-25|8373589
165|2024-04-26|8384791
165|2024-04-29|8401621
165|2024-04-30|8414486
165|2024-05-02|8209911
165|2024-05-03|8236554
165|2024-05-06|10549362
165|2024-05-07|10565535
165|2024-05-08|10578205
165|2024-05-09|10590658
165|2024-05-10|10603102
165|2024-05-13|10619146
165|2024-05-14|10634737
165|2024-05-15|10646923
165|2024-05-16|10659022
165|2024-05-17|10670981
165|2024-05-20|10686272
165|2024-05-22|10701342
165|2024-05-23|10713404
165|2024-05-24|10725684
165|2024-05-27|10742019
165|2024-05-28|10753118
165|2024-05-29|10774861
165|2024-05-30|10788316
165|2024-05-31|10802547
165|2024-06-03|10587283
165|2024-06-04|10603969
165|2024-06-05|10617382
165|2024-06-06|10630433
165|2024-06-07|10645054
165|2024-06-10|10666445
165|2024-06-11|10680945
165|2024-06-12|10694635
165|2024-06-14|10721242
165|2024-06-17|10742807
165|2024-06-18|10754218
165|2024-06-19|10767446
165|2024-06-21|10783492
165|2024-06-24|10802368
165|2024-06-25|10813640
165|2024-06-26|10834589
165|2024-06-27|10848107
165|2024-06-28|10862151
165|2024-07-01|10618618
165|2024-07-02|10631999
165|2024-07-03|10646475
165|2024-07-04|10660703
165|2024-07-05|10673657
165|2024-07-08|10697013
165|2024-07-09|10709469
165|2024-07-10|10722164
165|2024-07-11|10736018
165|2024-07-12|10747932
165|2024-07-15|10764046
165|2024-07-17|10779518
165|2024-07-18|10791579
165|2024-07-19|10802172
165|2024-07-22|10819930
165|2024-07-23|10832062
165|2024-07-24|10844670
165|2024-07-25|10857557
165|2024-07-26|10877663
165|2024-07-29|10897555
165|2024-07-30|10911172
165|2024-07-31|10927246
165|2024-08-01|10692133
165|2024-08-02|10705842
165|2024-08-05|10726531
165|2024-08-06|10743875
165|2024-08-07|10757541
165|2024-08-08|10771003
165|2024-08-09|10783792
165|2024-08-12|10804425
165|2024-08-13|10817039
165|2024-08-14|10829690
165|2024-08-16|10846726
165|2024-08-19|10865805
165|2024-08-20|10878098
165|2024-08-21|10890713
165|2024-08-22|10902861
165|2024-08-23|10916646
165|2024-08-26|10935494
165|2024-08-27|10948054
165|2024-08-28|10961786
165|2024-08-29|10975931
165|2024-08-30|10991333
165|2024-09-02|10769475
165|2024-09-03|10786583
165|2024-09-04|10809074
165|2024-09-05|10822676
165|2024-09-06|10835640
165|2024-09-09|10854591
165|2024-09-10|10866680
165|2024-09-11|10879476
165|2024-09-12|10891943
165|2024-09-13|10904071
165|2024-09-16|10922328
165|2024-09-17|10932831
165|2024-09-23|10955382
165|2024-09-24|10976498
165|2024-09-25|10989779
165|2024-09-26|11002948
165|2024-09-27|11015701
165|2024-09-30|11037106
165|2024-10-01|10832409
165|2024-10-02|10845712
165|2024-10-03|10858367
165|2024-10-04|10869758
165|2024-10-07|10889712
165|2024-10-08|10902905
165|2024-10-09|10920957
165|2024-10-10|10933853
165|2024-10-11|10945741
165|2024-10-14|10963627
165|2024-10-15|10975774
165|2024-10-16|10987555
165|2024-10-17|11000545
165|2024-10-18|11010405
165|2024-10-21|11025078
165|2024-10-22|11036397
165|2024-10-23|11048008
165|2024-10-24|11074534
165|2024-10-25|11086425
165|2024-10-28|11103513
165|2024-10-29|11116867
165|2024-10-30|11132286
165|2024-11-04|10930063
165|2024-11-05|10947834
165|2024-11-06|10960562
165|2024-11-07|10973045
165|2024-11-08|10985773
165|2024-11-11|11005262
165|2024-11-12|11018236
165|2024-11-13|11029915
165|2024-11-14|11042088
165|2024-11-15|11054522
165|2024-11-18|11072313
165|2024-11-19|11084321
165|2024-11-20|11096166
165|2024-11-21|11108047
165|2024-11-22|11133127
165|2024-11-25|11153094
165|2024-11-26|11165823
165|2024-11-27|11178351
165|2024-11-28|11191653
165|2024-11-29|11205910
165|2024-12-02|11010759
165|2024-12-03|11022598
165|2024-12-04|11035135
165|2024-12-05|11047725
165|2024-12-06|11059623
165|2024-12-09|11080366
165|2024-12-10|11093454
165|2024-12-11|11106038
165|2024-12-12|11117817
165|2024-12-13|11129426
165|2024-12-16|11147900
165|2024-12-17|11159011
165|2024-12-18|11169382
165|2024-12-19|11181098
165|2024-12-20|11192889
165|2024-12-23|11209407
165|2024-12-24|11236655
165|2024-12-26|11250913
165|2024-12-27|11265759
165|2024-12-30|11286189
165|2025-01-02|11031857
165|2025-01-03|11087854
165|2025-01-06|11109728
165|2025-01-07|11121778
165|2025-01-08|11133410
165|2025-01-09|11145505
165|2025-01-10|11157270
165|2025-01-13|11174654
165|2025-01-14|11185676
165|2025-01-15|11196898
165|2025-01-16|11213222
165|2025-01-17|11224190
165|2025-01-20|11239771
165|2025-01-21|11251225
165|2025-01-22|11262204
165|2025-01-23|11282045
165|2025-01-24|11293437
165|2025-01-27|11307599
165|2025-01-28|11319384
165|2025-01-29|11330128
165|2025-01-30|11343223
165|2025-01-31|11358220
165|2025-02-03|11148922
165|2025-02-04|11164947
165|2025-02-05|11177298
165|2025-02-06|11190520
165|2025-02-07|11202887
165|2025-02-10|11220645
165|2025-02-11|11231687
165|2025-02-12|11242518
165|2025-02-13|11260748
165|2025-02-14|11271118
165|2025-02-17|11286809
165|2025-02-18|11297493
165|2025-02-19|11308315
165|2025-02-20|11319705
165|2025-02-21|11330867
165|2025-02-24|11348165
165|2025-02-25|11367355
165|2025-02-26|11378665
165|2025-02-27|11392092
165|2025-02-28|11404480
165|2025-03-03|11238397
165|2025-03-04|11251644
165|2025-03-05|11266147
165|2025-03-06|11280389
165|2025-03-07|11294160
165|2025-03-10|11316342
165|2025-03-11|11329624
165|2025-03-12|11342266
165|2025-03-13|11355255
165|2025-03-14|11373368
165|2025-03-17|11391596
165|2025-03-18|11403564
165|2025-03-19|11416503
165|2025-03-20|11429620
165|2025-03-21|11441513
165|2025-03-24|11466029
165|2025-03-25|11478411
165|2025-03-26|11489985
165|2025-03-27|11502846
165|2025-03-28|11516926
165|2025-03-31|11538871
165|2025-04-01|11331277
165|2025-04-02|11344006
165|2025-04-03|11356859
165|2025-04-04|11373803
165|2025-04-07|11392909
165|2025-04-08|11407963
165|2025-04-09|11420267
165|2025-04-10|11432639
165|2025-04-14|4661323
165|2025-04-16|11480586
165|2025-04-17|11493033
165|2025-04-21|11513281
165|2025-04-22|11524564
165|2025-04-23|11546968
165|2025-04-24|11559146
165|2025-04-25|11571345
165|2025-04-28|11588995
165|2025-04-29|11602777
165|2025-04-30|11618558
165|2025-05-02|11423500
165|2025-05-05|11443815
165|2025-05-06|11456899
165|2025-05-07|11473502
165|2025-05-08|11486186
165|2025-05-09|11499183
165|2025-05-12|11516444
165|2025-05-13|11528651
165|2025-05-14|11545887
165|2025-05-15|11558750
165|2025-05-16|11571049
165|2025-05-19|11597706
165|2025-05-20|11609953
165|2025-05-22|11626435
165|2025-05-23|11641637
165|2025-05-26|11659794
165|2025-05-27|11671770
165|2025-05-28|11684412
165|2025-05-29|11697079
165|2025-05-30|11712183
165|2025-06-02|11518570
165|2025-06-03|11528717
165|2025-06-04|11541796
165|2025-06-05|11554708
165|2025-06-06|11570071
165|2025-06-09|11590391
165|2025-06-10|11602831
165|2025-06-11|11615519
165|2025-06-12|11627107
165|2025-06-13|11646721
165|2025-06-16|11663360
165|2025-06-17|11674309
165|2025-06-18|11685265
165|2025-06-19|11697113
165|2025-06-23|11716270
165|2025-06-24|11734685
165|2025-06-25|11746817
165|2025-06-26|11758785
165|2025-06-27|11771613
165|2025-06-30|11792740
165|2025-07-01|11502590
165|2025-07-02|11516141
165|2025-07-03|11528692
165|2025-07-04|11541212
165|2025-07-07|11562855
165|2025-07-08|11576889
165|2025-07-09|11589253
165|2025-07-10|11600928
165|2025-07-11|11612813
165|2025-07-14|11634060
165|2025-07-15|11645266
165|2025-07-17|11661350
165|2025-07-18|11673098
165|2025-07-21|11694500
165|2025-07-22|11705656
165|2025-07-23|11716900
165|2025-07-24|11728182
165|2025-07-25|11739136
165|2025-07-28|11756833
165|2025-07-29|11768405
165|2025-07-30|11781559
165|2025-07-31|11795862
165|2025-08-01|11584993
165|2025-08-04|11606634
165|2025-08-05|11618229
165|2025-08-06|11631130
165|2025-08-07|11643688
165|2025-08-08|11655624
165|2025-08-11|11675060
165|2025-08-12|11692550
165|2025-08-13|11705366
165|2025-08-14|11718219
165|2025-08-18|11738758
165|2025-08-19|11756944
165|2025-08-20|11768091
165|2025-08-21|11779447
165|2025-08-22|11794340
165|2025-08-25|11813390
165|2025-08-26|11826240
165|2025-08-27|11838712
165|2025-08-28|11851851
165|2025-08-29|11866430
165|2025-09-01|11679821
165|2025-09-02|11691636
165|2025-09-03|11703609
165|2025-09-04|11715617
165|2025-09-05|11731297
165|2025-09-08|11751673
165|2025-09-09|11763542
165|2025-09-10|11776088
165|2025-09-12|11798801
165|2025-09-15|11815326
165|2025-09-16|11832923
165|2025-09-17|11840903
165|2025-09-22|11863225
165|2025-09-23|11874782
165|2025-09-24|11886496
165|2025-09-25|11897833
165|2025-09-26|11918482
165|2025-09-29|11936125
165|2025-09-30|11950494
165|2025-10-01|11725804
165|2025-10-02|11737508
165|2025-10-03|11749230
165|2025-10-06|11767925
165|2025-10-07|11781225
165|2025-10-08|11793515
165|2025-10-09|11805048
165|2025-10-10|11826678
165|2025-10-13|11843847
165|2025-10-14|11855698
165|2025-10-15|11867677
165|2025-10-16|11879446
165|2025-10-17|11898074
165|2025-10-20|11914753
165|2025-10-21|11925960
165|2025-10-22|11937913
165|2025-10-23|11949426
165|2025-10-24|11970781
165|2025-10-27|11987229
165|2025-10-28|11998897
165|2025-10-29|12011875
165|2025-10-30|12025890
165|2025-11-03|11844965
165|2025-11-04|11856535
165|2025-11-05|11870264
165|2025-11-06|11881844
165|2025-11-07|11893521
165|2025-11-10|11910566
165|2025-11-11|11922427
165|2025-11-12|11940631
165|2025-11-13|11951085
165|2025-11-14|11961713
165|2025-11-17|11981927
165|2025-11-18|11992711
165|2025-11-19|12003348
165|2025-11-20|12013854
165|2025-11-21|12024788
165|2025-11-24|12039503
165|2025-11-25|12050510
165|2025-11-26|12063063
165|2025-11-27|12074817
165|2025-11-28|12088411
165|2025-12-01|11899399
165|2025-12-02|11909982
165|2025-12-03|11922413
165|2025-12-04|11933987
165|2025-12-05|11945916
165|2025-12-09|11967165
165|2025-12-10|11980252
165|2025-12-11|11990487
165|2025-12-12|12002146
165|2025-12-15|12029031
165|2025-12-16|12040467
165|2025-12-17|12052284
165|2025-12-18|12064190
165|2025-12-19|12076019
165|2025-12-22|12093995
165|2025-12-23|12105759
165|2025-12-24|12140444
165|2025-12-26|12153490
165|2025-12-29|12171435
165|2025-12-30|12186215
165|2026-01-02|11942350
165|2026-01-05|11962922
165|2026-01-06|11975098
165|2026-01-07|11986597
165|2026-01-08|11999460
165|2026-01-09|12010843
165|2026-01-12|12029090
165|2026-01-13|12040777
165|2026-01-14|12052494
165|2026-01-15|12064357
165|2026-01-16|12082979
165|2026-01-19|12098133
165|2026-01-20|12109795
165|2026-01-21|12121102
165|2026-01-22|12131480
165|2026-01-23|12142785
165|2026-01-26|12161539
165|2026-01-27|12172642
165|2026-01-28|12185239
165|2026-01-29|12198060
165|2026-01-30|12212109
165|2026-02-02|12004401
165|2026-02-03|12016027
165|2026-02-04|12029785
165|2026-02-05|12041761
165|2026-02-06|12053413
165|2026-02-09|12070207
165|2026-02-10|12089041
165|2026-02-11|12107330
165|2026-02-12|12118485
165|2026-02-13|12129705
165|2026-02-16|12145193
165|2026-02-17|12155854
165|2026-02-18|12167019
165|2026-02-19|12177834
165|2026-02-20|12188498
165|2026-02-23|12206647
165|2026-02-24|12217296
165|2026-02-25|12228941
165|2026-02-26|12241074
165|2026-02-27|12255350
165|2026-03-02|12076278
165|2026-03-03|12089524
165|2026-03-04|12103219
165|2026-03-05|12115658
165|2026-03-06|12128233
165|2026-03-09|12155131
165|2026-03-10|12167854
165|2026-03-11|12180596
165|2026-03-12|12191942
165|2026-03-13|12203620
165|2026-03-16|12220747
165|2026-03-17|12243489
165|2026-03-18|12255687
165|2026-03-19|12267648
165|2026-03-20|12279037
165|2026-03-23|12294974
165|2026-03-24|12309923
165|2026-03-25|12322654
165|2026-03-26|12334613
165|2026-03-27|12346026
165|2026-03-30|12364929
165|2026-03-31|12380041
165|2026-04-01|12164005
165|2026-04-02|12176602
165|2026-04-06|12198594
165|2026-04-07|12213087
165|2026-04-08|12224880
165|2026-04-09|12245590
165|2026-04-10|12257389
165|2026-04-13|12275000
165|2026-04-14|12285821
165|2026-04-15|12296582
165|2026-04-16|12307713
165|2026-04-17|12319179
165|2026-04-20|12347865
165|2026-04-21|12359294
165|2026-04-22|12370181
165|2026-04-23|12381444
165|2026-04-24|12393119
165|2026-04-27|12416303
165|2026-04-28|12428400
166|2023-09-28|-
166|2023-09-29|-
166|2023-10-02|-
166|2023-10-03|-
166|2023-10-04|-
166|2023-10-05|-
166|2023-10-06|-
166|2023-10-18|4
166|2023-10-19|1
166|2023-11-06|2
166|2023-11-24|1
166|2023-12-13|1
166|2023-12-14|1
166|2023-12-19|27
166|2023-12-20|10
166|2023-12-21|39
166|2024-12-29|1
166|2024-01-08|1
166|2024-01-10|2
166|2024-01-11|5
166|2024-01-15|1
166|2024-01-19|277
166|2024-01-25|1
166|2024-01-26|10
166|2024-01-29|10
166|2024-02-01|2
166|2024-02-02|2
166|2024-02-16|1
166|2024-02-19|1
166|2024-03-04|1
166|2024-03-06|1
166|2024-04-08|1
166|2024-05-15|1
166|2024-06-07|1
166|2024-07-05|1
166|2024-08-09|3
166|2024-10-21|1
166|2024-10-22|7
166|2024-10-24|3
166|2024-11-07|1
166|2024-11-08|1
166|2025-03-24|1
166|2025-03-25|12
166|2025-03-31|2
166|2025-04-04|1
166|2025-04-11|5
166|2025-04-17|6
166|2025-07-17|9
166|2025-08-04|1
166|2025-08-12|1
166|2025-09-16|1
166|2025-09-25|1
166|2025-10-03|1
166|2025-10-07|1
166|2025-10-14|1
166|2025-10-20|15
166|2026-03-06|1
166|2026-03-09|1
166|2026-04-10|1
166|2026-04-13|2
167|2023-09-28|152
167|2023-09-29|160
167|2023-10-02|172
167|2023-10-03|69
167|2023-10-04|125
167|2023-10-05|138
167|2023-10-06|162
167|2023-10-10|158
167|2023-10-11|189
167|2023-10-12|274
167|2023-10-13|142
167|2023-10-16|133
167|2023-10-17|134
167|2023-10-18|118
167|2023-10-19|91
167|2023-10-20|97
167|2023-10-23|83
167|2023-10-24|120
167|2023-10-25|92
167|2023-10-26|116
167|2023-10-30|125
167|2023-10-31|166
167|2023-11-03|155
167|2023-11-04|60
167|2023-11-06|90
167|2023-11-08|94
167|2023-11-09|65
167|2023-11-10|120
167|2023-11-11|139
167|2023-11-13|70
167|2023-11-14|85
167|2023-11-15|48
167|2023-11-16|41
167|2023-11-17|60
167|2023-11-20|74
167|2023-11-21|62
167|2023-11-22|64
167|2023-11-24|90
167|2023-11-27|67
167|2023-11-28|103
167|2023-11-29|127
167|2023-11-30|203
167|2023-12-01|250
167|2023-12-04|33
167|2023-12-05|90
167|2023-12-06|89
167|2023-12-07|99
167|2023-12-11|97
167|2023-12-12|120
167|2023-12-13|78
167|2023-12-14|75
167|2023-12-15|70
167|2023-12-18|42
167|2023-12-19|87
167|2023-12-20|70
167|2023-12-21|105
167|2023-12-22|203
167|2023-12-26|202
167|2023-12-27|255
167|2024-12-28|259
167|2024-12-29|292
167|2024-01-02|215
167|2024-01-03|34
167|2024-01-04|5
167|2024-01-05|33
167|2024-01-09|5
167|2024-01-10|2
167|2024-01-11|71
167|2024-01-15|1
167|2024-01-16|45
167|2024-01-19|82
167|2024-01-23|126
167|2024-01-24|46
167|2024-01-25|70
167|2024-01-26|199
167|2024-01-29|79
167|2024-01-30|1
167|2024-02-08|53
167|2024-02-09|97
167|2024-02-12|141
167|2024-02-13|67
167|2024-02-16|13
167|2024-02-19|141
167|2024-02-20|177
167|2024-02-21|182
167|2024-02-23|28
167|2024-02-26|132
167|2024-02-27|179
167|2024-02-28|119
167|2024-02-29|21
167|2024-03-01|6
167|2024-03-04|50
167|2024-03-05|110
167|2024-03-06|38
167|2024-03-08|17
167|2024-03-11|84
167|2024-03-12|104
167|2024-03-13|100
167|2024-03-14|47
167|2024-03-15|20
167|2024-03-18|106
167|2024-03-19|45
167|2024-03-20|143
167|2024-03-21|84
167|2024-03-22|25
167|2024-03-25|103
167|2024-03-26|30
167|2024-03-28|116
167|2024-04-01|124
167|2024-04-02|127
167|2024-04-03|71
167|2024-04-04|88
167|2024-04-05|94
167|2024-04-08|116
167|2024-04-09|72
167|2024-04-10|137
167|2024-04-11|36
167|2024-04-12|56
167|2024-04-15|78
167|2024-04-16|80
167|2024-04-17|117
167|2024-04-18|41
167|2024-04-19|25
167|2024-04-22|60
167|2024-04-23|114
167|2024-04-24|133
167|2024-04-25|138
167|2024-04-26|92
167|2024-04-29|32
167|2024-04-30|78
167|2024-05-02|19
167|2024-05-03|123
167|2024-05-06|184
167|2024-05-07|188
167|2024-05-08|183
167|2024-05-09|204
167|2024-05-10|183
167|2024-05-13|201
167|2024-05-14|148
167|2024-05-15|183
167|2024-05-16|79
167|2024-05-17|188
167|2024-05-23|84
167|2024-05-24|80
167|2024-05-27|154
167|2024-05-28|124
167|2024-05-29|104
167|2024-05-30|81
167|2024-05-31|138
167|2024-06-03|101
167|2024-06-04|163
167|2024-06-05|222
167|2024-06-06|271
167|2024-06-07|307
167|2024-06-10|313
167|2024-06-11|116
167|2024-06-12|74
167|2024-06-13|79
167|2024-06-14|88
167|2024-06-17|58
167|2024-06-18|91
167|2024-06-19|1
167|2024-06-21|23
167|2024-06-24|143
167|2024-06-25|93
167|2024-06-26|62
167|2024-06-27|82
167|2024-06-28|82
167|2024-07-01|111
167|2024-07-02|49
167|2024-07-03|81
167|2024-07-04|138
167|2024-07-05|126
167|2024-07-08|79
167|2024-07-09|139
167|2024-07-10|89
167|2024-07-11|58
167|2024-07-12|101
167|2024-07-15|69
167|2024-07-17|76
167|2024-07-18|52
167|2024-07-19|61
167|2024-07-22|52
167|2024-07-23|129
167|2024-07-24|104
167|2024-07-25|89
167|2024-07-26|105
167|2024-07-29|91
167|2024-07-30|106
167|2024-07-31|104
167|2024-08-01|130
167|2024-08-02|77
167|2024-08-05|94
167|2024-08-06|124
167|2024-08-07|97
167|2024-08-08|83
167|2024-08-09|70
167|2024-08-12|72
167|2024-08-13|131
167|2024-08-14|81
167|2024-08-16|69
167|2024-08-19|53
167|2024-08-20|93
167|2024-08-21|87
167|2024-08-22|78
167|2024-08-23|73
167|2024-08-26|77
167|2024-08-27|94
167|2024-08-28|112
167|2024-08-29|151
167|2024-08-30|204
167|2024-09-02|202
167|2024-09-03|168
167|2024-09-04|233
167|2024-09-05|214
167|2024-09-06|161
167|2024-09-09|103
167|2024-09-10|280
167|2024-09-11|173
167|2024-09-12|89
167|2024-09-13|77
167|2024-09-16|59
167|2024-09-17|72
167|2024-09-23|40
167|2024-09-24|83
167|2024-09-25|78
167|2024-09-26|64
167|2024-09-27|76
167|2024-09-30|75
167|2024-10-01|114
167|2024-10-02|53
167|2024-10-03|105
167|2024-10-04|111
167|2024-10-07|0
167|2024-10-08|1
167|2024-10-09|6
167|2024-10-10|150
167|2024-10-11|67
167|2024-10-14|60
167|2024-10-15|81
167|2024-10-16|84
167|2024-10-17|50
167|2024-10-18|56
167|2024-10-21|32
167|2024-10-22|46
167|2024-10-23|49
167|2024-10-24|58
167|2024-10-25|52
167|2024-10-28|77
167|2024-10-29|79
167|2024-10-30|99
167|2024-11-04|90
167|2024-11-05|35
167|2024-11-06|72
167|2024-11-07|57
167|2024-11-08|60
167|2024-11-11|54
167|2024-11-12|82
167|2024-11-13|53
167|2024-11-14|69
167|2024-11-15|46
167|2024-11-18|54
167|2024-11-19|56
167|2024-11-20|47
167|2024-11-21|51
167|2024-11-22|46
167|2024-11-25|61
167|2024-11-26|63
167|2024-11-27|59
167|2024-11-28|90
167|2024-11-29|96
167|2024-12-02|83
167|2024-12-03|48
167|2024-12-04|70
167|2024-12-05|86
167|2024-12-06|67
167|2024-12-09|64
167|2024-12-10|80
167|2024-12-11|46
167|2024-12-12|48
167|2024-12-13|57
167|2024-12-16|42
167|2024-12-17|68
167|2024-12-18|35
167|2024-12-19|56
167|2024-12-20|61
167|2024-12-23|62
167|2024-12-24|71
167|2024-12-26|55
167|2024-12-27|51
167|2024-12-30|64
167|2025-01-02|100
167|2025-01-07|1
167|2025-01-08|78
167|2025-01-09|49
167|2025-01-13|60
167|2025-01-14|59
167|2025-01-16|63
167|2025-01-17|54
167|2025-01-20|51
167|2025-01-21|55
167|2025-01-23|64
167|2025-01-24|48
167|2025-01-27|35
167|2025-01-28|56
167|2025-01-29|39
167|2025-01-30|73
167|2025-01-31|75
167|2025-02-03|83
167|2025-02-04|23
167|2025-02-05|51
167|2025-02-07|53
167|2025-02-10|61
167|2025-02-11|70
167|2025-02-13|305
167|2025-02-14|379
167|2025-02-17|209
167|2025-02-18|211
167|2025-02-19|79
167|2025-02-20|81
167|2025-02-21|59
167|2025-02-24|47
167|2025-02-25|56
167|2025-02-26|83
167|2025-02-27|129
167|2025-02-28|133
167|2025-03-03|113
167|2025-03-04|69
167|2025-03-05|151
167|2025-03-06|144
167|2025-03-07|117
167|2025-03-12|115
167|2025-03-13|91
167|2025-03-14|87
167|2025-03-17|109
167|2025-03-18|98
167|2025-03-19|100
167|2025-03-20|84
167|2025-03-21|76
167|2025-03-24|67
167|2025-03-25|87
167|2025-03-26|75
167|2025-03-27|78
167|2025-03-28|103
167|2025-03-31|128
167|2025-04-01|147
167|2025-04-03|119
167|2025-04-04|107
167|2025-04-08|110
167|2025-04-09|69
167|2025-04-10|92
167|2025-04-11|67
167|2025-05-15|71
167|2025-05-16|50
167|2025-05-19|68
167|2025-05-20|59
167|2025-05-22|88
167|2025-05-23|67
167|2025-05-26|65
167|2025-05-27|55
167|2025-05-28|64
167|2025-05-29|72
167|2025-05-30|105
167|2025-06-02|122
167|2025-06-03|2
167|2025-06-04|65
167|2025-06-05|124
167|2025-06-06|80
167|2025-06-09|85
167|2025-06-10|90
167|2025-06-11|75
167|2025-06-12|49
167|2025-06-13|76
167|2025-06-16|58
167|2025-06-17|64
167|2025-06-18|61
167|2025-06-19|56
167|2025-06-23|63
167|2025-06-24|77
167|2025-06-25|65
167|2025-06-26|55
167|2025-06-27|88
167|2025-06-30|94
167|2025-07-01|103
167|2025-07-02|52
167|2025-07-03|77
167|2025-07-04|96
167|2025-07-07|77
167|2025-07-08|89
167|2025-07-09|65
167|2025-07-10|57
167|2025-07-11|83
167|2025-07-14|53
167|2025-07-15|54
167|2025-07-17|68
167|2025-07-18|61
167|2025-07-21|75
167|2025-07-22|91
167|2025-07-23|63
167|2025-07-24|75
167|2025-07-25|50
167|2025-07-28|60
167|2025-07-29|95
167|2025-07-30|94
167|2025-07-31|106
167|2025-08-01|146
167|2025-08-04|50
167|2025-08-05|109
167|2025-08-06|82
167|2025-08-07|68
167|2025-08-08|68
167|2025-08-11|65
167|2025-08-12|58
167|2025-08-14|1
167|2025-08-18|1
167|2025-08-21|77
167|2025-08-22|100
167|2025-08-25|49
167|2025-08-27|1
167|2025-09-24|1
167|2025-09-25|1
167|2025-10-03|1
167|2025-10-09|3
167|2025-10-10|10
167|2025-10-13|23
167|2025-10-14|67
167|2025-10-15|104
167|2025-10-16|112
167|2025-10-17|69
167|2025-10-20|42
167|2025-10-21|28
167|2025-10-22|66
167|2025-10-23|18
167|2025-10-27|78
167|2025-10-28|67
167|2025-10-29|119
167|2025-10-30|123
167|2025-11-03|152
167|2025-11-04|134
167|2025-11-05|123
167|2025-11-06|128
167|2025-11-07|15
167|2025-11-10|24
167|2025-11-11|15
167|2025-11-12|25
167|2025-11-13|20
167|2025-11-14|18
167|2025-11-17|17
167|2025-11-18|20
167|2025-11-19|9
167|2025-11-20|109
167|2025-11-21|78
167|2025-11-26|1
167|2025-12-18|3
167|2026-01-06|1
167|2026-01-07|1
167|2026-01-08|1
167|2026-01-19|2
167|2026-01-23|1
167|2026-01-28|1
167|2026-02-02|1
167|2026-02-11|1
167|2026-02-20|2
167|2026-03-25|1
167|2026-03-26|1
167|2026-03-30|1
167|2026-03-31|1
168|2023-09-28|152
168|2023-09-29|160
168|2023-10-02|172
168|2023-10-03|69
168|2023-10-04|125
168|2023-10-05|138
168|2023-10-06|162
168|2023-10-10|158
168|2023-10-11|189
168|2023-10-12|274
168|2023-10-13|142
168|2023-10-16|133
168|2023-10-17|134
168|2023-10-18|118
168|2023-10-19|91
168|2023-10-20|97
168|2023-10-23|83
168|2023-10-24|120
168|2023-10-25|92
168|2023-10-26|116
168|2023-10-30|125
168|2023-10-31|166
168|2023-11-03|155
168|2023-11-04|60
168|2023-11-06|90
168|2023-11-08|94
168|2023-11-09|65
168|2023-11-10|120
168|2023-11-11|139
168|2023-11-13|70
168|2023-11-14|85
168|2023-11-15|48
168|2023-11-16|41
168|2023-11-17|60
168|2023-11-20|74
168|2023-11-21|62
168|2023-11-22|64
168|2023-11-24|90
168|2023-11-27|67
168|2023-11-28|103
168|2023-11-29|127
168|2023-11-30|203
168|2023-12-01|250
168|2023-12-04|33
168|2023-12-05|90
168|2023-12-06|89
168|2023-12-07|99
168|2023-12-11|97
168|2023-12-12|120
168|2023-12-13|78
168|2023-12-14|75
168|2023-12-15|70
168|2023-12-18|42
168|2023-12-19|87
168|2023-12-20|70
168|2023-12-21|105
168|2023-12-22|203
168|2023-12-26|202
168|2023-12-27|255
168|2024-12-28|259
168|2024-12-29|292
168|2024-01-02|215
168|2024-01-03|34
168|2024-01-04|5
168|2024-01-05|33
168|2024-01-09|5
168|2024-01-10|2
168|2024-01-11|71
168|2024-01-15|1
168|2024-01-16|45
168|2024-01-19|82
168|2024-01-23|126
168|2024-01-24|46
168|2024-01-25|70
168|2024-01-26|199
168|2024-01-29|79
168|2024-01-30|1
168|2024-02-08|53
168|2024-02-09|97
168|2024-02-12|141
168|2024-02-13|67
168|2024-02-16|13
168|2024-02-19|141
168|2024-02-20|177
168|2024-02-21|182
168|2024-02-23|28
168|2024-02-26|132
168|2024-02-27|179
168|2024-02-28|119
168|2024-02-29|21
168|2024-03-01|6
168|2024-03-04|50
168|2024-03-05|110
168|2024-03-06|38
168|2024-03-08|17
168|2024-03-11|84
168|2024-03-12|104
168|2024-03-13|100
168|2024-03-14|47
168|2024-03-15|20
168|2024-03-18|106
168|2024-03-19|45
168|2024-03-20|143
168|2024-03-21|84
168|2024-03-22|25
168|2024-03-25|103
168|2024-03-26|30
168|2024-03-28|116
168|2024-04-01|124
168|2024-04-02|127
168|2024-04-03|71
168|2024-04-04|88
168|2024-04-05|94
168|2024-04-08|116
168|2024-04-09|72
168|2024-04-10|137
168|2024-04-11|36
168|2024-04-12|56
168|2024-04-15|78
168|2024-04-16|80
168|2024-04-17|117
168|2024-04-18|41
168|2024-04-19|25
168|2024-04-22|60
168|2024-04-23|114
168|2024-04-24|133
168|2024-04-25|138
168|2024-04-26|92
168|2024-04-29|32
168|2024-04-30|78
168|2024-05-02|19
168|2024-05-03|123
168|2024-05-06|184
168|2024-05-07|188
168|2024-05-08|183
168|2024-05-09|204
168|2024-05-10|183
168|2024-05-13|201
168|2024-05-14|148
168|2024-05-15|183
168|2024-05-16|79
168|2024-05-17|188
168|2024-05-23|84
168|2024-05-24|80
168|2024-05-27|154
168|2024-05-28|124
168|2024-05-29|104
168|2024-05-30|81
168|2024-05-31|138
168|2024-06-03|101
168|2024-06-04|163
168|2024-06-05|222
168|2024-06-06|271
168|2024-06-07|307
168|2024-06-10|313
168|2024-06-11|116
168|2024-06-12|74
168|2024-06-13|79
168|2024-06-14|88
168|2024-06-17|58
168|2024-06-18|91
168|2024-06-19|1
168|2024-06-21|23
168|2024-06-24|143
168|2024-06-25|93
168|2024-06-26|62
168|2024-06-27|82
168|2024-06-28|82
168|2024-07-01|111
168|2024-07-02|49
168|2024-07-03|81
168|2024-07-04|138
168|2024-07-05|126
168|2024-07-08|79
168|2024-07-09|139
168|2024-07-10|89
168|2024-07-11|58
168|2024-07-12|101
168|2024-07-15|69
168|2024-07-17|76
168|2024-07-18|52
168|2024-07-19|61
168|2024-07-22|52
168|2024-07-23|129
168|2024-07-24|104
168|2024-07-25|89
168|2024-07-26|105
168|2024-07-29|91
168|2024-07-30|106
168|2024-07-31|104
168|2024-08-01|130
168|2024-08-02|77
168|2024-08-05|94
168|2024-08-06|124
168|2024-08-07|97
168|2024-08-08|83
168|2024-08-09|70
168|2024-08-12|72
168|2024-08-13|131
168|2024-08-14|81
168|2024-08-16|69
168|2024-08-19|53
168|2024-08-20|93
168|2024-08-21|87
168|2024-08-22|78
168|2024-08-23|73
168|2024-08-26|77
168|2024-08-27|94
168|2024-08-28|112
168|2024-08-29|151
168|2024-08-30|204
168|2024-09-02|202
168|2024-09-03|168
168|2024-09-04|233
168|2024-09-05|214
168|2024-09-06|161
168|2024-09-09|103
168|2024-09-10|280
168|2024-09-11|173
168|2024-09-12|89
168|2024-09-13|77
168|2024-09-16|59
168|2024-09-17|72
168|2024-09-23|40
168|2024-09-24|83
168|2024-09-25|78
168|2024-09-26|64
168|2024-09-27|76
168|2024-09-30|75
168|2024-10-01|114
168|2024-10-02|53
168|2024-10-03|105
168|2024-10-04|111
168|2024-10-07|0
168|2024-10-08|1
168|2024-10-09|6
168|2024-10-10|150
168|2024-10-11|67
168|2024-10-14|60
168|2024-10-15|81
168|2024-10-16|84
168|2024-10-17|50
168|2024-10-18|56
168|2024-10-21|32
168|2024-10-22|46
168|2024-10-23|49
168|2024-10-24|58
168|2024-10-25|52
168|2024-10-28|77
168|2024-10-29|79
168|2024-10-30|99
168|2024-11-04|90
168|2024-11-05|35
168|2024-11-06|72
168|2024-11-07|57
168|2024-11-08|60
168|2024-11-11|54
168|2024-11-12|82
168|2024-11-13|53
168|2024-11-14|69
168|2024-11-15|46
168|2024-11-18|54
168|2024-11-19|56
168|2024-11-20|47
168|2024-11-21|51
168|2024-11-22|46
168|2024-11-25|61
168|2024-11-26|63
168|2024-11-27|59
168|2024-11-28|90
168|2024-11-29|96
168|2024-12-02|83
168|2024-12-03|48
168|2024-12-04|70
168|2024-12-05|86
168|2024-12-06|67
168|2024-12-09|64
168|2024-12-10|80
168|2024-12-11|46
168|2024-12-12|48
168|2024-12-13|57
168|2024-12-16|42
168|2024-12-17|68
168|2024-12-18|35
168|2024-12-19|56
168|2024-12-20|61
168|2024-12-23|62
168|2024-12-24|71
168|2024-12-26|55
168|2024-12-27|51
168|2024-12-30|64
168|2025-01-02|100
168|2025-01-07|1
168|2025-01-08|78
168|2025-01-09|49
168|2025-01-13|60
168|2025-01-14|59
168|2025-01-16|63
168|2025-01-17|54
168|2025-01-20|51
168|2025-01-21|55
168|2025-01-23|64
168|2025-01-24|48
168|2025-01-27|35
168|2025-01-28|56
168|2025-01-29|39
168|2025-01-30|73
168|2025-01-31|75
168|2025-02-03|83
168|2025-02-04|23
168|2025-02-05|51
168|2025-02-07|53
168|2025-02-10|61
168|2025-02-11|70
168|2025-02-13|305
168|2025-02-14|379
168|2025-02-17|209
168|2025-02-18|211
168|2025-02-19|79
168|2025-02-20|81
168|2025-02-21|59
168|2025-02-24|47
168|2025-02-25|56
168|2025-02-26|83
168|2025-02-27|129
168|2025-02-28|133
168|2025-03-03|113
168|2025-03-04|69
168|2025-03-05|151
168|2025-03-06|144
168|2025-03-07|117
168|2025-03-12|115
168|2025-03-13|91
168|2025-03-14|87
168|2025-03-17|109
168|2025-03-18|98
168|2025-03-19|100
168|2025-03-20|84
168|2025-03-21|76
168|2025-03-24|67
168|2025-03-25|87
168|2025-03-26|75
168|2025-03-27|78
168|2025-03-28|103
168|2025-03-31|128
168|2025-04-01|147
168|2025-04-03|119
168|2025-04-04|107
168|2025-04-08|110
168|2025-04-09|69
168|2025-04-10|92
168|2025-04-11|67
168|2025-05-15|71
168|2025-05-16|50
168|2025-05-19|68
168|2025-05-20|59
168|2025-05-22|88
168|2025-05-23|67
168|2025-05-26|65
168|2025-05-27|55
168|2025-05-28|64
168|2025-05-29|72
168|2025-05-30|105
168|2025-06-02|122
168|2025-06-03|2
168|2025-06-04|65
168|2025-06-05|124
168|2025-06-06|80
168|2025-06-09|85
168|2025-06-10|90
168|2025-06-11|75
168|2025-06-12|49
168|2025-06-13|76
168|2025-06-16|58
168|2025-06-17|64
168|2025-06-18|61
168|2025-06-19|56
168|2025-06-23|63
168|2025-06-24|77
168|2025-06-25|65
168|2025-06-26|55
168|2025-06-27|88
168|2025-06-30|94
168|2025-07-01|103
168|2025-07-02|52
168|2025-07-03|77
168|2025-07-04|96
168|2025-07-07|77
168|2025-07-08|89
168|2025-07-09|65
168|2025-07-10|57
168|2025-07-11|83
168|2025-07-14|53
168|2025-07-15|54
168|2025-07-17|68
168|2025-07-18|61
168|2025-07-21|75
168|2025-07-22|91
168|2025-07-23|63
168|2025-07-24|75
168|2025-07-25|50
168|2025-07-28|60
168|2025-07-29|95
168|2025-07-30|94
168|2025-07-31|106
168|2025-08-01|146
168|2025-08-04|50
168|2025-08-05|109
168|2025-08-06|82
168|2025-08-07|68
168|2025-08-08|68
168|2025-08-11|65
168|2025-08-12|58
168|2025-08-14|1
168|2025-08-18|1
168|2025-08-21|77
168|2025-08-22|100
168|2025-08-25|49
168|2025-08-27|1
168|2025-09-24|1
168|2025-09-25|1
168|2025-10-03|1
168|2025-10-09|3
168|2025-10-10|10
168|2025-10-13|23
168|2025-10-14|67
168|2025-10-15|104
168|2025-10-16|112
168|2025-10-17|69
168|2025-10-20|42
168|2025-10-21|28
168|2025-10-22|66
168|2025-10-23|18
168|2025-10-27|78
168|2025-10-28|67
168|2025-10-29|119
168|2025-10-30|123
168|2025-11-03|152
168|2025-11-04|134
168|2025-11-05|123
168|2025-11-06|128
168|2025-11-07|15
168|2025-11-10|24
168|2025-11-11|15
168|2025-11-12|25
168|2025-11-13|20
168|2025-11-14|18
168|2025-11-17|17
168|2025-11-18|20
168|2025-11-19|9
168|2025-11-20|109
168|2025-11-21|78
168|2025-11-26|1
168|2025-12-18|3
168|2026-01-06|1
168|2026-01-07|1
168|2026-01-08|1
168|2026-01-19|2
168|2026-01-23|1
168|2026-01-28|1
168|2026-02-02|1
168|2026-02-11|1
168|2026-02-20|2
168|2026-03-25|1
168|2026-03-26|1
168|2026-03-30|1
168|2026-03-31|1
169|2023-09-28|12438
169|2023-09-29|10439
169|2023-10-02|17004
169|2023-10-03|14270
169|2023-10-04|13558
169|2023-10-05|12724
169|2023-10-06|11013
169|2023-10-10|17127
169|2023-10-11|14787
169|2023-10-12|14050
169|2023-10-13|11806
169|2023-10-16|16889
169|2023-10-17|14256
169|2023-10-18|13774
169|2023-10-19|13846
169|2023-10-20|12322
169|2023-10-23|16908
169|2023-10-24|13745
169|2023-10-25|14345
169|2023-10-26|12760
169|2023-10-30|16572
169|2023-10-31|12174
169|2023-11-03|15480
169|2023-11-04|11915
169|2023-11-06|15092
169|2023-11-08|14291
169|2023-11-09|13138
169|2023-11-10|12796
169|2023-11-11|12122
169|2023-11-13|16286
169|2023-11-14|13479
169|2023-11-15|13822
169|2023-11-16|13774
169|2023-11-17|11602
169|2023-11-20|14500
169|2023-11-21|14316
169|2023-11-22|14483
169|2023-11-23|14528
169|2023-11-24|13351
169|2023-11-27|15101
169|2023-11-28|15977
169|2023-11-29|14432
169|2023-11-30|14320
169|2023-12-01|13290
169|2023-12-04|18416
169|2023-12-05|15841
169|2023-12-06|15198
169|2023-12-07|13700
169|2023-12-11|15701
169|2023-12-12|14155
169|2023-12-13|14229
169|2023-12-14|13079
169|2023-12-15|11512
169|2023-12-18|15195
169|2023-12-19|13770
169|2023-12-20|13170
169|2023-12-21|12126
169|2023-12-22|9878
169|2023-12-26|14261
169|2023-12-27|12721
169|2024-12-28|11137
169|2024-12-29|10891
169|2024-01-02|16573
169|2024-01-03|14071
169|2024-01-04|14420
169|2024-01-05|12294
169|2024-01-08|16340
169|2024-01-09|13928
169|2024-01-10|13502
169|2024-01-11|12813
169|2024-01-12|11160
169|2024-01-15|14538
169|2024-01-16|13389
169|2024-01-17|12921
169|2024-01-18|13208
169|2024-01-19|10742
169|2024-01-22|13938
169|2024-01-23|13169
169|2024-01-24|12450
169|2024-01-25|12308
169|2024-01-26|10693
169|2024-01-29|14037
169|2024-01-30|12750
169|2024-01-31|12665
169|2024-02-01|12741
169|2024-02-02|11141
169|2024-02-05|14902
169|2024-02-06|9959
169|2024-02-07|12678
169|2024-02-08|12540
169|2024-02-09|10767
169|2024-02-12|13814
169|2024-02-13|12566
169|2024-02-14|10710
169|2024-02-15|10466
169|2024-02-16|9883
169|2024-02-19|10656
169|2024-02-20|12947
169|2024-02-21|11868
169|2024-02-22|11245
169|2024-02-23|10164
169|2024-02-26|14268
169|2024-02-27|12400
169|2024-02-28|12448
169|2024-02-29|11952
169|2024-03-01|10837
169|2024-03-04|14523
169|2024-03-05|13952
169|2024-03-06|13230
169|2024-03-07|12875
169|2024-03-08|11362
169|2024-03-11|15513
169|2024-03-12|13507
169|2024-03-13|12618
169|2024-03-14|12673
169|2024-03-15|11114
169|2024-03-18|14613
169|2024-03-19|12741
169|2024-03-20|12993
169|2024-03-21|12512
169|2024-03-22|10322
169|2024-03-25|14317
169|2024-03-26|13461
169|2024-03-27|12593
169|2024-03-28|12044
169|2024-04-01|17534
169|2024-04-02|13071
169|2024-04-03|12730
169|2024-04-04|12486
169|2024-04-05|10954
169|2024-04-08|16263
169|2024-04-09|15968
169|2024-04-10|11996
169|2024-04-11|12264
169|2024-04-12|9941
169|2024-04-15|13738
169|2024-04-16|11928
169|2024-04-17|12075
169|2024-04-18|11553
169|2024-04-19|9856
169|2024-04-22|13206
169|2024-04-23|11451
169|2024-04-24|11378
169|2024-04-25|10944
169|2024-04-26|9956
169|2024-04-29|13734
169|2024-04-30|11241
169|2024-05-02|14940
169|2024-05-03|11144
169|2024-05-06|15614
169|2024-05-07|11708
169|2024-05-08|11787
169|2024-05-09|20143
169|2024-05-10|9345
169|2024-05-13|13301
169|2024-05-14|12251
169|2024-05-15|11410
169|2024-05-16|13737
169|2024-05-17|9799
169|2024-05-20|12667
169|2024-05-22|12908
169|2024-05-23|11010
169|2024-05-24|9841
169|2024-05-27|13823
169|2024-05-28|12159
169|2024-05-29|12314
169|2024-05-30|11851
169|2024-05-31|10332
169|2024-06-03|17409
169|2024-06-04|13871
169|2024-06-05|13768
169|2024-06-06|12418
169|2024-06-07|14261
169|2024-06-10|16635
169|2024-06-11|13474
169|2024-06-12|13070
169|2024-06-13|14149
169|2024-06-14|11106
169|2024-06-17|15405
169|2024-06-18|11908
169|2024-06-19|12809
169|2024-06-21|12488
169|2024-06-24|15617
169|2024-06-25|13815
169|2024-06-26|13646
169|2024-06-27|12657
169|2024-06-28|10727
169|2024-07-01|15653
169|2024-07-02|14847
169|2024-07-03|14205
169|2024-07-04|13573
169|2024-07-05|11128
169|2024-07-08|16308
169|2024-07-09|14401
169|2024-07-10|13058
169|2024-07-11|12899
169|2024-07-12|9850
169|2024-07-15|12804
169|2024-07-17|13953
169|2024-07-18|12462
169|2024-07-19|9411
169|2024-07-22|15505
169|2024-07-23|12917
169|2024-07-24|13709
169|2024-07-25|13295
169|2024-07-26|11113
169|2024-07-29|15053
169|2024-07-30|14002
169|2024-07-31|16851
169|2024-08-01|13426
169|2024-08-02|10552
169|2024-08-05|16354
169|2024-08-06|14361
169|2024-08-07|13969
169|2024-08-08|13626
169|2024-08-09|11519
169|2024-08-12|15291
169|2024-08-13|13168
169|2024-08-14|12699
169|2024-08-16|13141
169|2024-08-19|15283
169|2024-08-20|12871
169|2024-08-21|13037
169|2024-08-22|12096
169|2024-08-23|10742
169|2024-08-26|14961
169|2024-08-27|13225
169|2024-08-28|12994
169|2024-08-29|13532
169|2024-08-30|11666
169|2024-09-02|16766
169|2024-09-03|13986
169|2024-09-04|13314
169|2024-09-05|12370
169|2024-09-06|10425
169|2024-09-09|15390
169|2024-09-10|12100
169|2024-09-11|12646
169|2024-09-12|11594
169|2024-09-13|9293
169|2024-09-16|13684
169|2024-09-17|8825
169|2024-09-23|15521
169|2024-09-24|12734
169|2024-09-25|12899
169|2024-09-26|12429
169|2024-09-27|9575
169|2024-09-30|15196
169|2024-10-01|13818
169|2024-10-02|12847
169|2024-10-03|12579
169|2024-10-04|9848
169|2024-10-07|12376
169|2024-10-08|13379
169|2024-10-09|12801
169|2024-10-10|13166
169|2024-10-11|10748
169|2024-10-14|14054
169|2024-10-15|12958
169|2024-10-16|13056
169|2024-10-17|12293
169|2024-10-18|8207
169|2024-10-21|11649
169|2024-10-22|11014
169|2024-10-23|11769
169|2024-10-24|12260
169|2024-10-25|10374
169|2024-10-28|13480
169|2024-10-29|12501
169|2024-10-30|11857
169|2024-11-04|15708
169|2024-11-05|14505
169|2024-11-06|13574
169|2024-11-07|13001
169|2024-11-08|11721
169|2024-11-11|14689
169|2024-11-12|13626
169|2024-11-13|11845
169|2024-11-14|11926
169|2024-11-15|9739
169|2024-11-18|14003
169|2024-11-19|12413
169|2024-11-20|12010
169|2024-11-21|12028
169|2024-11-22|10146
169|2024-11-25|15003
169|2024-11-26|13540
169|2024-11-27|12808
169|2024-11-28|11865
169|2024-11-29|11422
169|2024-12-02|15105
169|2024-12-03|12081
169|2024-12-04|12678
169|2024-12-05|11977
169|2024-12-06|8853
169|2024-12-09|12737
169|2024-12-10|12440
169|2024-12-11|11460
169|2024-12-12|11072
169|2024-12-13|8974
169|2024-12-16|11755
169|2024-12-17|10591
169|2024-12-18|10034
169|2024-12-19|10750
169|2024-12-20|8597
169|2024-12-23|11464
169|2024-12-24|6632
169|2024-12-26|10350
169|2024-12-27|8933
169|2024-12-30|12346
169|2025-01-02|14530
169|2025-01-03|9665
169|2025-01-06|13990
169|2025-01-07|11454
169|2025-01-08|10361
169|2025-01-09|10893
169|2025-01-10|9313
169|2025-01-13|12396
169|2025-01-14|11215
169|2025-01-15|10593
169|2025-01-16|11013
169|2025-01-17|8894
169|2025-01-20|12028
169|2025-01-21|10818
169|2025-01-22|10187
169|2025-01-23|10167
169|2025-01-24|8767
169|2025-01-27|11537
169|2025-01-28|10519
169|2025-01-29|9189
169|2025-01-30|11006
169|2025-01-31|11128
169|2025-02-03|16011
169|2025-02-04|12180
169|2025-02-05|11606
169|2025-02-06|11570
169|2025-02-07|5905
169|2025-02-10|12965
169|2025-02-11|10792
169|2025-02-12|6194
169|2025-02-13|9923
169|2025-02-14|8260
169|2025-02-17|11410
169|2025-02-18|10153
169|2025-02-19|9903
169|2025-02-20|9806
169|2025-02-21|8575
169|2025-02-24|12531
169|2025-02-25|7928
169|2025-02-26|10137
169|2025-02-27|10801
169|2025-02-28|8229
169|2025-03-03|15168
169|2025-03-04|12238
169|2025-03-05|12648
169|2025-03-06|11916
169|2025-03-07|10855
169|2025-03-10|14200
169|2025-03-11|12475
169|2025-03-12|11783
169|2025-03-13|11567
169|2025-03-14|9973
169|2025-03-17|14142
169|2025-03-18|11683
169|2025-03-19|11451
169|2025-03-20|11181
169|2025-03-21|9815
169|2025-03-24|13696
169|2025-03-25|11932
169|2025-03-26|10889
169|2025-03-27|11242
169|2025-03-28|10511
169|2025-03-31|14468
169|2025-04-01|11676
169|2025-04-02|11686
169|2025-04-03|10865
169|2025-04-04|9261
169|2025-04-07|4149
169|2025-04-08|10750
169|2025-04-09|11249
169|2025-04-10|10105
169|2025-04-11|9298
169|2025-04-14|12857
169|2025-04-15|6007
169|2025-04-16|10566
169|2025-04-17|10018
169|2025-04-21|12612
169|2025-04-22|10348
169|2025-04-23|10048
169|2025-04-24|10523
169|2025-04-25|9130
169|2025-04-28|12763
169|2025-04-29|11015
169|2025-04-30|10644
169|2025-05-02|11888
169|2025-05-05|14065
169|2025-05-06|11076
169|2025-05-07|10807
169|2025-05-08|10086
169|2025-05-09|8676
169|2025-05-12|17822
169|2025-05-13|10513
169|2025-05-14|10569
169|2025-05-15|13939
169|2025-05-16|8430
169|2025-05-19|12283
169|2025-05-20|10445
169|2025-05-22|12560
169|2025-05-23|9572
169|2025-05-26|13199
169|2025-05-27|11252
169|2025-05-28|10750
169|2025-05-29|11190
169|2025-05-30|10619
169|2025-06-02|15303
169|2025-06-03|11238
169|2025-06-04|11582
169|2025-06-05|11128
169|2025-06-06|9416
169|2025-06-09|13480
169|2025-06-10|10944
169|2025-06-11|10316
169|2025-06-12|10020
169|2025-06-13|8700
169|2025-06-16|12488
169|2025-06-17|10562
169|2025-06-18|10309
169|2025-06-19|10081
169|2025-06-23|13252
169|2025-06-24|10773
169|2025-06-25|10661
169|2025-06-26|10726
169|2025-06-27|9167
169|2025-06-30|13862
169|2025-07-01|10245
169|2025-07-02|10877
169|2025-07-03|10552
169|2025-07-04|8911
169|2025-07-07|15259
169|2025-07-08|11068
169|2025-07-09|10942
169|2025-07-10|10975
169|2025-07-11|8703
169|2025-07-14|12624
169|2025-07-15|10897
169|2025-07-17|13156
169|2025-07-18|9268
169|2025-07-21|12611
169|2025-07-22|10990
169|2025-07-23|10411
169|2025-07-24|9828
169|2025-07-25|8723
169|2025-07-28|12739
169|2025-07-29|9839
169|2025-07-30|9811
169|2025-07-31|11387
169|2025-08-01|11405
169|2025-08-04|27835
169|2025-08-05|14358
169|2025-08-06|13330
169|2025-08-07|11034
169|2025-08-08|9152
169|2025-08-11|13081
169|2025-08-12|12095
169|2025-08-13|10533
169|2025-08-14|9608
169|2025-08-18|12439
169|2025-08-19|9554
169|2025-08-20|9171
169|2025-08-21|9171
169|2025-08-22|8173
169|2025-08-25|12117
169|2025-08-26|9993
169|2025-08-27|9761
169|2025-08-28|10444
169|2025-08-29|9208
169|2025-09-01|14433
169|2025-09-02|10433
169|2025-09-03|9621
169|2025-09-04|9748
169|2025-09-05|8337
169|2025-09-08|13205
169|2025-09-09|10284
169|2025-09-10|9865
169|2025-09-11|9241
169|2025-09-12|7540
169|2025-09-15|11300
169|2025-09-16|9161
169|2025-09-17|6821
169|2025-09-22|11975
169|2025-09-23|9536
169|2025-09-24|9158
169|2025-09-25|8850
169|2025-09-26|7903
169|2025-09-29|11616
169|2025-09-30|9910
169|2025-10-01|9240
169|2025-10-02|8592
169|2025-10-03|7536
169|2025-10-06|11767
169|2025-10-07|9378
169|2025-10-08|9907
169|2025-10-09|9646
169|2025-10-10|7788
169|2025-10-13|12168
169|2025-10-14|10320
169|2025-10-15|9752
169|2025-10-16|9792
169|2025-10-17|7899
169|2025-10-20|10803
169|2025-10-21|10318
169|2025-10-22|9623
169|2025-10-23|9869
169|2025-10-24|8094
169|2025-10-27|11376
169|2025-10-28|9692
169|2025-10-29|9350
169|2025-10-30|9387
169|2025-11-03|13277
169|2025-11-04|9147
169|2025-11-05|8802
169|2025-11-06|8802
169|2025-11-07|7814
169|2025-11-10|11832
169|2025-11-11|9273
169|2025-11-12|8561
169|2025-11-13|8410
169|2025-11-14|7325
169|2025-11-17|9746
169|2025-11-18|8633
169|2025-11-19|8323
169|2025-11-20|8225
169|2025-11-21|7006
169|2025-11-24|10579
169|2025-11-25|8829
169|2025-11-26|9118
169|2025-11-27|8803
169|2025-11-28|8441
169|2025-12-01|11257
169|2025-12-02|8707
169|2025-12-03|8886
169|2025-12-04|8220
169|2025-12-05|8023
169|2025-12-09|12273
169|2025-12-10|9105
169|2025-12-11|8950
169|2025-12-12|7888
169|2025-12-15|10458
169|2025-12-16|9554
169|2025-12-17|9165
169|2025-12-18|8532
169|2025-12-19|7785
169|2025-12-22|10882
169|2025-12-23|8069
169|2025-12-24|5572
169|2025-12-26|7643
169|2025-12-29|11236
169|2025-12-30|8968
169|2026-01-02|11260
169|2026-01-05|11990
169|2026-01-06|9945
169|2026-01-07|9601
169|2026-01-08|9658
169|2026-01-09|8526
169|2026-01-12|11732
169|2026-01-13|10153
169|2026-01-14|10308
169|2026-01-15|9677
169|2026-01-16|8526
169|2026-01-19|10892
169|2026-01-20|10055
169|2026-01-21|9722
169|2026-01-22|9293
169|2026-01-23|8449
169|2026-01-26|11656
169|2026-01-27|9473
169|2026-01-28|10261
169|2026-01-29|9907
169|2026-01-30|8932
169|2026-02-02|12363
169|2026-02-03|9388
169|2026-02-04|9350
169|2026-02-05|9741
169|2026-02-06|8831
169|2026-02-09|11259
169|2026-02-10|8512
169|2026-02-11|9433
169|2026-02-12|9172
169|2026-02-13|7439
169|2026-02-16|10282
169|2026-02-17|9153
169|2026-02-18|9072
169|2026-02-19|8864
169|2026-02-20|7470
169|2026-02-23|10667
169|2026-02-24|6358
169|2026-02-25|9829
169|2026-02-26|9666
169|2026-02-27|8734
169|2026-03-02|12435
169|2026-03-03|12623
169|2026-03-04|11719
169|2026-03-05|9900
169|2026-03-06|9430
169|2026-03-09|12071
169|2026-03-10|11345
169|2026-03-11|11123
169|2026-03-12|9801
169|2026-03-13|8429
169|2026-03-16|11648
169|2026-03-17|9589
169|2026-03-18|10337
169|2026-03-19|10194
169|2026-03-20|7867
169|2026-03-23|11383
169|2026-03-24|10443
169|2026-03-25|10575
169|2026-03-26|9916
169|2026-03-27|7758
169|2026-03-30|12976
169|2026-03-31|10369
169|2026-04-01|9422
169|2026-04-02|9682
169|2026-04-06|13790
169|2026-04-07|10415
169|2026-04-08|9442
169|2026-04-09|9560
169|2026-04-10|8335
169|2026-04-13|2992
169|2026-04-14|3025
169|2026-04-15|2812
169|2026-04-16|9383
169|2026-04-17|8310
169|2026-04-20|11213
169|2026-04-21|9862
169|2026-04-22|9177
169|2026-04-23|9101
169|2026-04-24|8419
169|2026-04-27|11335
169|2026-04-28|9171
170|2023-09-28|29385
170|2023-09-29|32101
170|2023-10-02|49353
170|2023-10-03|76569
170|2023-10-04|27966
170|2023-10-05|28873
170|2023-10-06|27453
170|2023-10-10|41327
170|2023-10-11|28676
170|2023-10-12|26533
170|2023-10-13|25287
170|2023-10-16|36977
170|2023-10-17|25375
170|2023-10-18|121727
170|2023-10-19|24850
170|2023-10-20|28341
170|2023-10-23|37708
170|2023-10-24|26158
170|2023-10-25|33155
170|2023-10-26|25345
170|2023-10-30|40656
170|2023-10-31|91237
170|2023-11-03|31949
170|2023-11-04|29816
170|2023-11-06|34682
170|2023-11-08|32894
170|2023-11-09|32508
170|2023-11-10|36976
170|2023-11-11|36677
170|2023-11-13|56616
170|2023-11-14|46353
170|2023-11-15|58058
170|2023-11-16|56885
170|2023-11-17|23724
170|2023-11-20|61881
170|2023-11-21|58728
170|2023-11-22|63013
170|2023-11-23|49399
170|2023-11-24|33372
170|2023-11-27|34376
170|2023-11-28|26517
170|2023-11-29|27687
170|2023-11-30|95236
170|2023-12-01|29024
170|2023-12-04|36672
170|2023-12-05|26565
170|2023-12-06|240120
170|2023-12-07|40640
170|2023-12-11|32030
170|2023-12-12|24094
170|2023-12-13|24520
170|2023-12-14|24649
170|2023-12-15|23516
170|2023-12-18|26784
170|2023-12-19|22388
170|2023-12-20|22634
170|2023-12-21|26538
170|2023-12-22|20346
170|2023-12-26|27286
170|2023-12-27|19928
170|2024-12-28|22908
170|2024-12-29|24592
170|2024-01-02|33474
170|2024-01-03|26887
170|2024-01-04|21669
170|2024-01-05|76018
170|2024-01-08|26644
170|2024-01-09|22381
170|2024-01-10|20991
170|2024-01-11|19967
170|2024-01-12|18860
170|2024-01-15|24854
170|2024-01-16|57071
170|2024-01-17|22653
170|2024-01-18|21908
170|2024-01-19|19625
170|2024-01-22|24295
170|2024-01-23|21604
170|2024-01-24|19933
170|2024-01-25|20905
170|2024-01-26|26676
170|2024-01-29|74346
170|2024-01-30|22965
170|2024-01-31|89942
170|2024-02-01|28557
170|2024-02-02|27273
170|2024-02-05|68915
170|2024-02-06|19786
170|2024-02-07|61647
170|2024-02-08|60516
170|2024-02-09|20508
170|2024-02-12|67681
170|2024-02-13|21145
170|2024-02-14|74743
170|2024-02-15|18926
170|2024-02-16|66135
170|2024-02-19|67651
170|2024-02-20|20548
170|2024-02-21|80429
170|2024-02-22|18404
170|2024-02-23|69037
170|2024-02-26|72200
170|2024-02-27|21263
170|2024-02-28|21856
170|2024-02-29|78786
170|2024-03-01|26022
170|2024-03-04|26363
170|2024-03-05|30613
170|2024-03-06|22045
170|2024-03-07|23596
170|2024-03-08|20655
170|2024-03-11|27358
170|2024-03-12|24006
170|2024-03-13|23201
170|2024-03-14|20837
170|2024-03-15|20048
170|2024-03-18|24003
170|2024-03-19|22195
170|2024-03-20|36475
170|2024-03-21|21402
170|2024-03-22|23966
170|2024-03-25|25238
170|2024-03-26|22403
170|2024-03-27|22944
170|2024-03-28|24617
170|2024-04-01|39876
170|2024-04-02|21526
170|2024-04-03|20738
170|2024-04-04|24308
170|2024-04-05|26969
170|2024-04-08|28974
170|2024-04-09|70422
170|2024-04-10|60899
170|2024-04-11|19484
170|2024-04-12|18389
170|2024-04-15|23505
170|2024-04-16|21277
170|2024-04-17|25364
170|2024-04-18|19646
170|2024-04-19|18438
170|2024-04-22|23143
170|2024-04-23|19875
170|2024-04-24|25273
170|2024-04-25|18465
170|2024-04-26|19101
170|2024-04-29|25752
170|2024-04-30|61439
170|2024-05-02|29319
170|2024-05-03|20693
170|2024-05-06|21349711
170|2024-05-07|26954
170|2024-05-08|21276
170|2024-05-09|21982
170|2024-05-10|21047
170|2024-05-13|27271
170|2024-05-14|27091
170|2024-05-15|27476
170|2024-05-16|20838
170|2024-05-17|22194
170|2024-05-20|24880
170|2024-05-22|25126
170|2024-05-23|22207
170|2024-05-24|22964
170|2024-05-27|72222
170|2024-05-28|86529
170|2024-05-29|45721
170|2024-05-30|26029
170|2024-05-31|23891
170|2024-06-03|48690
170|2024-06-04|31992
170|2024-06-05|23854
170|2024-06-06|25409
170|2024-06-07|82937
170|2024-06-10|42522
170|2024-06-11|29405
170|2024-06-12|28569
170|2024-06-13|21658
170|2024-06-14|138896
170|2024-06-17|41253
170|2024-06-18|22880
170|2024-06-19|26024
170|2024-06-21|27539
170|2024-06-24|32025
170|2024-06-25|26970
170|2024-06-26|34066
170|2024-06-27|26580
170|2024-06-28|26359
170|2024-07-01|41215
170|2024-07-02|28788
170|2024-07-03|30161
170|2024-07-04|27370
170|2024-07-05|32384
170|2024-07-08|36463
170|2024-07-09|23855
170|2024-07-10|26129
170|2024-07-11|28025
170|2024-07-12|24793
170|2024-07-15|30699
170|2024-07-17|27250
170|2024-07-18|24326
170|2024-07-19|23235
170|2024-07-22|30632
170|2024-07-23|24969
170|2024-07-24|42311
170|2024-07-25|62253
170|2024-07-26|89415
170|2024-07-29|35843
170|2024-07-30|40758
170|2024-07-31|28946
170|2024-08-01|31872
170|2024-08-02|27641
170|2024-08-05|42813
170|2024-08-06|33746
170|2024-08-07|24250
170|2024-08-08|25847
170|2024-08-09|26537
170|2024-08-12|37390
170|2024-08-13|23692
170|2024-08-14|22202
170|2024-08-16|30337
170|2024-08-19|31756
170|2024-08-20|23643
170|2024-08-21|24778
170|2024-08-22|34997
170|2024-08-23|25422
170|2024-08-26|36192
170|2024-08-27|26103
170|2024-08-28|29582
170|2024-08-29|28472
170|2024-08-30|31233
170|2024-09-02|50031
170|2024-09-03|31840
170|2024-09-04|33560
170|2024-09-05|28071
170|2024-09-06|24401
170|2024-09-09|35275
170|2024-09-10|25823
170|2024-09-11|168059
170|2024-09-12|32232
170|2024-09-13|20918
170|2024-09-16|30453
170|2024-09-17|21506
170|2024-09-23|37181
170|2024-09-24|33920
170|2024-09-25|25021
170|2024-09-26|24546
170|2024-09-27|27713
170|2024-09-30|37294
170|2024-10-01|34259
170|2024-10-02|26801
170|2024-10-03|23356
170|2024-10-04|27166
170|2024-10-07|33938
170|2024-10-08|288406
170|2024-10-09|100057
170|2024-10-10|25804
170|2024-10-11|22834
170|2024-10-14|39534
170|2024-10-15|46616
170|2024-10-16|24468
170|2024-10-17|25211
170|2024-10-18|18561
170|2024-10-21|25432
170|2024-10-22|22101
170|2024-10-23|20911
170|2024-10-24|40194
170|2024-10-25|23575
170|2024-10-28|32796
170|2024-10-29|28992
170|2024-10-30|29157
170|2024-11-04|46204
170|2024-11-05|33151
170|2024-11-06|25197
170|2024-11-07|25416
170|2024-11-08|25322
170|2024-11-11|31756
170|2024-11-12|25168
170|2024-11-13|25185
170|2024-11-14|23345
170|2024-11-15|25360
170|2024-11-18|30820
170|2024-11-19|23429
170|2024-11-20|24917
170|2024-11-21|22651
170|2024-11-22|36163
170|2024-11-25|39052
170|2024-11-26|27649
170|2024-11-27|25646
170|2024-11-28|25546
170|2024-11-29|27427
170|2024-12-02|37493
170|2024-12-03|25438
170|2024-12-04|26878
170|2024-12-05|23988
170|2024-12-06|25121
170|2024-12-09|32235
170|2024-12-10|24804
170|2024-12-11|22062
170|2024-12-12|22424
170|2024-12-13|20806
170|2024-12-16|30277
170|2024-12-17|20848
170|2024-12-18|19474
170|2024-12-19|20627
170|2024-12-20|20445
170|2024-12-23|27257
170|2024-12-24|34943
170|2024-12-26|23853
170|2024-12-27|25417
170|2024-12-30|32635
170|2025-01-02|4800
170|2025-01-03|74346
170|2025-01-06|33525
170|2025-01-07|1997
170|2025-01-08|34515
170|2025-01-09|21757
170|2025-01-10|20599
170|2025-01-13|27948
170|2025-01-14|20905
170|2025-01-15|20036
170|2025-01-16|25202
170|2025-01-17|18822
170|2025-01-20|31967
170|2025-01-21|21208
170|2025-01-22|20188
170|2025-01-23|28808
170|2025-01-24|20635
170|2025-01-27|24592
170|2025-01-28|20730
170|2025-01-29|19333
170|2025-01-30|23813
170|2025-01-31|25557
170|2025-02-03|44882
170|2025-02-04|26595
170|2025-02-05|21824
170|2025-02-06|22375
170|2025-02-07|21566
170|2025-02-10|28793
170|2025-02-11|20552
170|2025-02-12|19403
170|2025-02-13|26625
170|2025-02-14|21768
170|2025-02-17|26120
170|2025-02-18|21380
170|2025-02-19|19860
170|2025-02-20|21186
170|2025-02-21|19597
170|2025-02-24|28825
170|2025-02-25|26905
170|2025-02-26|20777
170|2025-02-27|23534
170|2025-02-28|20117
170|2025-03-03|38079
170|2025-03-04|24719
170|2025-03-05|25388
170|2025-03-06|24753
170|2025-03-07|26972
170|2025-03-10|33912
170|2025-03-11|25430
170|2025-03-12|21742
170|2025-03-13|25155
170|2025-03-14|27147
170|2025-03-17|30372
170|2025-03-18|22991
170|2025-03-19|22930
170|2025-03-20|23288
170|2025-03-21|21174
170|2025-03-24|36994
170|2025-03-25|22131
170|2025-03-26|95082
170|2025-03-27|24582
170|2025-03-28|24176
170|2025-03-31|36261
170|2025-04-01|29158
170|2025-04-02|23278
170|2025-04-03|22762
170|2025-04-04|25266
170|2025-04-07|23823
170|2025-04-08|25255
170|2025-04-09|21171
170|2025-04-10|21011
170|2025-04-11|17685
170|2025-04-14|39477
170|2025-04-15|19932
170|2025-04-16|25038
170|2025-04-17|21924
170|2025-04-21|32494
170|2025-04-22|20268
170|2025-04-23|31049
170|2025-04-24|20151
170|2025-04-25|22797
170|2025-04-28|30808
170|2025-04-29|24455
170|2025-04-30|27283
170|2025-05-02|32458
170|2025-05-05|32187
170|2025-05-06|28848
170|2025-05-07|27876
170|2025-05-08|24521
170|2025-05-09|25619
170|2025-05-12|29913
170|2025-05-13|22903
170|2025-05-14|28227
170|2025-05-15|23190
170|2025-05-16|139190
170|2025-05-19|39317
170|2025-05-20|23483
170|2025-05-22|30471
170|2025-05-23|24921
170|2025-05-26|30648
170|2025-05-27|25728
170|2025-05-28|23847
170|2025-05-29|23051
170|2025-05-30|25139
170|2025-06-02|35933
170|2025-06-03|20559
170|2025-06-04|24439
170|2025-06-05|23444
170|2025-06-06|26532
170|2025-06-09|31868
170|2025-06-10|24153
170|2025-06-11|21639
170|2025-06-12|21032
170|2025-06-13|26179
170|2025-06-16|29943
170|2025-06-17|20234
170|2025-06-18|19142
170|2025-06-19|21319
170|2025-06-23|29713
170|2025-06-24|28905
170|2025-06-25|23373
170|2025-06-26|22540
170|2025-06-27|22581
170|2025-06-30|33910
170|2025-07-01|26479
170|2025-07-02|23607
170|2025-07-03|22043
170|2025-07-04|20395
170|2025-07-07|34509
170|2025-07-08|25252
170|2025-07-09|21392
170|2025-07-10|20031
170|2025-07-11|50150
170|2025-07-14|30615
170|2025-07-15|19634
170|2025-07-17|26010
170|2025-07-18|47030
170|2025-07-21|31988
170|2025-07-22|19949
170|2025-07-23|22569
170|2025-07-24|20806
170|2025-07-25|18424
170|2025-07-28|29427
170|2025-07-29|20488
170|2025-07-30|23502
170|2025-07-31|24160
170|2025-08-01|25168
170|2025-08-04|31453
170|2025-08-05|21122
170|2025-08-06|21232
170|2025-08-07|20784
170|2025-08-08|21816
170|2025-08-11|29369
170|2025-08-12|27847
170|2025-08-13|22566
170|2025-08-14|21933
170|2025-08-18|32261
170|2025-08-19|26252
170|2025-08-20|20224
170|2025-08-21|20519
170|2025-08-22|23164
170|2025-08-25|30761
170|2025-08-26|23655
170|2025-08-27|22437
170|2025-08-28|23087
170|2025-08-29|23709
170|2025-09-01|36183
170|2025-09-02|21861
170|2025-09-03|20959
170|2025-09-04|20219
170|2025-09-05|24666
170|2025-09-08|30438
170|2025-09-09|20805
170|2025-09-10|20746
170|2025-09-11|6529
170|2025-09-12|133361
170|2025-09-15|26118
170|2025-09-16|28167
170|2025-09-17|14304
170|2025-09-22|32042
170|2025-09-23|18991
170|2025-09-24|20371
170|2025-09-25|19740
170|2025-09-26|27796
170|2025-09-29|26759
170|2025-09-30|24250
170|2025-10-01|24560
170|2025-10-02|19435
170|2025-10-03|17697
170|2025-10-06|26124
170|2025-10-07|21916
170|2025-10-08|20576
170|2025-10-09|19650
170|2025-10-10|55133
170|2025-10-13|25603
170|2025-10-14|19427
170|2025-10-15|19615
170|2025-10-16|141717
170|2025-10-17|27084
170|2025-10-20|23707
170|2025-10-21|113609
170|2025-10-22|20135
170|2025-10-23|18663
170|2025-10-24|27159
170|2025-10-27|23907
170|2025-10-28|22860
170|2025-10-29|21277
170|2025-10-30|22113
170|2025-11-03|51894
170|2025-11-04|22899
170|2025-11-05|20470
170|2025-11-06|19328
170|2025-11-07|18240
170|2025-11-10|24687
170|2025-11-11|20501
170|2025-11-12|44542
170|2025-11-13|16862
170|2025-11-14|16293
170|2025-11-17|26043
170|2025-11-18|17781
170|2025-11-19|16677
170|2025-11-20|16709
170|2025-11-21|17278
170|2025-11-24|21103
170|2025-11-25|18302
170|2025-11-26|26157
170|2025-11-27|20657
170|2025-11-28|21045
170|2025-12-01|29021
170|2025-12-02|17954
170|2025-12-03|20164
170|2025-12-04|18127
170|2025-12-05|20375
170|2025-12-09|27981
170|2025-12-10|38813
170|2025-12-11|17027
170|2025-12-12|17439
170|2025-12-15|90234
170|2025-12-16|17077
170|2025-12-17|18207
170|2025-12-18|18065
170|2025-12-19|18391
170|2025-12-22|25478
170|2025-12-23|18500
170|2025-12-24|39457
170|2025-12-26|19801
170|2025-12-29|25667
170|2025-12-30|22789
170|2026-01-02|54144
170|2026-01-05|26886
170|2026-01-06|20567
170|2026-01-07|19184
170|2026-01-08|34776
170|2026-01-09|19904
170|2026-01-12|24673
170|2026-01-13|19156
170|2026-01-14|18140
170|2026-01-15|18916
170|2026-01-16|24751
170|2026-01-19|22535
170|2026-01-20|18566
170|2026-01-21|18875
170|2026-01-22|16837
170|2026-01-23|17728
170|2026-01-26|26000
170|2026-01-27|18986
170|2026-01-28|19931
170|2026-01-29|21053
170|2026-01-30|20681
170|2026-02-02|30315
170|2026-02-03|21347
170|2026-02-04|20437
170|2026-02-05|20240
170|2026-02-06|17705
170|2026-02-09|23197
170|2026-02-10|25301
170|2026-02-11|25510
170|2026-02-12|18402
170|2026-02-13|20729
170|2026-02-16|22237
170|2026-02-17|18162
170|2026-02-18|17916
170|2026-02-19|21408
170|2026-02-20|20001
170|2026-02-23|25035
170|2026-02-24|16034
170|2026-02-25|20448
170|2026-02-26|19949
170|2026-02-27|21604
170|2026-03-02|30250
170|2026-03-03|21160
170|2026-03-04|19723
170|2026-03-05|19285
170|2026-03-06|22418
170|2026-03-09|34415
170|2026-03-10|21553
170|2026-03-11|19777
170|2026-03-12|17944
170|2026-03-13|18020
170|2026-03-16|24471
170|2026-03-17|31081
170|2026-03-18|20640
170|2026-03-19|18406
170|2026-03-20|17241
170|2026-03-23|22868
170|2026-03-24|23171
170|2026-03-25|21029
170|2026-03-26|18702
170|2026-03-27|18273
170|2026-03-30|28849
170|2026-03-31|25248
170|2026-04-01|24173
170|2026-04-02|19464
170|2026-04-06|34381
170|2026-04-07|21823
170|2026-04-08|19141
170|2026-04-09|27750
170|2026-04-10|20088
170|2026-04-13|18654
170|2026-04-14|17447
170|2026-04-15|18922
170|2026-04-16|18307
170|2026-04-17|17893
170|2026-04-20|35454
170|2026-04-21|17961
170|2026-04-22|17920
170|2026-04-23|18400
170|2026-04-24|20173
170|2026-04-27|30528
170|2026-04-28|20156
171|2023-09-28|4810
171|2023-09-29|4085
171|2023-10-02|6003
171|2023-10-03|17298
171|2023-10-04|4904
171|2023-10-05|4249
171|2023-10-06|4163
171|2023-10-10|6851
171|2023-10-11|5987
171|2023-10-12|5763
171|2023-10-13|4988
171|2023-10-16|9298
171|2023-10-17|5418
171|2023-10-18|6698
171|2023-10-19|6021
171|2023-10-20|6449
171|2023-10-23|11239
171|2023-10-24|5780
171|2023-10-25|6473
171|2023-10-26|4872
171|2023-10-30|9451
171|2023-10-31|4529
171|2023-11-03|5568
171|2023-11-04|4901
171|2023-11-06|7574
171|2023-11-08|5551
171|2023-11-09|5401
171|2023-11-10|5121
171|2023-11-11|5985
171|2023-11-13|10443
171|2023-11-14|5046
171|2023-11-15|5364
171|2023-11-16|5576
171|2023-11-17|6124
171|2023-11-20|8323
171|2023-11-21|5102
171|2023-11-22|6630
171|2023-11-23|6023
171|2023-11-24|6729
171|2023-11-27|12468
171|2023-11-28|6279
171|2023-11-29|5758
171|2023-11-30|5881
171|2023-12-01|5527
171|2023-12-04|8065
171|2023-12-05|4904
171|2023-12-06|4541
171|2023-12-07|5037
171|2023-12-11|7349
171|2023-12-12|4792
171|2023-12-13|7378
171|2023-12-14|4277
171|2023-12-15|5003
171|2023-12-18|6314
171|2023-12-19|4119
171|2023-12-20|4207
171|2023-12-21|3777
171|2023-12-22|3400
171|2023-12-26|4687
171|2023-12-27|2870
171|2024-12-28|3418
171|2024-12-29|3044
171|2024-01-02|5673
171|2024-01-03|3596
171|2024-01-04|4221
171|2024-01-05|3843
171|2024-01-08|5921
171|2024-01-09|4345
171|2024-01-10|4022
171|2024-01-11|4259
171|2024-01-12|3646
171|2024-01-15|5064
171|2024-01-16|20096
171|2024-01-17|3908
171|2024-01-18|4844
171|2024-01-19|3711
171|2024-01-22|1315
171|2024-01-23|4860
171|2024-01-24|4552
171|2024-01-25|4440
171|2024-01-26|3620
171|2024-01-29|6617
171|2024-01-30|4216
171|2024-01-31|3957
171|2024-02-01|3933
171|2024-02-02|4158
171|2024-02-05|5400
171|2024-02-06|4184
171|2024-02-07|4545
171|2024-02-08|4279
171|2024-02-09|3713
171|2024-02-12|5448
171|2024-02-13|4800
171|2024-02-14|3626
171|2024-02-15|3606
171|2024-02-16|3508
171|2024-02-19|4965
171|2024-02-20|4131
171|2024-02-21|3841
171|2024-02-22|3942
171|2024-02-23|3475
171|2024-02-26|6016
171|2024-02-27|4373
171|2024-02-28|4105
171|2024-02-29|4148
171|2024-03-01|3942
171|2024-03-04|6425
171|2024-03-05|5398
171|2024-03-06|4684
171|2024-03-07|5602
171|2024-03-08|3993
171|2024-03-11|6110
171|2024-03-12|5729
171|2024-03-13|5750
171|2024-03-14|4577
171|2024-03-15|3730
171|2024-03-18|5335
171|2024-03-19|4450
171|2024-03-20|13277
171|2024-03-21|5218
171|2024-03-22|8464
171|2024-03-25|5422
171|2024-03-26|4743
171|2024-03-27|4698
171|2024-03-28|4361
171|2024-04-01|7326
171|2024-04-02|3948
171|2024-04-03|4264
171|2024-04-04|4501
171|2024-04-05|3717
171|2024-04-08|8595
171|2024-04-09|4006
171|2024-04-10|3830
171|2024-04-11|4092
171|2024-04-12|3544
171|2024-04-15|5063
171|2024-04-16|4551
171|2024-04-17|5127
171|2024-04-18|4104
171|2024-04-19|3604
171|2024-04-22|5245
171|2024-04-23|3764
171|2024-04-24|4198
171|2024-04-25|3690
171|2024-04-26|3432
171|2024-04-29|5643
171|2024-04-30|3795
171|2024-05-02|5119
171|2024-05-03|3642
171|2024-05-06|5497
171|2024-05-07|4157
171|2024-05-08|4335
171|2024-05-09|3815
171|2024-05-10|3700
171|2024-05-13|4732
171|2024-05-14|7845
171|2024-05-15|8510
171|2024-05-16|4122
171|2024-05-17|3539
171|2024-05-20|5389
171|2024-05-22|5040
171|2024-05-23|4735
171|2024-05-24|3492
171|2024-05-27|6117
171|2024-05-28|4643
171|2024-05-29|4445
171|2024-05-30|4446
171|2024-05-31|4211
171|2024-06-03|6722
171|2024-06-04|4916
171|2024-06-05|4843
171|2024-06-06|4546
171|2024-06-07|52962
171|2024-06-10|10346
171|2024-06-11|7551
171|2024-06-12|6515
171|2024-06-13|6439
171|2024-06-14|5040
171|2024-06-17|11914
171|2024-06-18|5774
171|2024-06-19|5513
171|2024-06-21|7366
171|2024-06-24|8565
171|2024-06-25|9270
171|2024-06-26|5585
171|2024-06-27|5477
171|2024-06-28|5616
171|2024-07-01|9236
171|2024-07-02|6293
171|2024-07-03|5901
171|2024-07-04|5802
171|2024-07-05|4627
171|2024-07-08|8160
171|2024-07-09|5943
171|2024-07-10|5170
171|2024-07-11|6811
171|2024-07-12|4556
171|2024-07-15|6130
171|2024-07-17|6863
171|2024-07-18|5362
171|2024-07-19|4868
171|2024-07-22|8533
171|2024-07-23|5334
171|2024-07-24|6456
171|2024-07-25|6148
171|2024-07-26|5824
171|2024-07-29|10627
171|2024-07-30|7203
171|2024-07-31|6830
171|2024-08-01|6478
171|2024-08-02|6050
171|2024-08-05|9441
171|2024-08-06|7111
171|2024-08-07|6069
171|2024-08-08|6712
171|2024-08-09|5576
171|2024-08-12|8928
171|2024-08-13|5718
171|2024-08-14|5356
171|2024-08-16|7091
171|2024-08-19|8681
171|2024-08-20|5342
171|2024-08-21|5377
171|2024-08-22|6146
171|2024-08-23|5919
171|2024-08-26|9259
171|2024-08-27|6660
171|2024-08-28|6626
171|2024-08-29|6546
171|2024-08-30|5505
171|2024-09-02|9026
171|2024-09-03|6802
171|2024-09-04|5982
171|2024-09-05|6146
171|2024-09-06|5395
171|2024-09-09|8863
171|2024-09-10|6065
171|2024-09-11|5917
171|2024-09-12|5339
171|2024-09-13|4030
171|2024-09-16|7700
171|2024-09-17|4084
171|2024-09-23|10873
171|2024-09-24|5699
171|2024-09-25|5631
171|2024-09-26|5764
171|2024-09-27|6670
171|2024-09-30|9281
171|2024-10-01|6138
171|2024-10-02|5424
171|2024-10-03|5444
171|2024-10-04|4111
171|2024-10-07|8359
171|2024-10-08|5019
171|2024-10-09|5191
171|2024-10-10|5197
171|2024-10-11|3986
171|2024-10-14|7734
171|2024-10-15|4735
171|2024-10-16|4977
171|2024-10-17|5516
171|2024-10-18|3917
171|2024-10-21|5895
171|2024-10-22|4516
171|2024-10-23|4249
171|2024-10-24|5983
171|2024-10-25|5077
171|2024-10-28|7953
171|2024-10-29|5562
171|2024-10-30|5880
171|2024-11-04|9726
171|2024-11-05|5047
171|2024-11-06|5103
171|2024-11-07|5080
171|2024-11-08|5645
171|2024-11-11|7944
171|2024-11-12|6047
171|2024-11-13|5670
171|2024-11-14|5168
171|2024-11-15|4953
171|2024-11-18|8452
171|2024-11-19|5241
171|2024-11-20|5217
171|2024-11-21|5117
171|2024-11-22|4815
171|2024-11-25|9446
171|2024-11-26|6090
171|2024-11-27|5938
171|2024-11-28|5312
171|2024-11-29|4561
171|2024-12-02|7769
171|2024-12-03|4978
171|2024-12-04|4820
171|2024-12-05|4716
171|2024-12-06|4000
171|2024-12-09|6837
171|2024-12-10|4468
171|2024-12-11|4401
171|2024-12-12|5062
171|2024-12-13|3941
171|2024-12-16|6824
171|2024-12-17|3910
171|2024-12-18|3960
171|2024-12-19|4350
171|2024-12-20|3730
171|2024-12-23|5992
171|2024-12-24|2882
171|2024-12-26|5050
171|2024-12-27|4236
171|2024-12-30|7038
171|2025-01-02|698
171|2025-01-03|4743
171|2025-01-06|7209
171|2025-01-07|4928
171|2025-01-08|4462
171|2025-01-09|4629
171|2025-01-10|3900
171|2025-01-13|6871
171|2025-01-14|4478
171|2025-01-15|4420
171|2025-01-16|4911
171|2025-01-17|4032
171|2025-01-20|6860
171|2025-01-21|4846
171|2025-01-22|4624
171|2025-01-23|4684
171|2025-01-24|4119
171|2025-01-27|6457
171|2025-01-28|4409
171|2025-01-29|3707
171|2025-01-30|5356
171|2025-01-31|6053
171|2025-02-03|10031
171|2025-02-04|5528
171|2025-02-05|5288
171|2025-02-06|5078
171|2025-02-07|4619
171|2025-02-10|7517
171|2025-02-11|4770
171|2025-02-12|4357
171|2025-02-13|4360
171|2025-02-14|4061
171|2025-02-17|7082
171|2025-02-18|5068
171|2025-02-19|4578
171|2025-02-20|5300
171|2025-02-21|4436
171|2025-02-24|8738
171|2025-02-25|3463
171|2025-02-26|5040
171|2025-02-27|5435
171|2025-02-28|3161
171|2025-03-03|9893
171|2025-03-04|6393
171|2025-03-05|6531
171|2025-03-06|6212
171|2025-03-07|5538
171|2025-03-10|8442
171|2025-03-11|6163
171|2025-03-12|5086
171|2025-03-13|5216
171|2025-03-14|4848
171|2025-03-17|8334
171|2025-03-18|5425
171|2025-03-19|5724
171|2025-03-20|5594
171|2025-03-21|4490
171|2025-03-24|8447
171|2025-03-25|5210
171|2025-03-26|4835
171|2025-03-27|5947
171|2025-03-28|4876
171|2025-03-31|9217
171|2025-04-01|6507
171|2025-04-02|5594
171|2025-04-03|5284
171|2025-04-04|4308
171|2025-04-07|7562
171|2025-04-08|4536
171|2025-04-09|4682
171|2025-04-10|4391
171|2025-04-11|4321
171|2025-04-14|6794
171|2025-04-15|4706
171|2025-04-16|6018
171|2025-04-17|4489
171|2025-04-21|9071
171|2025-04-22|4155
171|2025-04-23|4842
171|2025-04-24|4066
171|2025-04-25|4343
171|2025-04-28|8228
171|2025-04-29|5656
171|2025-04-30|5351
171|2025-05-02|6306
171|2025-05-05|8191
171|2025-05-06|5763
171|2025-05-07|6064
171|2025-05-08|5938
171|2025-05-09|4149
171|2025-05-12|6603
171|2025-05-13|4884
171|2025-05-14|10131
171|2025-05-15|5213
171|2025-05-16|5009
171|2025-05-19|7645
171|2025-05-20|5658
171|2025-05-22|7739
171|2025-05-23|4850
171|2025-05-26|7976
171|2025-05-27|6517
171|2025-05-28|5589
171|2025-05-29|4595
171|2025-05-30|4402
171|2025-06-02|7745
171|2025-06-03|4435
171|2025-06-04|5018
171|2025-06-05|5445
171|2025-06-06|4059
171|2025-06-09|7607
171|2025-06-10|5472
171|2025-06-11|4388
171|2025-06-12|4782
171|2025-06-13|4504
171|2025-06-16|7098
171|2025-06-17|4612
171|2025-06-18|4392
171|2025-06-19|4847
171|2025-06-23|7851
171|2025-06-24|4658
171|2025-06-25|5735
171|2025-06-26|5306
171|2025-06-27|4572
171|2025-06-30|7650
171|2025-07-01|4539
171|2025-07-02|4842
171|2025-07-03|4884
171|2025-07-04|3990
171|2025-07-07|7084
171|2025-07-08|5008
171|2025-07-09|4571
171|2025-07-10|4486
171|2025-07-11|3703
171|2025-07-14|6930
171|2025-07-15|4021
171|2025-07-17|7564
171|2025-07-18|3813
171|2025-07-21|7452
171|2025-07-22|4516
171|2025-07-23|5518
171|2025-07-24|5083
171|2025-07-25|3844
171|2025-07-28|7813
171|2025-07-29|4444
171|2025-07-30|4851
171|2025-07-31|4560
171|2025-08-01|4015
171|2025-08-04|6690
171|2025-08-05|4437
171|2025-08-06|4968
171|2025-08-07|4537
171|2025-08-08|3919
171|2025-08-11|6338
171|2025-08-12|5786
171|2025-08-13|4975
171|2025-08-14|4604
171|2025-08-18|9242
171|2025-08-19|4473
171|2025-08-20|4650
171|2025-08-21|4692
171|2025-08-22|4426
171|2025-08-25|8239
171|2025-08-26|5065
171|2025-08-27|4605
171|2025-08-28|4882
171|2025-08-29|4324
171|2025-09-01|8309
171|2025-09-02|4690
171|2025-09-03|4632
171|2025-09-04|4365
171|2025-09-05|3736
171|2025-09-08|6983
171|2025-09-09|4334
171|2025-09-10|4250
171|2025-09-11|33
171|2025-09-12|3724
171|2025-09-15|6628
171|2025-09-16|4874
171|2025-09-17|3299
171|2025-09-22|8113
171|2025-09-23|4396
171|2025-09-24|4577
171|2025-09-25|4624
171|2025-09-26|4022
171|2025-09-29|6994
171|2025-09-30|4928
171|2025-10-01|4285
171|2025-10-02|4294
171|2025-10-03|3824
171|2025-10-06|6798
171|2025-10-07|4443
171|2025-10-08|4551
171|2025-10-09|4381
171|2025-10-10|3846
171|2025-10-13|6878
171|2025-10-14|4600
171|2025-10-15|4642
171|2025-10-16|4685
171|2025-10-17|3800
171|2025-10-20|7311
171|2025-10-21|4408
171|2025-10-22|3864
171|2025-10-23|4109
171|2025-10-24|3472
171|2025-10-27|6695
171|2025-10-28|4330
171|2025-10-29|4209
171|2025-10-30|3773
171|2025-11-03|7738
171|2025-11-04|3904
171|2025-11-05|3705
171|2025-11-06|3932
171|2025-11-07|3833
171|2025-11-10|6671
171|2025-11-11|4195
171|2025-11-12|4077
171|2025-11-13|3751
171|2025-11-14|3428
171|2025-11-17|5826
171|2025-11-18|3752
171|2025-11-19|3708
171|2025-11-20|3691
171|2025-11-21|3295
171|2025-11-24|5364
171|2025-11-25|3779
171|2025-11-26|7828
171|2025-11-27|4404
171|2025-11-28|4137
171|2025-12-01|6432
171|2025-12-02|3913
171|2025-12-03|4054
171|2025-12-04|3870
171|2025-12-05|3403
171|2025-12-09|7552
171|2025-12-10|3899
171|2025-12-11|3617
171|2025-12-12|3910
171|2025-12-15|36758
171|2025-12-16|3888
171|2025-12-17|3752
171|2025-12-18|3740
171|2025-12-19|4048
171|2025-12-22|7073
171|2025-12-23|3398
171|2025-12-24|2483
171|2025-12-26|4759
171|2025-12-29|6071
171|2025-12-30|3985
171|2026-01-02|5629
171|2026-01-05|6018
171|2026-01-06|4282
171|2026-01-07|4476
171|2026-01-08|4985
171|2026-01-09|4211
171|2026-01-12|6543
171|2026-01-13|4912
171|2026-01-14|4591
171|2026-01-15|4916
171|2026-01-16|4299
171|2026-01-19|6780
171|2026-01-20|4764
171|2026-01-21|4666
171|2026-01-22|4247
171|2026-01-23|4107
171|2026-01-26|6635
171|2026-01-27|4391
171|2026-01-28|4984
171|2026-01-29|4638
171|2026-01-30|3960
171|2026-02-02|7135
171|2026-02-03|4364
171|2026-02-04|4359
171|2026-02-05|4554
171|2026-02-06|4130
171|2026-02-09|5966
171|2026-02-10|3705
171|2026-02-11|4637
171|2026-02-12|4002
171|2026-02-13|3872
171|2026-02-16|5907
171|2026-02-17|3911
171|2026-02-18|4307
171|2026-02-19|4034
171|2026-02-20|3427
171|2026-02-23|5613
171|2026-02-24|3980
171|2026-02-25|4402
171|2026-02-26|4670
171|2026-02-27|4527
171|2026-03-02|7311
171|2026-03-03|6257
171|2026-03-04|5957
171|2026-03-05|5243
171|2026-03-06|3942
171|2026-03-09|6908
171|2026-03-10|5229
171|2026-03-11|5043
171|2026-03-12|4606
171|2026-03-13|3880
171|2026-03-16|6950
171|2026-03-17|4487
171|2026-03-18|5015
171|2026-03-19|4600
171|2026-03-20|3552
171|2026-03-23|6664
171|2026-03-24|4876
171|2026-03-25|5023
171|2026-03-26|4782
171|2026-03-27|3663
171|2026-03-30|7530
171|2026-03-31|4813
171|2026-04-01|4307
171|2026-04-02|4203
171|2026-04-06|8088
171|2026-04-07|4807
171|2026-04-08|4610
171|2026-04-09|4323
171|2026-04-10|3870
171|2026-04-13|6666
171|2026-04-14|3909
171|2026-04-15|3808
171|2026-04-16|4282
171|2026-04-17|4008
171|2026-04-20|6254
171|2026-04-21|4570
171|2026-04-22|4694
171|2026-04-23|4469
171|2026-04-24|3898
171|2026-04-27|6593
171|2026-04-28|4386
172|2023-09-28|6419
172|2023-09-29|6342
172|2023-10-02|6402
172|2023-10-03|8552
172|2023-10-04|7655
172|2023-10-05|7047
172|2023-10-06|6427
172|2023-10-10|8612
172|2023-10-11|7909
172|2023-10-12|8281
172|2023-10-13|6352
172|2023-10-16|7709
172|2023-10-17|9922
172|2023-10-18|8548
172|2023-10-19|8555
172|2023-10-20|8589
172|2023-10-23|8105
172|2023-10-24|10435
172|2023-10-25|9289
172|2023-10-26|7381
172|2023-10-30|7255
172|2023-10-31|8834
172|2023-11-03|6359
172|2023-11-04|6830
172|2023-11-06|7641
172|2023-11-08|17113
172|2023-11-09|20152
172|2023-11-10|26873
172|2023-11-11|25054
172|2023-11-13|38888
172|2023-11-14|39392
172|2023-11-15|54928
172|2023-11-16|49481
172|2023-11-17|7893
172|2023-11-20|47193
172|2023-11-21|55489
172|2023-11-22|51618
172|2023-11-23|37805
172|2023-11-24|7878
172|2023-11-27|9067
172|2023-11-28|9161
172|2023-11-29|10111
172|2023-11-30|8189
172|2023-12-01|8054
172|2023-12-04|5291
172|2023-12-05|9911
172|2023-12-06|16104
172|2023-12-07|36769
172|2023-12-11|8697
172|2023-12-12|8765
172|2023-12-13|7124
172|2023-12-14|11669
172|2023-12-15|6013
172|2023-12-18|7259
172|2023-12-19|8801
172|2023-12-20|7899
172|2023-12-21|18322
172|2023-12-22|5623
172|2023-12-26|6931
172|2023-12-27|5082
172|2024-12-28|6075
172|2024-12-29|5360
172|2024-01-02|5122
172|2024-01-03|16286
172|2024-01-04|6776
172|2024-01-05|112244
172|2024-01-08|7029
172|2024-01-09|8669
172|2024-01-10|6348
172|2024-01-11|6282
172|2024-01-12|6067
172|2024-01-15|6189
172|2024-01-16|7939
172|2024-01-17|6113
172|2024-01-18|7268
172|2024-01-19|6359
172|2024-01-22|2634
172|2024-01-23|8961
172|2024-01-24|7054
172|2024-01-25|6320
172|2024-01-26|10296
172|2024-01-29|58306
172|2024-01-30|8738
172|2024-01-31|6130
172|2024-02-01|6439
172|2024-02-02|15245
172|2024-02-05|65794
172|2024-02-06|7979
172|2024-02-07|56521
172|2024-02-08|58544
172|2024-02-09|6696
172|2024-02-12|62289
172|2024-02-13|9067
172|2024-02-14|79222
172|2024-02-15|5823
172|2024-02-16|59919
172|2024-02-19|53769
172|2024-02-20|9056
172|2024-02-21|60811
172|2024-02-22|6633
172|2024-02-23|61489
172|2024-02-26|46855
172|2024-02-27|9052
172|2024-02-28|6710
172|2024-02-29|6809
172|2024-03-01|5998
172|2024-03-04|6229
172|2024-03-05|18536
172|2024-03-06|6862
172|2024-03-07|8181
172|2024-03-08|7041
172|2024-03-11|7955
172|2024-03-12|10741
172|2024-03-13|8266
172|2024-03-14|7224
172|2024-03-15|6277
172|2024-03-18|6904
172|2024-03-19|9664
172|2024-03-20|7851
172|2024-03-21|7679
172|2024-03-22|6404
172|2024-03-25|6818
172|2024-03-26|9325
172|2024-03-27|7023
172|2024-03-28|6482
172|2024-04-01|6748
172|2024-04-02|8494
172|2024-04-03|6546
172|2024-04-04|11720
172|2024-04-05|14003
172|2024-04-08|6374
172|2024-04-09|70199
172|2024-04-10|67006
172|2024-04-11|6275
172|2024-04-12|5943
172|2024-04-15|5940
172|2024-04-16|10176
172|2024-04-17|7143
172|2024-04-18|7412
172|2024-04-19|5643
172|2024-04-22|5908
172|2024-04-23|7812
172|2024-04-24|6485
172|2024-04-25|5542
172|2024-04-26|5521
172|2024-04-29|5716
172|2024-04-30|6899
172|2024-05-02|5956
172|2024-05-03|7288
172|2024-05-06|68312
172|2024-05-07|8973
172|2024-05-08|6517
172|2024-05-09|5975
172|2024-05-10|7057
172|2024-05-13|5350
172|2024-05-14|8293
172|2024-05-15|6772
172|2024-05-16|6954
172|2024-05-17|7064
172|2024-05-20|6082
172|2024-05-22|7448
172|2024-05-23|7251
172|2024-05-24|6146
172|2024-05-27|113742
172|2024-05-28|101607
172|2024-05-29|25479
172|2024-05-30|6795
172|2024-05-31|6270
172|2024-06-03|7544
172|2024-06-04|8960
172|2024-06-05|7376
172|2024-06-06|6943
172|2024-06-07|17755
172|2024-06-10|7908
172|2024-06-11|10357
172|2024-06-12|9858
172|2024-06-13|2522
172|2024-06-14|7173
172|2024-06-17|9136
172|2024-06-18|9440
172|2024-06-19|7388
172|2024-06-21|7819
172|2024-06-24|8113
172|2024-06-25|9802
172|2024-06-26|8728
172|2024-06-27|8048
172|2024-06-28|8761
172|2024-07-01|8254
172|2024-07-02|11577
172|2024-07-03|9024
172|2024-07-04|9062
172|2024-07-05|8073
172|2024-07-08|7917
172|2024-07-09|8524
172|2024-07-10|10182
172|2024-07-11|9269
172|2024-07-12|7281
172|2024-07-15|5625
172|2024-07-17|8943
172|2024-07-18|11252
172|2024-07-19|13875
172|2024-07-22|8093
172|2024-07-23|9334
172|2024-07-24|44808
172|2024-07-25|82308
172|2024-07-26|119837
172|2024-07-29|10581
172|2024-07-30|50304
172|2024-07-31|9903
172|2024-08-01|9497
172|2024-08-02|8465
172|2024-08-05|9235
172|2024-08-06|12135
172|2024-08-07|8484
172|2024-08-08|10151
172|2024-08-09|9021
172|2024-08-12|8770
172|2024-08-13|9681
172|2024-08-14|7539
172|2024-08-16|8178
172|2024-08-19|7994
172|2024-08-20|9508
172|2024-08-21|7895
172|2024-08-22|8685
172|2024-08-23|8950
172|2024-08-26|10909
172|2024-08-27|10357
172|2024-08-28|9802
172|2024-08-29|7372
172|2024-08-30|8346
172|2024-09-02|8351
172|2024-09-03|11235
172|2024-09-04|8555
172|2024-09-05|8442
172|2024-09-06|7015
172|2024-09-09|7767
172|2024-09-10|10477
172|2024-09-11|8096
172|2024-09-12|7614
172|2024-09-13|5877
172|2024-09-16|7830
172|2024-09-17|8147
172|2024-09-23|9564
172|2024-09-24|8435
172|2024-09-25|8682
172|2024-09-26|8886
172|2024-09-27|7590
172|2024-09-30|8288
172|2024-10-01|10778
172|2024-10-02|7475
172|2024-10-03|7797
172|2024-10-04|13367
172|2024-10-07|9111
172|2024-10-08|284987
172|2024-10-09|113871
172|2024-10-10|7371
172|2024-10-11|6877
172|2024-10-14|35979
172|2024-10-15|38608
172|2024-10-16|7648
172|2024-10-17|7923
172|2024-10-18|6203
172|2024-10-21|6248
172|2024-10-22|8574
172|2024-10-23|7035
172|2024-10-24|8810
172|2024-10-25|7633
172|2024-10-28|7284
172|2024-10-29|9488
172|2024-10-30|8243
172|2024-11-04|8886
172|2024-11-05|8652
172|2024-11-06|8319
172|2024-11-07|8412
172|2024-11-08|8849
172|2024-11-11|7634
172|2024-11-12|10535
172|2024-11-13|8104
172|2024-11-14|6415
172|2024-11-15|5977
172|2024-11-18|9166
172|2024-11-19|9537
172|2024-11-20|8295
172|2024-11-21|7206
172|2024-11-22|8620
172|2024-11-25|8872
172|2024-11-26|9163
172|2024-11-27|10321
172|2024-11-28|8575
172|2024-11-29|8086
172|2024-12-02|7461
172|2024-12-03|9971
172|2024-12-04|8017
172|2024-12-05|8675
172|2024-12-06|13319
172|2024-12-09|6616
172|2024-12-10|9499
172|2024-12-11|6292
172|2024-12-12|6529
172|2024-12-13|6336
172|2024-12-16|8174
172|2024-12-17|7858
172|2024-12-18|6129
172|2024-12-19|5949
172|2024-12-20|6682
172|2024-12-23|7296
172|2024-12-24|5313
172|2024-12-26|5154
172|2024-12-27|7781
172|2024-12-30|5565
172|2025-01-02|31369
172|2025-01-03|5382
172|2025-01-06|8066
172|2025-01-07|9165
172|2025-01-08|7440
172|2025-01-09|7349
172|2025-01-10|6644
172|2025-01-13|7158
172|2025-01-14|8945
172|2025-01-15|5859
172|2025-01-16|6442
172|2025-01-17|6561
172|2025-01-20|7333
172|2025-01-21|7712
172|2025-01-22|7570
172|2025-01-23|7473
172|2025-01-24|7533
172|2025-01-27|7511
172|2025-01-28|6509
172|2025-01-29|4572
172|2025-01-30|8024
172|2025-01-31|7412
172|2025-02-03|8796
172|2025-02-04|8996
172|2025-02-05|6739
172|2025-02-06|6821
172|2025-02-07|7197
172|2025-02-10|7678
172|2025-02-11|7722
172|2025-02-12|4999
172|2025-02-13|5655
172|2025-02-14|5391
172|2025-02-17|7115
172|2025-02-18|7561
172|2025-02-19|5867
172|2025-02-20|6491
172|2025-02-21|7373
172|2025-02-24|6157
172|2025-02-25|5898
172|2025-02-26|6464
172|2025-02-27|6585
172|2025-02-28|4670
172|2025-03-03|8286
172|2025-03-04|9469
172|2025-03-05|7881
172|2025-03-06|7711
172|2025-03-07|13741
172|2025-03-10|7422
172|2025-03-11|11045
172|2025-03-12|6144
172|2025-03-13|6097
172|2025-03-14|6689
172|2025-03-17|7558
172|2025-03-18|8262
172|2025-03-19|7068
172|2025-03-20|6758
172|2025-03-21|6212
172|2025-03-24|8478
172|2025-03-25|7296
172|2025-03-26|8340
172|2025-03-27|6946
172|2025-03-28|6738
172|2025-03-31|9487
172|2025-04-01|7076
172|2025-04-02|8919
172|2025-04-03|7113
172|2025-04-04|6408
172|2025-04-07|7595
172|2025-04-08|8618
172|2025-04-09|6457
172|2025-04-10|6259
172|2025-04-11|7635
172|2025-04-14|7185
172|2025-04-15|6224
172|2025-04-16|8335
172|2025-04-17|5983
172|2025-04-21|6825
172|2025-04-22|7029
172|2025-04-23|5718
172|2025-04-24|5008
172|2025-04-25|5598
172|2025-04-28|8067
172|2025-04-29|7606
172|2025-04-30|8108
172|2025-05-02|7450
172|2025-05-05|8267
172|2025-05-06|13033
172|2025-05-07|6702
172|2025-05-08|8706
172|2025-05-09|6354
172|2025-05-12|9364
172|2025-05-13|7533
172|2025-05-14|6635
172|2025-05-15|6673
172|2025-05-16|5944
172|2025-05-19|8909
172|2025-05-20|8079
172|2025-05-22|10019
172|2025-05-23|5484
172|2025-05-26|8233
172|2025-05-27|7221
172|2025-05-28|6364
172|2025-05-29|7020
172|2025-05-30|6048
172|2025-06-02|6143
172|2025-06-03|4921
172|2025-06-04|7637
172|2025-06-05|6657
172|2025-06-06|10227
172|2025-06-09|7422
172|2025-06-10|8776
172|2025-06-11|5862
172|2025-06-12|5383
172|2025-06-16|6749
172|2025-06-17|5663
172|2025-06-18|4957
172|2025-06-19|6781
172|2025-06-23|6745
172|2025-06-24|7464
172|2025-06-25|5038
172|2025-06-26|5900
172|2025-06-27|5410
172|2025-06-30|7648
172|2025-07-01|8045
172|2025-07-02|7420
172|2025-07-03|7092
172|2025-07-04|5861
172|2025-07-07|6526
172|2025-07-08|8366
172|2025-07-09|6254
172|2025-07-10|5956
172|2025-07-11|5204
172|2025-07-14|5199
172|2025-07-15|5148
172|2025-07-17|6319
172|2025-07-18|3884
172|2025-07-21|6536
172|2025-07-22|5904
172|2025-07-23|7085
172|2025-07-24|6612
172|2025-07-25|4306
172|2025-07-28|7453
172|2025-07-29|4513
172|2025-07-30|6572
172|2025-07-31|6154
172|2025-08-01|6121
172|2025-08-04|6104
172|2025-08-05|7815
172|2025-08-06|6278
172|2025-08-07|6274
172|2025-08-08|5385
172|2025-08-11|7489
172|2025-08-12|6278
172|2025-08-13|6844
172|2025-08-14|4708
172|2025-08-18|7626
172|2025-08-19|4266
172|2025-08-20|4710
172|2025-08-21|4470
172|2025-08-22|4072
172|2025-08-25|7567
172|2025-08-26|8840
172|2025-08-27|5112
172|2025-08-28|6606
172|2025-08-29|5685
172|2025-09-01|6316
172|2025-09-02|7526
172|2025-09-03|6200
172|2025-09-04|5572
172|2025-09-05|7904
172|2025-09-08|6677
172|2025-09-09|7465
172|2025-09-10|5837
172|2025-09-11|4311
172|2025-09-12|4783
172|2025-09-15|6372
172|2025-09-16|5944
172|2025-09-17|3467
172|2025-09-22|6085
172|2025-09-23|5286
172|2025-09-24|4432
172|2025-09-25|3881
172|2025-09-26|3253
172|2025-09-29|5158
172|2025-09-30|3361
172|2025-10-01|5104
172|2025-10-02|3367
172|2025-10-03|2518
172|2025-10-06|4127
172|2025-10-07|4220
172|2025-10-08|6273
172|2025-10-09|4875
172|2025-10-10|3346
172|2025-10-13|5344
172|2025-10-14|4229
172|2025-10-15|3744
172|2025-10-16|4111
172|2025-10-17|2964
172|2025-10-20|4214
172|2025-10-21|4662
172|2025-10-22|6933
172|2025-10-23|2997
172|2025-10-24|2516
172|2025-10-27|3632
172|2025-10-28|4029
172|2025-10-29|4250
172|2025-10-30|2943
172|2025-11-03|3896
172|2025-11-04|10483
172|2025-11-05|3955
172|2025-11-06|4483
172|2025-11-07|2949
172|2025-11-10|4002
172|2025-11-11|5848
172|2025-11-12|2832
172|2025-11-13|2943
172|2025-11-14|2778
172|2025-11-17|3447
172|2025-11-18|4705
172|2025-11-19|2970
172|2025-11-20|2876
172|2025-11-21|4134
172|2025-11-24|4690
172|2025-11-25|3410
172|2025-11-26|3129
172|2025-11-27|5705
172|2025-11-28|2897
172|2025-12-01|3142
172|2025-12-02|4338
172|2025-12-03|3986
172|2025-12-04|2505
172|2025-12-05|5666
172|2025-12-09|3499
172|2025-12-10|4951
172|2025-12-11|2549
172|2025-12-12|2959
172|2025-12-15|4238
172|2025-12-16|2335
172|2025-12-17|3797
172|2025-12-18|3081
172|2025-12-19|3634
172|2025-12-22|4600
172|2025-12-23|4668
172|2025-12-24|2204
172|2025-12-26|2474
172|2025-12-29|4086
172|2025-12-30|3324
172|2026-01-02|2808
172|2026-01-05|3029
172|2026-01-06|6011
172|2026-01-07|5370
172|2026-01-08|5224
172|2026-01-09|4629
172|2026-01-12|3425
172|2026-01-13|4367
172|2026-01-14|2977
172|2026-01-15|2995
172|2026-01-16|2648
172|2026-01-19|4225
172|2026-01-20|3088
172|2026-01-21|4919
172|2026-01-22|2884
172|2026-01-23|3377
172|2026-01-26|4330
172|2026-01-27|5158
172|2026-01-28|3514
172|2026-01-29|5240
172|2026-01-30|3414
172|2026-02-02|3740
172|2026-02-03|9702
172|2026-02-04|3521
172|2026-02-05|5123
172|2026-02-06|3660
172|2026-02-09|2901
172|2026-02-10|4227
172|2026-02-11|3517
172|2026-02-12|5075
172|2026-02-13|2373
172|2026-02-16|4904
172|2026-02-17|5874
172|2026-02-18|3348
172|2026-02-19|4751
172|2026-02-20|3462
172|2026-02-23|4705
172|2026-02-24|2394
172|2026-02-25|4780
172|2026-02-26|4035
172|2026-02-27|3864
172|2026-03-02|3444
172|2026-03-03|5592
172|2026-03-04|3197
172|2026-03-05|2454
172|2026-03-06|9095
172|2026-03-09|4183
172|2026-03-10|7054
172|2026-03-11|2961
172|2026-03-12|2434
172|2026-03-13|3590
172|2026-03-16|4273
172|2026-03-17|5329
172|2026-03-18|3096
172|2026-03-19|2307
172|2026-03-20|2782
172|2026-03-23|3613
172|2026-03-24|5038
172|2026-03-25|2805
172|2026-03-26|2864
172|2026-03-27|3145
172|2026-03-30|4825
172|2026-03-31|5928
172|2026-04-01|3427
172|2026-04-02|3807
172|2026-04-06|5336
172|2026-04-07|4682
172|2026-04-08|2563
172|2026-04-09|3691
172|2026-04-10|4395
172|2026-04-13|2276
172|2026-04-14|4275
172|2026-04-15|5081
172|2026-04-16|3144
172|2026-04-17|2259
172|2026-04-20|3614
172|2026-04-21|2675
172|2026-04-22|4357
172|2026-04-23|3002
172|2026-04-24|4793
172|2026-04-27|3854
172|2026-04-28|5173
173|2023-09-28|9299
173|2023-09-29|12850
173|2023-10-02|22743
173|2023-10-03|9425
173|2023-10-04|10994
173|2023-10-05|10557
173|2023-10-06|11212
173|2023-10-10|21436
173|2023-10-11|10548
173|2023-10-12|8571
173|2023-10-13|9179
173|2023-10-16|14121
173|2023-10-17|7659
173|2023-10-18|6556
173|2023-10-19|5664
173|2023-10-20|8692
173|2023-10-23|13693
173|2023-10-24|6801
173|2023-10-25|8938
173|2023-10-26|8780
173|2023-10-30|22032
173|2023-10-31|12994
173|2023-11-03|20094
173|2023-11-04|11972
173|2023-11-06|20039
173|2023-11-08|9388
173|2023-11-09|6572
173|2023-11-10|9327
173|2023-11-11|9445
173|2023-11-13|14991
173|2023-11-14|8001
173|2023-11-15|8471
173|2023-11-16|7570
173|2023-11-17|6894
173|2023-11-20|13458
173|2023-11-21|6520
173|2023-11-22|7536
173|2023-11-23|7114
173|2023-11-24|8132
173|2023-11-27|11468
173|2023-11-28|7265
173|2023-11-29|9664
173|2023-11-30|13476
173|2023-12-01|9931
173|2023-12-04|20948
173|2023-12-05|9778
173|2023-12-06|9585
173|2023-12-07|10350
173|2023-12-11|19864
173|2023-12-12|8312
173|2023-12-13|8426
173|2023-12-14|8039
173|2023-12-15|8927
173|2023-12-18|13209
173|2023-12-19|7583
173|2023-12-20|8613
173|2023-12-21|7566
173|2023-12-22|8511
173|2023-12-26|16877
173|2023-12-27|9069
173|2024-12-28|9083
173|2024-12-29|13545
173|2024-01-02|23031
173|2024-01-03|12875
173|2024-01-04|10155
173|2024-01-05|10938
173|2024-01-08|14501
173|2024-01-09|7856
173|2024-01-10|8673
173|2024-01-11|7383
173|2024-01-12|7344
173|2024-01-15|14280
173|2024-01-16|6702
173|2024-01-17|6959
173|2024-01-18|6831
173|2024-01-19|15242
173|2024-01-22|7118
173|2024-01-23|6019
173|2024-01-24|5616
173|2024-01-25|7036
173|2024-01-26|7200
173|2024-01-29|15211
173|2024-01-30|8219
173|2024-01-31|9956
173|2024-02-01|10843
173|2024-02-02|10852
173|2024-02-05|17601
173|2024-02-06|6973
173|2024-02-07|8321
173|2024-02-08|7572
173|2024-02-09|8221
173|2024-02-12|13527
173|2024-02-13|6220
173|2024-02-14|6835
173|2024-02-15|6672
173|2024-02-16|6462
173|2024-02-19|12678
173|2024-02-20|6135
173|2024-02-21|6069
173|2024-02-22|5507
173|2024-02-23|6151
173|2024-02-26|13078
173|2024-02-27|6445
173|2024-02-28|8565
173|2024-02-29|10320
173|2024-03-01|10019
173|2024-03-04|18098
173|2024-03-05|8649
173|2024-03-06|9661
173|2024-03-07|7925
173|2024-03-08|8327
173|2024-03-11|14359
173|2024-03-12|6114
173|2024-03-13|7159
173|2024-03-14|6532
173|2024-03-15|7279
173|2024-03-18|12508
173|2024-03-19|6590
173|2024-03-20|6907
173|2024-03-21|5929
173|2024-03-22|6543
173|2024-03-25|12693
173|2024-03-26|6079
173|2024-03-27|6841
173|2024-03-28|9617
173|2024-04-01|25124
173|2024-04-02|8458
173|2024-04-03|9282
173|2024-04-04|8616
173|2024-04-05|8906
173|2024-04-08|15943
173|2024-04-09|6809
173|2024-04-10|7643
173|2024-04-11|6590
173|2024-04-12|6735
173|2024-04-15|12925
173|2024-04-16|5843
173|2024-04-17|6469
173|2024-04-18|6046
173|2024-04-19|6593
173|2024-04-22|12227
173|2024-04-23|5414
173|2024-04-24|6415
173|2024-04-25|6265
173|2024-04-26|6979
173|2024-04-29|13865
173|2024-04-30|9499
173|2024-05-02|17482
173|2024-05-03|9814
173|2024-05-06|17463
173|2024-05-07|6757
173|2024-05-08|7313
173|2024-05-09|7372
173|2024-05-10|7194
173|2024-05-13|12477
173|2024-05-14|6062
173|2024-05-15|7087
173|2024-05-16|5946
173|2024-05-17|6693
173|2024-05-20|11381
173|2024-05-22|10403
173|2024-05-23|5895
173|2024-05-24|7004
173|2024-05-27|12609
173|2024-05-28|4561
173|2024-05-29|7138
173|2024-05-30|7831
173|2024-05-31|8979
173|2024-06-03|20779
173|2024-06-04|7144
173|2024-06-05|8708
173|2024-06-06|8021
173|2024-06-07|8087
173|2024-06-10|14877
173|2024-06-11|5758
173|2024-06-12|6390
173|2024-06-13|5659
173|2024-06-14|6860
173|2024-06-17|12059
173|2024-06-18|5432
173|2024-06-19|6778
173|2024-06-21|9620
173|2024-06-24|12052
173|2024-06-25|4361
173|2024-06-26|7073
173|2024-06-27|5918
173|2024-06-28|7667
173|2024-07-01|17248
173|2024-07-02|6976
173|2024-07-03|9862
173|2024-07-04|7293
173|2024-07-05|8479
173|2024-07-08|15789
173|2024-07-09|6164
173|2024-07-10|7558
173|2024-07-11|5903
173|2024-07-12|6251
173|2024-07-15|11816
173|2024-07-17|10182
173|2024-07-18|5952
173|2024-07-19|6034
173|2024-07-22|11785
173|2024-07-23|4680
173|2024-07-24|6363
173|2024-07-25|5219
173|2024-07-26|6512
173|2024-07-29|12184
173|2024-07-30|6313
173|2024-07-31|10101
173|2024-08-01|8897
173|2024-08-02|8540
173|2024-08-05|16503
173|2024-08-06|6902
173|2024-08-07|8107
173|2024-08-08|6778
173|2024-08-09|7095
173|2024-08-12|12976
173|2024-08-13|5641
173|2024-08-14|6427
173|2024-08-16|9998
173|2024-08-19|12171
173|2024-08-20|5189
173|2024-08-21|6535
173|2024-08-22|4362
173|2024-08-23|6858
173|2024-08-26|12015
173|2024-08-27|5104
173|2024-08-28|6475
173|2024-08-29|5963
173|2024-08-30|10509
173|2024-09-02|18638
173|2024-09-03|6598
173|2024-09-04|8500
173|2024-09-05|7241
173|2024-09-06|8017
173|2024-09-09|14181
173|2024-09-10|6086
173|2024-09-11|6400
173|2024-09-12|5824
173|2024-09-13|6472
173|2024-09-16|12199
173|2024-09-17|5684
173|2024-09-23|21428
173|2024-09-24|7324
173|2024-09-25|6540
173|2024-09-26|5478
173|2024-09-27|5648
173|2024-09-30|16413
173|2024-10-01|8606
173|2024-10-02|9255
173|2024-10-03|6713
173|2024-10-04|7344
173|2024-10-07|11883
173|2024-10-08|6904
173|2024-10-09|7965
173|2024-10-10|6478
173|2024-10-11|6278
173|2024-10-14|11328
173|2024-10-15|5875
173|2024-10-16|6108
173|2024-10-17|5244
173|2024-10-18|4054
173|2024-10-21|8188
173|2024-10-22|4586
173|2024-10-23|6527
173|2024-10-24|5613
173|2024-10-25|5672
173|2024-10-28|11756
173|2024-10-29|6502
173|2024-10-30|11046
173|2024-11-04|24290
173|2024-11-05|8702
173|2024-11-06|7884
173|2024-11-07|6424
173|2024-11-08|6874
173|2024-11-11|12932
173|2024-11-12|5616
173|2024-11-13|6325
173|2024-11-14|5591
173|2024-11-15|5696
173|2024-11-18|9948
173|2024-11-19|4902
173|2024-11-20|4998
173|2024-11-21|4094
173|2024-11-22|5720
173|2024-11-25|11990
173|2024-11-26|5159
173|2024-11-27|5619
173|2024-11-28|5923
173|2024-11-29|8788
173|2024-12-02|13999
173|2024-12-03|5874
173|2024-12-04|9007
173|2024-12-05|7096
173|2024-12-06|7015
173|2024-12-09|13873
173|2024-12-10|6132
173|2024-12-11|6515
173|2024-12-12|5597
173|2024-12-13|6122
173|2024-12-16|11937
173|2024-12-17|4789
173|2024-12-18|4896
173|2024-12-19|5430
173|2024-12-20|5719
173|2024-12-23|11349
173|2024-12-24|4485
173|2024-12-26|9394
173|2024-12-27|7122
173|2024-12-30|16426
173|2025-01-02|15936
173|2025-01-03|8806
173|2025-01-06|15780
173|2025-01-07|5936
173|2025-01-08|6530
173|2025-01-09|6438
173|2025-01-10|6323
173|2025-01-13|11510
173|2025-01-14|4914
173|2025-01-15|5643
173|2025-01-16|5424
173|2025-01-17|5274
173|2025-01-20|9758
173|2025-01-21|4628
173|2025-01-22|5300
173|2025-01-23|4952
173|2025-01-24|5027
173|2025-01-27|10321
173|2025-01-28|5835
173|2025-01-29|6228
173|2025-01-30|6309
173|2025-01-31|7948
173|2025-02-03|17142
173|2025-02-04|6060
173|2025-02-05|7227
173|2025-02-06|7010
173|2025-02-07|7057
173|2025-02-10|12511
173|2025-02-11|5095
173|2025-02-12|5938
173|2025-02-13|4992
173|2025-02-14|5507
173|2025-02-17|10442
173|2025-02-18|4795
173|2025-02-19|5343
173|2025-02-20|4828
173|2025-02-21|5254
173|2025-02-24|10071
173|2025-02-25|4813
173|2025-02-26|4980
173|2025-02-27|6426
173|2025-02-28|9496
173|2025-03-03|15304
173|2025-03-04|6329
173|2025-03-05|8316
173|2025-03-06|6887
173|2025-03-07|7726
173|2025-03-10|14035
173|2025-03-11|5531
173|2025-03-12|6095
173|2025-03-13|5432
173|2025-03-14|6235
173|2025-03-17|11307
173|2025-03-18|4804
173|2025-03-19|5844
173|2025-03-20|5252
173|2025-03-21|5318
173|2025-03-24|10833
173|2025-03-25|4850
173|2025-03-26|5284
173|2025-03-27|5244
173|2025-03-28|6824
173|2025-03-31|16651
173|2025-04-01|6916
173|2025-04-02|7546
173|2025-04-03|6304
173|2025-04-04|7835
173|2025-04-07|14496
173|2025-04-08|5714
173|2025-04-09|6889
173|2025-04-10|6430
173|2025-04-16|5549
173|2025-04-17|5718
173|2025-04-21|14001
173|2025-04-22|5332
173|2025-04-23|5684
173|2025-04-24|5511
173|2025-04-25|5675
173|2025-04-28|12243
173|2025-04-29|6058
173|2025-04-30|11017
173|2025-05-02|13909
173|2025-05-05|15911
173|2025-05-06|6222
173|2025-05-07|7716
173|2025-05-08|5579
173|2025-05-09|6934
173|2025-05-12|12342
173|2025-05-13|5078
173|2025-05-14|6083
173|2025-05-15|5580
173|2025-05-16|5620
173|2025-05-19|10162
173|2025-05-20|4551
173|2025-05-22|9250
173|2025-05-23|5969
173|2025-05-26|11504
173|2025-05-27|4955
173|2025-05-28|5992
173|2025-05-29|6199
173|2025-05-30|10685
173|2025-06-02|16418
173|2025-06-03|6256
173|2025-06-04|8009
173|2025-06-05|6568
173|2025-06-06|7959
173|2025-06-09|13737
173|2025-06-10|5494
173|2025-06-11|6168
173|2025-06-12|5283
173|2025-06-13|6072
173|2025-06-16|11329
173|2025-06-17|4581
173|2025-06-18|4908
173|2025-06-19|5338
173|2025-06-23|14182
173|2025-06-24|5198
173|2025-06-25|5695
173|2025-06-26|5493
173|2025-06-27|5883
173|2025-06-30|17463
173|2025-07-01|7170
173|2025-07-02|8308
173|2025-07-03|6627
173|2025-07-04|7743
173|2025-07-07|15034
173|2025-07-08|6058
173|2025-07-09|7323
173|2025-07-10|5761
173|2025-07-11|5948
173|2025-07-14|11826
173|2025-07-15|5244
173|2025-07-17|9637
173|2025-07-18|5841
173|2025-07-21|9492
173|2025-07-22|4672
173|2025-07-23|5265
173|2025-07-24|5554
173|2025-07-25|5387
173|2025-07-28|12253
173|2025-07-29|5363
173|2025-07-30|7500
173|2025-07-31|8922
173|2025-08-01|8812
173|2025-08-04|14232
173|2025-08-05|6240
173|2025-08-06|8085
173|2025-08-07|6930
173|2025-08-08|7377
173|2025-08-11|12597
173|2025-08-12|5346
173|2025-08-13|5918
173|2025-08-14|5735
173|2025-08-18|14605
173|2025-08-19|5100
173|2025-08-20|4904
173|2025-08-21|4881
173|2025-08-22|5165
173|2025-08-25|11374
173|2025-08-26|4839
173|2025-08-27|5962
173|2025-08-28|6164
173|2025-08-29|8409
173|2025-09-01|18467
173|2025-09-02|6259
173|2025-09-03|6932
173|2025-09-04|6266
173|2025-09-05|7543
173|2025-09-08|14021
173|2025-09-09|5807
173|2025-09-10|6740
173|2025-09-12|5747
173|2025-09-15|10470
173|2025-09-16|5405
173|2025-09-17|6478
173|2025-09-22|16827
173|2025-09-23|5565
173|2025-09-24|5880
173|2025-09-25|5256
173|2025-09-26|5671
173|2025-09-29|13582
173|2025-09-30|8643
173|2025-10-01|10263
173|2025-10-02|7246
173|2025-10-03|7250
173|2025-10-06|14261
173|2025-10-07|5718
173|2025-10-08|7202
173|2025-10-09|5973
173|2025-10-10|6158
173|2025-10-13|10996
173|2025-10-14|4510
173|2025-10-15|5760
173|2025-10-16|4811
173|2025-10-17|5419
173|2025-10-20|8630
173|2025-10-21|4257
173|2025-10-22|6640
173|2025-10-23|4584
173|2025-10-24|5378
173|2025-10-27|11123
173|2025-10-28|5343
173|2025-10-29|6997
173|2025-10-30|9642
173|2025-11-03|21995
173|2025-11-04|6630
173|2025-11-05|8054
173|2025-11-06|6705
173|2025-11-07|6598
173|2025-11-10|13218
173|2025-11-11|5147
173|2025-11-12|5855
173|2025-11-13|5063
173|2025-11-14|5133
173|2025-11-17|10049
173|2025-11-18|4771
173|2025-11-19|4982
173|2025-11-20|4513
173|2025-11-21|5457
173|2025-11-24|10547
173|2025-11-25|4791
173|2025-11-26|5848
173|2025-11-27|5311
173|2025-11-28|7968
173|2025-12-01|14614
173|2025-12-02|5261
173|2025-12-03|9278
173|2025-12-04|6738
173|2025-12-05|7753
173|2025-12-09|16695
173|2025-12-10|7947
173|2025-12-11|5863
173|2025-12-12|6118
173|2025-12-15|10196
173|2025-12-16|5434
173|2025-12-17|5656
173|2025-12-18|4852
173|2025-12-19|5379
173|2025-12-22|11056
173|2025-12-23|4997
173|2025-12-24|5603
173|2025-12-26|8769
173|2025-12-29|13508
173|2025-12-30|8526
173|2026-01-02|17651
173|2026-01-05|16871
173|2026-01-06|7225
173|2026-01-07|5060
173|2026-01-08|6778
173|2026-01-09|6539
173|2026-01-12|12125
173|2026-01-13|5348
173|2026-01-14|5721
173|2026-01-15|5339
173|2026-01-16|5608
173|2026-01-19|10365
173|2026-01-20|4990
173|2026-01-21|5558
173|2026-01-22|4522
173|2026-01-23|5793
173|2026-01-26|10527
173|2026-01-27|4686
173|2026-01-28|6393
173|2026-01-29|6099
173|2026-01-30|8301
173|2026-02-02|16574
173|2026-02-03|6054
173|2026-02-04|7532
173|2026-02-05|6835
173|2026-02-06|6170
173|2026-02-09|13539
173|2026-02-10|5407
173|2026-02-11|6436
173|2026-02-12|5333
173|2026-02-13|5635
173|2026-02-16|10514
173|2026-02-17|4597
173|2026-02-18|5125
173|2026-02-19|4928
173|2026-02-20|5517
173|2026-02-23|10068
173|2026-02-24|4662
173|2026-02-25|6124
173|2026-02-26|5770
173|2026-02-27|8745
173|2026-03-02|15582
173|2026-03-03|6771
173|2026-03-04|7922
173|2026-03-05|6677
173|2026-03-06|7725
173|2026-03-09|13457
173|2026-03-10|5764
173|2026-03-11|6547
173|2026-03-12|5154
173|2026-03-13|6152
173|2026-03-16|11218
173|2026-03-17|5002
173|2026-03-18|6056
173|2026-03-19|5198
173|2026-03-20|5239
173|2026-03-23|10134
173|2026-03-24|5133
173|2026-03-25|5956
173|2026-03-26|5271
173|2026-03-27|5689
173|2026-03-30|13936
173|2026-03-31|8105
173|2026-04-01|8634
173|2026-04-02|7803
173|2026-04-06|20198
173|2026-04-07|6117
173|2026-04-08|6943
173|2026-04-09|6390
173|2026-04-10|6013
173|2026-04-13|11895
173|2026-04-14|4666
173|2026-04-15|5928
173|2026-04-16|5187
173|2026-04-17|5313
173|2026-04-20|10962
173|2026-04-21|4630
173|2026-04-22|5463
173|2026-04-23|4843
173|2026-04-24|5693
173|2026-04-27|11284
173|2026-04-28|5166
174|2023-09-28|27173
174|2023-09-29|29159
174|2023-10-02|44863
174|2023-10-03|38503
174|2023-10-04|26868
174|2023-10-05|27932
174|2023-10-06|26887
174|2023-10-10|42106
174|2023-10-11|27987
174|2023-10-12|25781
174|2023-10-13|24805
174|2023-10-16|36735
174|2023-10-17|24712
174|2023-10-18|24787
174|2023-10-19|23043
174|2023-10-20|27212
174|2023-10-23|37180
174|2023-10-24|24719
174|2023-10-25|33172
174|2023-10-26|25497
174|2023-10-30|46694
174|2023-10-31|93256
174|2023-11-03|36887
174|2023-11-04|32111
174|2023-11-06|41572
174|2023-11-08|32929
174|2023-11-09|31554
174|2023-11-10|37240
174|2023-11-11|37210
174|2023-11-13|58238
174|2023-11-14|44303
174|2023-11-15|55202
174|2023-11-16|54139
174|2023-11-17|24520
174|2023-11-20|63016
174|2023-11-21|52658
174|2023-11-22|55891
174|2023-11-23|47579
174|2023-11-24|34535
174|2023-11-27|37286
174|2023-11-28|25949
174|2023-11-29|28810
174|2023-11-30|98298
174|2023-12-01|28816
174|2023-12-04|44975
174|2023-12-05|28365
174|2023-12-06|29193
174|2023-12-07|39956
174|2023-12-11|41049
174|2023-12-12|24777
174|2023-12-13|26276
174|2023-12-14|25756
174|2023-12-15|25761
174|2023-12-18|31289
174|2023-12-19|23173
174|2023-12-20|24358
174|2023-12-21|26616
174|2023-12-22|22134
174|2023-12-26|33296
174|2023-12-27|21728
174|2024-12-28|23862
174|2024-12-29|28028
174|2024-01-02|39663
174|2024-01-03|30724
174|2024-01-04|24838
174|2024-01-05|70603
174|2024-01-08|31900
174|2024-01-09|23012
174|2024-01-10|22823
174|2024-01-11|21502
174|2024-01-12|20425
174|2024-01-15|30542
174|2024-01-16|55101
174|2024-01-17|20200
174|2024-01-18|22426
174|2024-01-19|21134
174|2024-01-22|29713
174|2024-01-23|22089
174|2024-01-24|20164
174|2024-01-25|21951
174|2024-01-26|27505
174|2024-01-29|79466
174|2024-01-30|23929
174|2024-01-31|92120
174|2024-02-01|27324
174|2024-02-02|29430
174|2024-02-05|75564
174|2024-02-06|20857
174|2024-02-07|63211
174|2024-02-08|61505
174|2024-02-09|21984
174|2024-02-12|72489
174|2024-02-13|21546
174|2024-02-14|76118
174|2024-02-15|20114
174|2024-02-16|64652
174|2024-02-19|71818
174|2024-02-20|21191
174|2024-02-21|69974
174|2024-02-22|19288
174|2024-02-23|68971
174|2024-02-26|76695
174|2024-02-27|21541
174|2024-02-28|23667
174|2024-02-29|88034
174|2024-03-01|25796
174|2024-03-04|34979
174|2024-03-05|32230
174|2024-03-06|24810
174|2024-03-07|25132
174|2024-03-08|22380
174|2024-03-11|32961
174|2024-03-12|24087
174|2024-03-13|24327
174|2024-03-14|21770
174|2024-03-15|21820
174|2024-03-18|29081
174|2024-03-19|22710
174|2024-03-20|37698
174|2024-03-21|22053
174|2024-03-22|24922
174|2024-03-25|29457
174|2024-03-26|22246
174|2024-03-27|24053
174|2024-03-28|25725
174|2024-04-01|47051
174|2024-04-02|22909
174|2024-04-03|23177
174|2024-04-04|26290
174|2024-04-05|28798
174|2024-04-08|35444
174|2024-04-09|66791
174|2024-04-10|56115
174|2024-04-11|20446
174|2024-04-12|19935
174|2024-04-15|28634
174|2024-04-16|21661
174|2024-04-17|21580
174|2024-04-18|20664
174|2024-04-19|19718
174|2024-04-22|27853
174|2024-04-23|20040
174|2024-04-24|26436
174|2024-04-25|19283
174|2024-04-26|20241
174|2024-04-29|30644
174|2024-04-30|91137
174|2024-05-02|32597
174|2024-05-03|23563
174|2024-05-06|8224485
174|2024-05-07|30664
174|2024-05-08|31591
174|2024-05-09|30762
174|2024-05-10|40273
174|2024-05-13|33681
174|2024-05-14|30216
174|2024-05-15|27114
174|2024-05-16|28220
174|2024-05-17|44442
174|2024-05-20|32722
174|2024-05-22|41306
174|2024-05-23|28279
174|2024-05-24|55721
174|2024-05-27|70099
174|2024-05-28|93937
174|2024-05-29|56254
174|2024-05-30|37486
174|2024-05-31|38744
174|2024-06-03|131449
174|2024-06-04|41414
174|2024-06-05|38531
174|2024-06-06|36927
174|2024-06-07|102077
174|2024-06-10|43713
174|2024-06-11|29802
174|2024-06-12|29653
174|2024-06-13|22466
174|2024-06-14|81794
174|2024-06-17|46758
174|2024-06-18|28975
174|2024-06-19|42311
174|2024-06-21|53129
174|2024-06-24|40195
174|2024-06-25|29967
174|2024-06-26|38714
174|2024-06-27|30377
174|2024-06-28|31166
174|2024-07-01|119598
174|2024-07-02|32263
174|2024-07-03|31783
174|2024-07-04|31584
174|2024-07-05|35548
174|2024-07-08|46434
174|2024-07-09|27514
174|2024-07-10|28972
174|2024-07-11|29206
174|2024-07-12|25628
174|2024-07-15|34477
174|2024-07-17|33280
174|2024-07-18|27366
174|2024-07-19|120107
174|2024-07-22|40189
174|2024-07-23|25539
174|2024-07-24|43101
174|2024-07-25|58959
174|2024-07-26|75924
174|2024-07-29|43525
174|2024-07-30|37866
174|2024-07-31|34846
174|2024-08-01|104487
174|2024-08-02|38115
174|2024-08-05|49113
174|2024-08-06|34422
174|2024-08-07|31751
174|2024-08-08|31927
174|2024-08-09|29064
174|2024-08-12|41738
174|2024-08-13|26880
174|2024-08-14|26314
174|2024-08-16|34598
174|2024-08-19|39649
174|2024-08-20|26806
174|2024-08-21|26759
174|2024-08-22|37763
174|2024-08-23|29214
174|2024-08-26|41127
174|2024-08-27|28283
174|2024-08-28|30210
174|2024-08-29|29979
174|2024-08-30|43766
174|2024-09-02|127985
174|2024-09-03|33974
174|2024-09-04|38619
174|2024-09-05|30690
174|2024-09-06|28252
174|2024-09-09|40960
174|2024-09-10|38893
174|2024-09-11|158516
174|2024-09-12|35489
174|2024-09-13|33061
174|2024-09-16|38597
174|2024-09-17|23306
174|2024-09-23|60789
174|2024-09-24|36061
174|2024-09-25|33742
174|2024-09-26|30160
174|2024-09-27|28528
174|2024-09-30|48768
174|2024-10-01|99704
174|2024-10-02|28923
174|2024-10-03|27240
174|2024-10-04|28638
174|2024-10-07|43310
174|2024-10-08|196215
174|2024-10-09|90776
174|2024-10-10|26874
174|2024-10-11|31006
174|2024-10-14|48374
174|2024-10-15|51074
174|2024-10-16|30701
174|2024-10-17|32113
174|2024-10-18|26804
174|2024-10-21|34854
174|2024-10-22|28476
174|2024-10-23|28793
174|2024-10-24|45558
174|2024-10-25|29815
174|2024-10-28|40992
174|2024-10-29|33730
174|2024-10-30|39246
174|2024-11-04|137529
174|2024-11-05|36203
174|2024-11-06|28496
174|2024-11-07|26834
174|2024-11-08|29152
174|2024-11-11|40624
174|2024-11-12|28041
174|2024-11-13|26897
174|2024-11-14|25798
174|2024-11-15|26008
174|2024-11-18|37449
174|2024-11-19|35060
174|2024-11-20|34711
174|2024-11-21|24564
174|2024-11-22|39358
174|2024-11-25|41949
174|2024-11-26|27765
174|2024-11-27|28122
174|2024-11-28|28900
174|2024-11-29|31425
174|2024-12-02|115053
174|2024-12-03|26924
174|2024-12-04|28568
174|2024-12-05|28497
174|2024-12-06|28541
174|2024-12-09|42355
174|2024-12-10|28316
174|2024-12-11|25805
174|2024-12-12|28155
174|2024-12-13|25209
174|2024-12-16|38916
174|2024-12-17|23638
174|2024-12-18|22977
174|2024-12-19|23892
174|2024-12-20|24543
174|2024-12-23|35256
174|2024-12-24|38031
174|2024-12-26|30113
174|2024-12-27|30336
174|2024-12-30|43884
174|2025-01-02|75005
174|2025-01-03|121760
174|2025-01-06|44407
174|2025-01-07|25562
174|2025-01-08|24972
174|2025-01-09|25473
174|2025-01-10|25117
174|2025-01-13|35385
174|2025-01-14|23472
174|2025-01-15|23359
174|2025-01-16|46326
174|2025-01-17|22612
174|2025-01-20|32634
174|2025-01-21|23488
174|2025-01-22|23985
174|2025-01-23|31936
174|2025-01-24|23111
174|2025-01-27|32855
174|2025-01-28|23676
174|2025-01-29|23279
174|2025-01-30|28389
174|2025-01-31|29887
174|2025-02-03|126222
174|2025-02-04|29717
174|2025-02-05|26922
174|2025-02-06|26829
174|2025-02-07|26189
174|2025-02-10|37325
174|2025-02-11|23136
174|2025-02-12|22649
174|2025-02-13|29745
174|2025-02-14|21764
174|2025-02-17|33693
174|2025-02-18|23326
174|2025-02-19|23133
174|2025-02-20|24141
174|2025-02-21|23572
174|2025-02-24|35620
174|2025-02-25|29890
174|2025-02-26|23676
174|2025-02-27|27336
174|2025-02-28|27429
174|2025-03-03|113926
174|2025-03-04|27920
174|2025-03-05|31057
174|2025-03-06|29048
174|2025-03-07|31034
174|2025-03-10|43135
174|2025-03-11|28236
174|2025-03-12|25345
174|2025-03-13|25162
174|2025-03-14|31225
174|2025-03-17|37235
174|2025-03-18|24943
174|2025-03-19|26610
174|2025-03-20|26440
174|2025-03-21|24454
174|2025-03-24|44276
174|2025-03-25|25483
174|2025-03-26|98422
174|2025-03-27|26654
174|2025-03-28|37995
174|2025-03-31|48043
174|2025-04-01|105413
174|2025-04-02|28647
174|2025-04-03|26474
174|2025-04-04|30630
174|2025-04-07|44356
174|2025-04-08|28425
174|2025-04-09|25302
174|2025-04-10|25432
174|2025-04-11|18920
174|2025-04-14|53959
174|2025-04-15|23632
174|2025-04-16|27757
174|2025-04-17|25587
174|2025-04-21|42951
174|2025-04-22|23303
174|2025-04-23|34602
174|2025-04-24|23642
174|2025-04-25|24634
174|2025-04-28|39165
174|2025-04-29|28156
174|2025-04-30|34201
174|2025-05-02|111108
174|2025-05-05|42464
174|2025-05-06|30374
174|2025-05-07|32188
174|2025-05-08|28529
174|2025-05-09|29861
174|2025-05-12|37270
174|2025-05-13|24898
174|2025-05-14|30934
174|2025-05-15|27576
174|2025-05-16|113136
174|2025-05-19|46422
174|2025-05-20|25916
174|2025-05-22|35637
174|2025-05-23|28466
174|2025-05-26|38376
174|2025-05-27|26091
174|2025-05-28|27516
174|2025-05-29|26901
174|2025-05-30|31259
174|2025-06-02|117183
174|2025-06-03|23561
174|2025-06-04|28113
174|2025-06-05|28405
174|2025-06-06|30773
174|2025-06-09|40169
174|2025-06-10|27071
174|2025-06-11|25035
174|2025-06-12|24036
174|2025-06-13|28832
174|2025-06-16|39254
174|2025-06-17|22179
174|2025-06-18|22775
174|2025-06-19|25113
174|2025-06-23|38602
174|2025-06-24|31340
174|2025-06-25|50184
174|2025-06-26|26125
174|2025-06-27|116998
174|2025-06-30|45234
174|2025-07-01|97635
174|2025-07-02|28982
174|2025-07-03|25809
174|2025-07-04|25135
174|2025-07-07|43906
174|2025-07-08|28072
174|2025-07-09|25668
174|2025-07-10|23731
174|2025-07-11|53964
174|2025-07-14|38397
174|2025-07-15|23352
174|2025-07-17|32842
174|2025-07-18|50690
174|2025-07-21|38006
174|2025-07-22|22032
174|2025-07-23|26854
174|2025-07-24|24997
174|2025-07-25|22074
174|2025-07-28|37523
174|2025-07-29|23352
174|2025-07-30|29051
174|2025-07-31|29827
174|2025-08-01|100672
174|2025-08-04|42719
174|2025-08-05|25259
174|2025-08-06|26322
174|2025-08-07|24965
174|2025-08-08|26455
174|2025-08-11|37295
174|2025-08-12|30286
174|2025-08-13|26074
174|2025-08-14|25232
174|2025-08-18|41925
174|2025-08-19|28860
174|2025-08-20|22959
174|2025-08-21|24752
174|2025-08-22|26353
174|2025-08-25|38111
174|2025-08-26|26244
174|2025-08-27|25466
174|2025-08-28|27154
174|2025-08-29|28855
174|2025-09-01|119911
174|2025-09-02|25273
174|2025-09-03|25059
174|2025-09-04|24141
174|2025-09-05|29955
174|2025-09-08|39429
174|2025-09-09|24522
174|2025-09-10|25207
174|2025-09-11|2996
174|2025-09-12|151925
174|2025-09-15|35830
174|2025-09-16|30134
174|2025-09-17|16455
174|2025-09-22|49402
174|2025-09-23|28449
174|2025-09-24|26890
174|2025-09-25|22679
174|2025-09-26|31673
174|2025-09-29|36278
174|2025-09-30|29019
174|2025-10-01|99771
174|2025-10-02|23267
174|2025-10-03|23361
174|2025-10-06|38905
174|2025-10-07|24512
174|2025-10-08|25224
174|2025-10-09|32763
174|2025-10-10|1076814
174|2025-10-13|1051395
174|2025-10-14|21743
174|2025-10-15|71359
174|2025-10-16|71104
174|2025-10-17|30776
174|2025-10-20|29831
174|2025-10-21|90110
174|2025-10-22|24535
174|2025-10-23|22024
174|2025-10-24|31674
174|2025-10-27|31706
174|2025-10-28|24574
174|2025-10-29|26572
174|2025-10-30|28318
174|2025-11-03|136660
174|2025-11-04|26422
174|2025-11-05|26678
174|2025-11-06|23711
174|2025-11-07|22311
174|2025-11-10|34590
174|2025-11-11|31911
174|2025-11-12|37407
174|2025-11-13|20212
174|2025-11-14|20656
174|2025-11-17|33734
174|2025-11-18|20998
174|2025-11-19|20287
174|2025-11-20|20150
174|2025-11-21|21555
174|2025-11-24|29587
174|2025-11-25|21246
174|2025-11-26|27910
174|2025-11-27|25650
174|2025-11-28|26115
174|2025-12-01|108916
174|2025-12-02|21483
174|2025-12-03|26409
174|2025-12-04|22568
174|2025-12-05|27124
174|2025-12-09|68605
174|2025-12-10|50632
174|2025-12-11|40152
174|2025-12-12|22083
174|2025-12-15|71136
174|2025-12-16|21031
174|2025-12-17|22697
174|2025-12-18|21693
174|2025-12-19|22359
174|2025-12-22|34037
174|2025-12-23|22219
174|2025-12-24|43595
174|2025-12-26|25560
174|2025-12-29|40262
174|2025-12-30|36730
174|2026-01-02|176323
174|2026-01-05|38576
174|2026-01-06|24555
174|2026-01-07|22133
174|2026-01-08|25222
174|2026-01-09|25677
174|2026-01-12|32468
174|2026-01-13|21956
174|2026-01-14|22023
174|2026-01-15|22556
174|2026-01-16|38013
174|2026-01-19|30103
174|2026-01-20|21708
174|2026-01-21|22860
174|2026-01-22|20024
174|2026-01-23|21752
174|2026-01-26|33632
174|2026-01-27|21841
174|2026-01-28|24616
174|2026-01-29|25387
174|2026-01-30|26589
174|2026-02-02|114522
174|2026-02-03|24987
174|2026-02-04|25365
174|2026-02-05|25027
174|2026-02-06|22633
174|2026-02-09|33005
174|2026-02-10|29841
174|2026-02-11|29511
174|2026-02-12|22340
174|2026-02-13|21647
174|2026-02-16|29920
174|2026-02-17|20735
174|2026-02-18|21645
174|2026-02-19|21550
174|2026-02-20|20140
174|2026-02-23|267281
174|2026-02-24|20668
174|2026-02-25|23180
174|2026-02-26|23776
174|2026-02-27|27560
174|2026-03-02|106272
174|2026-03-03|25518
174|2026-03-04|25071
174|2026-03-05|23784
174|2026-03-06|27233
174|2026-03-09|43367
174|2026-03-10|25138
174|2026-03-11|23442
174|2026-03-12|22082
174|2026-03-13|22130
174|2026-03-16|32271
174|2026-03-17|33494
174|2026-03-18|24057
174|2026-03-19|22252
174|2026-03-20|20979
174|2026-03-23|30107
174|2026-03-24|26158
174|2026-03-25|23250
174|2026-03-26|22580
174|2026-03-27|22348
174|2026-03-30|37834
174|2026-03-31|30108
174|2026-04-01|103213
174|2026-04-02|24841
174|2026-04-06|47217
174|2026-04-07|25646
174|2026-04-08|23251
174|2026-04-09|32633
174|2026-04-10|41179
174|2026-04-13|32177
174|2026-04-14|21383
174|2026-04-15|22225
174|2026-04-16|22384
174|2026-04-17|21702
174|2026-04-20|48264
174|2026-04-21|21008
174|2026-04-22|22269
174|2026-04-23|21319
174|2026-04-24|23952
174|2026-04-27|39115
174|2026-04-28|24950
175|2023-09-28|1601
175|2023-09-29|1955
175|2023-10-02|1720
175|2023-10-03|1470
175|2023-10-04|1198
175|2023-10-05|1458
175|2023-10-06|1360
175|2023-10-10|1693
175|2023-10-11|1112
175|2023-10-12|1026
175|2023-10-13|1168
175|2023-10-16|1960
175|2023-10-17|1160
175|2023-10-18|1273
175|2023-10-19|1312
175|2023-10-20|1251
175|2023-10-23|1476
175|2023-10-24|1071
175|2023-10-25|6565
175|2023-10-26|1212
175|2023-10-30|2161
175|2023-10-31|1837
175|2023-11-03|1385
175|2023-11-04|1353
175|2023-11-06|1654
175|2023-11-08|1424
175|2023-11-09|1474
175|2023-11-10|1187
175|2023-11-11|944
175|2023-11-13|1542
175|2023-11-14|820
175|2023-11-15|879
175|2023-11-16|966
175|2023-11-17|1013
175|2023-11-20|1072
175|2023-11-21|972
175|2023-11-22|1306
175|2023-11-23|1055
175|2023-11-24|9565
175|2023-11-27|1841
175|2023-11-28|1683
175|2023-11-29|2147
175|2023-11-30|2381
175|2023-12-01|3017
175|2023-12-04|1808
175|2023-12-05|1048
175|2023-12-06|1028
175|2023-12-07|1163
175|2023-12-11|1603
175|2023-12-12|963
175|2023-12-13|959
175|2023-12-14|947
175|2023-12-15|909
175|2023-12-18|1222
175|2023-12-19|974
175|2023-12-20|981
175|2023-12-21|942
175|2023-12-22|872
175|2023-12-26|1196
175|2023-12-27|1038
175|2024-12-28|1274
175|2024-12-29|1340
175|2024-01-02|1103
175|2024-01-03|755
175|2024-01-04|785
175|2024-01-05|857
175|2024-01-08|1126
175|2024-01-09|820
175|2024-01-10|857
175|2024-01-11|767
175|2024-01-12|868
175|2024-01-15|1015
175|2024-01-16|806
175|2024-01-17|838
175|2024-01-18|876
175|2024-01-19|590
175|2024-01-22|2
175|2024-01-23|1032
175|2024-01-24|910
175|2024-01-25|1436
175|2024-01-26|6344
175|2024-01-29|7227
175|2024-01-30|1426
175|2024-01-31|1494
175|2024-02-01|3313
175|2024-02-02|1270
175|2024-02-05|1454
175|2024-02-06|941
175|2024-02-07|1356
175|2024-02-08|1130
175|2024-02-09|1245
175|2024-02-12|1484
175|2024-02-13|1274
175|2024-02-14|1096
175|2024-02-15|970
175|2024-02-16|794
175|2024-02-19|1198
175|2024-02-20|956
175|2024-02-21|950
175|2024-02-22|878
175|2024-02-23|1129
175|2024-02-26|1571
175|2024-02-27|1170
175|2024-02-28|1525
175|2024-02-29|1510
175|2024-03-01|2833
175|2024-03-04|1395
175|2024-03-05|965
175|2024-03-06|1225
175|2024-03-07|1279
175|2024-03-08|1117
175|2024-03-11|1733
175|2024-03-12|1055
175|2024-03-13|1079
175|2024-03-14|1050
175|2024-03-15|993
175|2024-03-18|1281
175|2024-03-19|954
175|2024-03-20|7153
175|2024-03-21|930
175|2024-03-22|992
175|2024-03-25|1294
175|2024-03-26|1259
175|2024-03-27|1274
175|2024-03-28|1546
175|2024-04-01|3897
175|2024-04-02|854
175|2024-04-03|881
175|2024-04-04|952
175|2024-04-05|919
175|2024-04-08|1250
175|2024-04-09|872
175|2024-04-10|883
175|2024-04-11|855
175|2024-04-12|818
175|2024-04-15|1032
175|2024-04-16|742
175|2024-04-17|835
175|2024-04-18|904
175|2024-04-19|804
175|2024-04-22|1159
175|2024-04-23|1990
175|2024-04-24|7224
175|2024-04-25|623
175|2024-04-26|1094
175|2024-04-29|1499
175|2024-04-30|1385
175|2024-05-02|1099
175|2024-05-03|699
175|2024-05-06|1077
175|2024-05-07|854
175|2024-05-08|833
175|2024-05-09|915
175|2024-05-10|769
175|2024-05-13|1040
175|2024-05-14|703
175|2024-05-15|724
175|2024-05-16|893
175|2024-05-17|800
175|2024-05-20|1096
175|2024-05-22|1027
175|2024-05-23|986
175|2024-05-24|947
175|2024-05-27|990
175|2024-05-28|920
175|2024-05-29|10405
175|2024-05-30|1241
175|2024-05-31|1370
175|2024-06-03|1064
175|2024-06-04|887
175|2024-06-05|1169
175|2024-06-06|914
175|2024-06-07|844
175|2024-06-10|1117
175|2024-06-11|1142
175|2024-06-12|1029
175|2024-06-13|1168
175|2024-06-14|691
175|2024-06-17|1147
175|2024-06-18|612
175|2024-06-19|1335
175|2024-06-21|1024
175|2024-06-24|2146
175|2024-06-25|1017
175|2024-06-26|9058
175|2024-06-27|1093
175|2024-06-28|1399
175|2024-07-01|3081
175|2024-07-02|889
175|2024-07-03|1153
175|2024-07-04|932
175|2024-07-05|736
175|2024-07-08|1326
175|2024-07-09|826
175|2024-07-10|873
175|2024-07-11|1401
175|2024-07-12|723
175|2024-07-15|898
175|2024-07-17|921
175|2024-07-18|1163
175|2024-07-19|669
175|2024-07-22|1112
175|2024-07-23|901
175|2024-07-24|1118
175|2024-07-25|1066
175|2024-07-26|7181
175|2024-07-29|1374
175|2024-07-30|1460
175|2024-07-31|1508
175|2024-08-01|2841
175|2024-08-02|762
175|2024-08-05|1144
175|2024-08-06|897
175|2024-08-07|1104
175|2024-08-08|1046
175|2024-08-09|890
175|2024-08-12|1322
175|2024-08-13|972
175|2024-08-14|827
175|2024-08-16|1096
175|2024-08-19|1455
175|2024-08-20|953
175|2024-08-21|1071
175|2024-08-22|1111
175|2024-08-23|972
175|2024-08-26|1389
175|2024-08-27|1245
175|2024-08-28|1240
175|2024-08-29|1460
175|2024-08-30|1361
175|2024-09-02|1291
175|2024-09-03|1132
175|2024-09-04|9663
175|2024-09-05|909
175|2024-09-06|579
175|2024-09-09|1093
175|2024-09-10|899
175|2024-09-11|924
175|2024-09-12|996
175|2024-09-13|1033
175|2024-09-16|1449
175|2024-09-17|765
175|2024-09-23|1359
175|2024-09-24|9005
175|2024-09-25|1215
175|2024-09-26|1189
175|2024-09-27|1139
175|2024-09-30|1792
175|2024-10-01|3072
175|2024-10-02|1039
175|2024-10-03|825
175|2024-10-04|884
175|2024-10-07|1414
175|2024-10-08|1043
175|2024-10-09|1102
175|2024-10-10|942
175|2024-10-11|790
175|2024-10-14|1236
175|2024-10-15|1006
175|2024-10-16|911
175|2024-10-17|1298
175|2024-10-18|737
175|2024-10-21|1219
175|2024-10-22|1266
175|2024-10-23|1155
175|2024-10-24|14946
175|2024-10-25|1058
175|2024-10-28|1115
175|2024-10-29|1348
175|2024-10-30|1645
175|2024-11-04|2221
175|2024-11-05|1129
175|2024-11-06|1069
175|2024-11-07|1013
175|2024-11-08|995
175|2024-11-11|1702
175|2024-11-12|1242
175|2024-11-13|1029
175|2024-11-14|1028
175|2024-11-15|917
175|2024-11-18|1195
175|2024-11-19|974
175|2024-11-20|1327
175|2024-11-21|1177
175|2024-11-22|14360
175|2024-11-25|1905
175|2024-11-26|1258
175|2024-11-27|1415
175|2024-11-28|1676
175|2024-11-29|1528
175|2024-12-02|1732
175|2024-12-03|943
175|2024-12-04|1009
175|2024-12-05|948
175|2024-12-06|836
175|2024-12-09|1748
175|2024-12-10|954
175|2024-12-11|1908
175|2024-12-12|1027
175|2024-12-13|833
175|2024-12-16|1306
175|2024-12-17|817
175|2024-12-18|838
175|2024-12-19|868
175|2024-12-20|1133
175|2024-12-23|1560
175|2024-12-24|18854
175|2024-12-26|1365
175|2024-12-27|2565
175|2024-12-30|1700
175|2025-01-02|1014
175|2025-01-03|594
175|2025-01-06|1132
175|2025-01-07|759
175|2025-01-08|815
175|2025-01-09|1042
175|2025-01-10|807
175|2025-01-13|1021
175|2025-01-14|788
175|2025-01-15|815
175|2025-01-16|5353
175|2025-01-17|753
175|2025-01-20|1064
175|2025-01-21|835
175|2025-01-22|821
175|2025-01-23|9349
175|2025-01-24|706
175|2025-01-27|890
175|2025-01-28|804
175|2025-01-29|873
175|2025-01-30|1107
175|2025-01-31|1099
175|2025-02-03|718
175|2025-02-04|676
175|2025-02-05|602
175|2025-02-06|1009
175|2025-02-07|631
175|2025-02-10|922
175|2025-02-11|799
175|2025-02-12|878
175|2025-02-13|8183
175|2025-02-14|637
175|2025-02-17|1063
175|2025-02-18|827
175|2025-02-19|888
175|2025-02-20|810
175|2025-02-21|858
175|2025-02-24|1262
175|2025-02-25|10379
175|2025-02-26|1154
175|2025-02-27|1300
175|2025-02-28|1009
175|2025-03-03|1268
175|2025-03-04|880
175|2025-03-05|1150
175|2025-03-06|1324
175|2025-03-07|1074
175|2025-03-10|1520
175|2025-03-11|1237
175|2025-03-12|1068
175|2025-03-13|1314
175|2025-03-14|6745
175|2025-03-17|1520
175|2025-03-18|1241
175|2025-03-19|1357
175|2025-03-20|1372
175|2025-03-21|1327
175|2025-03-24|7560
175|2025-03-25|1129
175|2025-03-26|1217
175|2025-03-27|1406
175|2025-03-28|1415
175|2025-03-31|2066
175|2025-04-01|2688
175|2025-04-02|1073
175|2025-04-03|1096
175|2025-04-04|5051
175|2025-04-07|1849
175|2025-04-08|932
175|2025-04-09|1090
175|2025-04-10|1231
175|2025-04-14|1428
175|2025-04-15|925
175|2025-04-16|1237
175|2025-04-17|1417
175|2025-04-21|1596
175|2025-04-22|1101
175|2025-04-23|11659
175|2025-04-24|1528
175|2025-04-25|1222
175|2025-04-28|1773
175|2025-04-29|1443
175|2025-04-30|1505
175|2025-05-02|1076
175|2025-05-05|1452
175|2025-05-06|1456
175|2025-05-07|1453
175|2025-05-08|1639
175|2025-05-09|6104
175|2025-05-12|1202
175|2025-05-13|1252
175|2025-05-14|1276
175|2025-05-15|1182
175|2025-05-16|1612
175|2025-05-19|10345
175|2025-05-20|1252
175|2025-05-22|1662
175|2025-05-23|3461
175|2025-05-26|1434
175|2025-05-27|1264
175|2025-05-28|1326
175|2025-05-29|1246
175|2025-05-30|1440
175|2025-06-02|1407
175|2025-06-03|844
175|2025-06-04|1029
175|2025-06-05|1036
175|2025-06-06|3582
175|2025-06-09|1325
175|2025-06-10|985
175|2025-06-11|1225
175|2025-06-12|1061
175|2025-06-13|8656
175|2025-06-16|1460
175|2025-06-17|1018
175|2025-06-18|1043
175|2025-06-19|1410
175|2025-06-23|1554
175|2025-06-24|8115
175|2025-06-25|1391
175|2025-06-26|1093
175|2025-06-27|1610
175|2025-06-30|1835
175|2025-07-01|2253
175|2025-07-02|1512
175|2025-07-03|933
175|2025-07-04|892
175|2025-07-07|4348
175|2025-07-08|910
175|2025-07-09|1183
175|2025-07-10|986
175|2025-07-11|909
175|2025-07-14|5055
175|2025-07-15|940
175|2025-07-17|1427
175|2025-07-18|981
175|2025-07-21|6607
175|2025-07-22|1085
175|2025-07-23|1136
175|2025-07-24|1089
175|2025-07-25|1056
175|2025-07-28|1754
175|2025-07-29|1191
175|2025-07-30|1528
175|2025-07-31|1612
175|2025-08-01|2264
175|2025-08-04|6302
175|2025-08-05|929
175|2025-08-06|943
175|2025-08-07|937
175|2025-08-08|1019
175|2025-08-11|1696
175|2025-08-12|6265
175|2025-08-13|1013
175|2025-08-14|1457
175|2025-08-18|1942
175|2025-08-19|7466
175|2025-08-20|1070
175|2025-08-21|1068
175|2025-08-22|4475
175|2025-08-25|2111
175|2025-08-26|1393
175|2025-08-27|1417
175|2025-08-28|1425
175|2025-08-29|1582
175|2025-09-01|2777
175|2025-09-02|706
175|2025-09-03|888
175|2025-09-04|966
175|2025-09-05|4347
175|2025-09-08|1880
175|2025-09-09|994
175|2025-09-10|1087
175|2025-09-12|1208
175|2025-09-15|1646
175|2025-09-16|6449
175|2025-09-22|1343
175|2025-09-23|1185
175|2025-09-24|1101
175|2025-09-25|1203
175|2025-09-26|10173
175|2025-09-29|1579
175|2025-09-30|1365
175|2025-10-01|2067
175|2025-10-02|937
175|2025-10-03|613
175|2025-10-06|1321
175|2025-10-07|950
175|2025-10-08|1282
175|2025-10-09|1043
175|2025-10-10|11049
175|2025-10-13|1244
175|2025-10-14|1130
175|2025-10-15|958
175|2025-10-16|1052
175|2025-10-17|8205
175|2025-10-20|1232
175|2025-10-21|1082
175|2025-10-22|1503
175|2025-10-23|1238
175|2025-10-24|11258
175|2025-10-27|1490
175|2025-10-28|1240
175|2025-10-29|1438
175|2025-10-30|1519
175|2025-11-03|17510
175|2025-11-04|782
175|2025-11-05|1023
175|2025-11-06|1070
175|2025-11-07|861
175|2025-11-10|1246
175|2025-11-11|1229
175|2025-11-12|7746
175|2025-11-13|883
175|2025-11-14|758
175|2025-11-17|6626
175|2025-11-18|904
175|2025-11-19|1101
175|2025-11-20|976
175|2025-11-21|826
175|2025-11-24|998
175|2025-11-25|1162
175|2025-11-26|1375
175|2025-11-27|1260
175|2025-11-28|1418
175|2025-12-01|2677
175|2025-12-02|811
175|2025-12-03|790
175|2025-12-04|865
175|2025-12-05|913
175|2025-12-09|1256
175|2025-12-10|789
175|2025-12-11|926
175|2025-12-12|690
175|2025-12-15|11203
175|2025-12-16|919
175|2025-12-17|812
175|2025-12-18|1174
175|2025-12-19|1162
175|2025-12-22|1694
175|2025-12-23|1317
175|2025-12-24|25724
175|2025-12-26|1087
175|2025-12-29|1539
175|2025-12-30|1411
175|2026-01-02|903
175|2026-01-05|1094
175|2026-01-06|729
175|2026-01-07|793
175|2026-01-08|1277
175|2026-01-09|1097
175|2026-01-12|1315
175|2026-01-13|718
175|2026-01-14|919
175|2026-01-15|808
175|2026-01-16|8262
175|2026-01-19|895
175|2026-01-20|1297
175|2026-01-21|990
175|2026-01-22|951
175|2026-01-23|937
175|2026-01-26|4328
175|2026-01-27|1071
175|2026-01-28|1262
175|2026-01-29|1413
175|2026-01-30|1326
175|2026-02-02|1224
175|2026-02-03|750
175|2026-02-04|903
175|2026-02-05|917
175|2026-02-06|1204
175|2026-02-09|1435
175|2026-02-10|8524
175|2026-02-11|7693
175|2026-02-12|1384
175|2026-02-13|988
175|2026-02-16|1681
175|2026-02-17|1103
175|2026-02-18|1039
175|2026-02-19|953
175|2026-02-20|906
175|2026-02-23|4938
175|2026-02-24|667
175|2026-02-25|1253
175|2026-02-26|1190
175|2026-02-27|1182
175|2026-03-02|1124
175|2026-03-03|763
175|2026-03-04|820
175|2026-03-05|775
175|2026-03-06|1068
175|2026-03-09|8921
175|2026-03-10|1104
175|2026-03-11|927
175|2026-03-12|1041
175|2026-03-13|1036
175|2026-03-16|1464
175|2026-03-17|12200
175|2026-03-18|1064
175|2026-03-19|949
175|2026-03-20|1156
175|2026-03-23|1117
175|2026-03-24|3928
175|2026-03-25|1494
175|2026-03-26|1050
175|2026-03-27|1112
175|2026-03-30|1716
175|2026-03-31|1622
175|2026-04-01|2547
175|2026-04-02|926
175|2026-04-06|1230
175|2026-04-07|713
175|2026-04-08|1175
175|2026-04-09|10117
175|2026-04-10|1266
175|2026-04-13|1305
175|2026-04-14|1006
175|2026-04-15|827
175|2026-04-16|1487
175|2026-04-17|952
175|2026-04-20|14287
175|2026-04-21|1180
175|2026-04-22|889
175|2026-04-23|998
175|2026-04-24|1120
175|2026-04-27|7698
175|2026-04-28|1282
176|2023-09-28|282
176|2023-09-29|147
176|2023-10-02|112
176|2023-10-03|138
176|2023-10-04|93
176|2023-10-05|134
176|2023-10-06|143
176|2023-10-10|154
176|2023-10-11|138
176|2023-10-12|205
176|2023-10-13|227
176|2023-10-16|161
176|2023-10-17|232
176|2023-10-18|210
176|2023-10-19|192
176|2023-10-20|208
176|2023-10-23|203
176|2023-10-24|217
176|2023-10-25|223
176|2023-10-26|255
176|2023-10-30|271
176|2023-10-31|234
176|2023-11-03|188
176|2023-11-04|126
176|2023-11-06|159
176|2023-11-08|111
176|2023-11-09|122
176|2023-11-10|92
176|2023-11-11|109
176|2023-11-13|318
176|2023-11-14|308
176|2023-11-15|342
176|2023-11-16|303
176|2023-11-17|294
176|2023-11-20|289
176|2023-11-21|333
176|2023-11-22|379
176|2023-11-23|373
176|2023-11-24|322
176|2023-11-27|373
176|2023-11-28|320
176|2023-11-29|381
176|2023-11-30|351
176|2023-12-01|926
176|2023-12-04|143
176|2023-12-05|111
176|2023-12-06|141
176|2023-12-07|121
176|2023-12-11|120
176|2023-12-12|107
176|2023-12-13|152
176|2023-12-14|143
176|2023-12-15|99
176|2023-12-18|162
176|2023-12-19|48
176|2023-12-20|134
176|2023-12-21|207
176|2023-12-22|155
176|2023-12-26|163
176|2023-12-27|206
176|2024-12-28|265
176|2024-12-29|113
176|2024-01-02|129
176|2024-01-03|108
176|2024-01-04|94
176|2024-01-05|155
176|2024-01-08|92
176|2024-01-09|198
176|2024-01-10|106
176|2024-01-11|123
176|2024-01-12|126
176|2024-01-15|174
176|2024-01-16|113
176|2024-01-17|115
176|2024-01-18|135
176|2024-01-19|124
176|2024-01-22|67
176|2024-01-23|214
176|2024-01-24|111
176|2024-01-25|140
176|2024-01-26|159
176|2024-01-29|135
176|2024-01-30|166
176|2024-01-31|150
176|2024-02-01|75
176|2024-02-02|125
176|2024-02-05|125
176|2024-02-06|90
176|2024-02-07|124
176|2024-02-08|157
176|2024-02-09|104
176|2024-02-12|122
176|2024-02-13|108
176|2024-02-14|1191
176|2024-02-15|128
176|2024-02-16|93
176|2024-02-19|91
176|2024-02-20|133
176|2024-02-21|111
176|2024-02-22|113
176|2024-02-23|125
176|2024-02-26|135
176|2024-02-27|169
176|2024-02-28|161
176|2024-02-29|173
176|2024-03-01|64
176|2024-03-04|151
176|2024-03-05|112
176|2024-03-06|116
176|2024-03-07|112
176|2024-03-08|102
176|2024-03-11|140
176|2024-03-12|110
176|2024-03-13|113
176|2024-03-15|110
176|2024-03-18|128
176|2024-03-19|124
176|2024-03-20|118
176|2024-03-21|132
176|2024-03-22|156
176|2024-03-25|153
176|2024-03-26|168
176|2024-03-27|221
176|2024-03-28|190
176|2024-04-01|121
176|2024-04-02|64
176|2024-04-03|141
176|2024-04-04|100
176|2024-04-05|119
176|2024-04-08|135
176|2024-04-09|94
176|2024-04-10|84
176|2024-04-11|136
176|2024-04-12|158
176|2024-04-15|123
176|2024-04-16|122
176|2024-04-17|117
176|2024-04-18|106
176|2024-04-19|163
176|2024-04-22|117
176|2024-04-23|126
176|2024-04-24|121
176|2024-04-25|171
176|2024-04-26|186
176|2024-04-29|185
176|2024-04-30|146
176|2024-05-02|82
176|2024-05-03|161
176|2024-05-06|152
176|2024-05-07|118
176|2024-05-08|114
176|2024-05-09|107
176|2024-05-10|139
176|2024-05-13|126
176|2024-05-14|111
176|2024-05-15|117
176|2024-05-16|139
176|2024-05-17|128
176|2024-05-20|119
176|2024-05-22|133
176|2024-05-23|151
176|2024-05-24|120
176|2024-05-27|180
176|2024-05-28|168
176|2024-05-29|154
176|2024-05-30|167
176|2024-05-31|113
176|2024-06-03|98
176|2024-06-04|101
176|2024-06-05|124
176|2024-06-06|94
176|2024-06-07|155
176|2024-06-10|112
176|2024-06-11|120
176|2024-06-12|120
176|2024-06-13|118
176|2024-06-14|95
176|2024-06-17|166
176|2024-06-18|149
176|2024-06-19|140
176|2024-06-21|137
176|2024-06-24|134
176|2024-06-25|146
176|2024-06-26|181
176|2024-06-27|192
176|2024-06-28|144
176|2024-07-01|108
176|2024-07-02|88
176|2024-07-03|109
176|2024-07-04|77
176|2024-07-05|123
176|2024-07-08|157
176|2024-07-09|147
176|2024-07-10|134
176|2024-07-11|140
176|2024-07-12|250
176|2024-07-15|136
176|2024-07-17|88
176|2024-07-18|103
176|2024-07-19|172
176|2024-07-22|156
176|2024-07-23|134
176|2024-07-24|129
176|2024-07-25|164
176|2024-07-26|163
176|2024-07-29|185
176|2024-07-30|109
176|2024-07-31|165
176|2024-08-01|63
176|2024-08-02|113
176|2024-08-05|88
176|2024-08-06|139
176|2024-08-07|106
176|2024-08-08|120
176|2024-08-09|120
176|2024-08-12|103
176|2024-08-13|88
176|2024-08-14|94
176|2024-08-16|66
176|2024-08-19|107
176|2024-08-20|53
176|2024-08-21|88
176|2024-08-22|72
176|2024-08-23|61
176|2024-08-26|81
176|2024-08-27|118
176|2024-08-28|97
176|2024-08-29|101
176|2024-08-30|98
176|2024-09-02|46
176|2024-09-03|45
176|2024-09-04|42
176|2024-09-05|38
176|2024-09-06|52
176|2024-09-09|79
176|2024-09-10|65
176|2024-09-11|68
176|2024-09-12|92
176|2024-09-13|119
176|2024-09-16|88
176|2024-09-17|56
176|2024-09-23|117
176|2024-09-24|94
176|2024-09-25|74
176|2024-09-26|101
176|2024-09-27|90
176|2024-09-30|94
176|2024-10-01|43
176|2024-10-02|44
176|2024-10-03|31
176|2024-10-04|53
176|2024-10-07|72
176|2024-10-08|63
176|2024-10-09|49
176|2024-10-10|42
176|2024-10-11|33
176|2024-10-14|88
176|2024-10-15|75
176|2024-10-16|73
176|2024-10-17|77
176|2024-10-18|37
176|2024-10-21|54
176|2024-10-22|45
176|2024-10-23|54
176|2024-10-24|71
176|2024-10-25|66
176|2024-10-28|81
176|2024-10-29|107
176|2024-10-30|82
176|2024-11-04|47
176|2024-11-05|48
176|2024-11-06|41
176|2024-11-07|47
176|2024-11-08|50
176|2024-11-11|304
176|2024-11-12|64
176|2024-11-13|61
176|2024-11-14|56
176|2024-11-15|50
176|2024-11-18|52
176|2024-11-19|31
176|2024-11-20|44
176|2024-11-21|35
176|2024-11-22|41
176|2024-11-25|76
176|2024-11-26|73
176|2024-11-27|83
176|2024-11-28|106
176|2024-11-29|55
176|2024-12-02|28
176|2024-12-03|31
176|2024-12-04|49
176|2024-12-05|36
176|2024-12-06|32
176|2024-12-09|69
176|2024-12-10|73
176|2024-12-11|38
176|2024-12-12|47
176|2024-12-13|51
176|2024-12-16|88
176|2024-12-17|37
176|2024-12-18|43
176|2024-12-19|39
176|2024-12-20|35
176|2024-12-23|70
176|2024-12-24|38
176|2024-12-26|70
176|2024-12-27|109
176|2024-12-30|75
176|2025-01-02|16
176|2025-01-03|70
176|2025-01-06|48
176|2025-01-07|40
176|2025-01-08|69
176|2025-01-09|47
176|2025-01-10|155
176|2025-01-13|43
176|2025-01-14|54
176|2025-01-15|30
176|2025-01-16|22
176|2025-01-17|20
176|2025-01-20|45
176|2025-01-21|27
176|2025-01-22|26
176|2025-01-23|22
176|2025-01-24|44
176|2025-01-27|53
176|2025-01-28|35
176|2025-01-29|56
176|2025-01-30|83
176|2025-01-31|35
176|2025-02-03|26
176|2025-02-04|33
176|2025-02-05|29
176|2025-02-06|35
176|2025-02-07|56
176|2025-02-10|49
176|2025-02-11|39
176|2025-02-12|29
176|2025-02-13|25
176|2025-02-14|47
176|2025-02-17|22
176|2025-02-18|5261
176|2025-02-19|60
176|2025-02-20|69
176|2025-02-21|82
176|2025-02-24|86
176|2025-02-25|26
176|2025-02-26|126
176|2025-02-27|96
176|2025-02-28|83
176|2025-03-03|41
176|2025-03-04|47
176|2025-03-05|71
176|2025-03-06|57
176|2025-03-07|62
176|2025-03-10|95
176|2025-03-11|70
176|2025-03-12|44
176|2025-03-13|77
176|2025-03-14|87
176|2025-03-17|71
176|2025-03-18|45
176|2025-03-19|44
176|2025-03-20|39
176|2025-03-21|80
176|2025-03-24|80
176|2025-03-25|62
176|2025-03-26|84
176|2025-03-27|58
176|2025-03-28|152
176|2025-03-31|52
176|2025-04-01|32
176|2025-04-02|27
176|2025-04-03|1687
176|2025-04-04|94
176|2025-04-07|69
176|2025-04-08|31
176|2025-04-09|59
176|2025-04-10|76
176|2025-04-14|71
176|2025-04-15|69
176|2025-04-16|52
176|2025-04-17|83
176|2025-04-21|574
176|2025-04-22|69
176|2025-04-23|74
176|2025-04-24|76
176|2025-04-25|80
176|2025-04-28|375
176|2025-04-29|133
176|2025-04-30|172
176|2025-05-02|78
176|2025-05-05|74
176|2025-05-06|78
176|2025-05-07|62
176|2025-05-08|48
176|2025-05-09|68
176|2025-05-12|64
176|2025-05-13|445
176|2025-05-14|62
176|2025-05-15|68
176|2025-05-16|94
176|2025-05-19|73
176|2025-05-20|77
176|2025-05-22|76
176|2025-05-23|68
176|2025-05-26|101
176|2025-05-27|108
176|2025-05-28|655
176|2025-05-29|89
176|2025-05-30|74
176|2025-06-02|43
176|2025-06-03|74
176|2025-06-04|321
176|2025-06-05|52
176|2025-06-06|66
176|2025-06-09|71
176|2025-06-10|59
176|2025-06-11|41
176|2025-06-12|48
176|2025-06-13|56
176|2025-06-16|130
176|2025-06-17|94
176|2025-06-18|57
176|2025-06-19|557
176|2025-06-23|172
176|2025-06-24|208
176|2025-06-25|84
176|2025-06-26|145
176|2025-06-27|151
176|2025-06-30|180
176|2025-07-01|64
176|2025-07-02|119
176|2025-07-03|87
176|2025-07-04|131
176|2025-07-07|79
176|2025-07-08|112
176|2025-07-09|106
176|2025-07-10|91
176|2025-07-11|110
176|2025-07-14|155
176|2025-07-15|108
176|2025-07-17|122
176|2025-07-18|151
176|2025-07-21|168
176|2025-07-22|175
176|2025-07-23|76
176|2025-07-24|113
176|2025-07-25|162
176|2025-07-28|149
176|2025-07-29|142
176|2025-07-30|193
176|2025-07-31|158
176|2025-08-01|154
176|2025-08-04|108
176|2025-08-05|61
176|2025-08-06|94
176|2025-08-07|192
176|2025-08-08|116
176|2025-08-11|125
176|2025-08-12|138
176|2025-08-13|127
176|2025-08-14|113
176|2025-08-18|126
176|2025-08-19|122
176|2025-08-20|165
176|2025-08-21|128
176|2025-08-22|83
176|2025-08-25|170
176|2025-08-26|158
176|2025-08-27|134
176|2025-08-28|195
176|2025-08-29|280
176|2025-09-01|69
176|2025-09-02|96
176|2025-09-03|95
176|2025-09-04|95
176|2025-09-05|85
176|2025-09-08|168
176|2025-09-09|78
176|2025-09-10|107
176|2025-09-11|49
176|2025-09-12|253
176|2025-09-15|82
176|2025-09-16|182
176|2025-09-17|64
176|2025-09-22|148
176|2025-09-23|190
176|2025-09-24|155
176|2025-09-25|127
176|2025-09-26|167
176|2025-09-29|185
176|2025-09-30|146
176|2025-10-01|95
176|2025-10-02|70
176|2025-10-03|105
176|2025-10-06|655
176|2025-10-07|112
176|2025-10-08|184
176|2025-10-09|102
176|2025-10-10|49
176|2025-10-13|279
176|2025-10-14|121
176|2025-10-15|111
176|2025-10-16|140
176|2025-10-17|111
176|2025-10-20|119
176|2025-10-21|212
176|2025-10-22|138
176|2025-10-23|129
176|2025-10-24|164
176|2025-10-27|119
176|2025-10-28|144
176|2025-10-29|261
176|2025-10-30|135
176|2025-11-03|120
176|2025-11-04|101
176|2025-11-05|110
176|2025-11-06|84
176|2025-11-07|140
176|2025-11-10|142
176|2025-11-11|140
176|2025-11-12|129
176|2025-11-13|99
176|2025-11-14|141
176|2025-11-17|103
176|2025-11-18|154
176|2025-11-19|61
176|2025-11-20|101
176|2025-11-21|119
176|2025-11-24|108
176|2025-11-25|152
176|2025-11-26|141
176|2025-11-27|218
176|2025-11-28|157
176|2025-12-01|64
176|2025-12-02|85
176|2025-12-03|99
176|2025-12-04|88
176|2025-12-05|91
176|2025-12-09|118
176|2025-12-10|119
176|2025-12-11|100
176|2025-12-12|120
176|2025-12-15|180
176|2025-12-16|124
176|2025-12-17|112
176|2025-12-18|189
176|2025-12-19|100
176|2025-12-22|172
176|2025-12-23|105
176|2025-12-24|206
176|2025-12-26|105
176|2025-12-29|157
176|2025-12-30|124
176|2026-01-02|111
176|2026-01-05|118
176|2026-01-06|114
176|2026-01-07|141
176|2026-01-08|75
176|2026-01-09|418
176|2026-01-12|139
176|2026-01-13|95
176|2026-01-14|134
176|2026-01-15|122
176|2026-01-16|126
176|2026-01-19|108
176|2026-01-20|116
176|2026-01-21|108
176|2026-01-22|109
176|2026-01-23|97
176|2026-01-26|143
176|2026-01-27|123
176|2026-01-28|134
176|2026-01-29|164
176|2026-01-30|82
176|2026-02-02|142
176|2026-02-03|95
176|2026-02-04|143
176|2026-02-05|159
176|2026-02-06|76
176|2026-02-09|101
176|2026-02-10|95
176|2026-02-11|128
176|2026-02-12|98
176|2026-02-13|82
176|2026-02-16|108
176|2026-02-17|97
176|2026-02-18|122
176|2026-02-19|69
176|2026-02-20|93
176|2026-02-23|146
176|2026-02-24|41
176|2026-02-25|146
176|2026-02-26|129
176|2026-02-27|128
176|2026-03-02|82
176|2026-03-03|70
176|2026-03-04|75
176|2026-03-05|84
176|2026-03-06|83
176|2026-03-09|95
176|2026-03-10|140
176|2026-03-11|95
176|2026-03-12|127
176|2026-03-13|51
176|2026-03-16|158
176|2026-03-17|114
176|2026-03-18|91
176|2026-03-19|81
176|2026-03-20|129
176|2026-03-23|165
176|2026-03-24|156
176|2026-03-25|101
176|2026-03-26|104
176|2026-03-27|140
176|2026-03-30|131
176|2026-03-31|128
176|2026-04-01|84
176|2026-04-02|90
176|2026-04-06|139
176|2026-04-07|54
176|2026-04-08|141
176|2026-04-09|93
176|2026-04-10|101
176|2026-04-13|94
176|2026-04-14|126
176|2026-04-15|89
176|2026-04-16|105
176|2026-04-17|98
176|2026-04-20|122
176|2026-04-21|87
176|2026-04-22|62
176|2026-04-23|148
176|2026-04-24|115
176|2026-04-27|120
176|2026-04-28|167
177|2023-09-28|1694
177|2023-09-29|1371
177|2023-10-02|1651
177|2023-10-03|1796
177|2023-10-04|1859
177|2023-10-05|1701
177|2023-10-06|1414
177|2023-10-10|1974
177|2023-10-11|2398
177|2023-10-12|2336
177|2023-10-13|2029
177|2023-10-16|2494
177|2023-10-17|2597
177|2023-10-18|2575
177|2023-10-19|2622
177|2023-10-20|2211
177|2023-10-23|2778
177|2023-10-24|2468
177|2023-10-25|2549
177|2023-10-26|1877
177|2023-10-30|1909
177|2023-10-31|1512
177|2023-11-03|1693
177|2023-11-04|1564
177|2023-11-06|1817
177|2023-11-08|1857
177|2023-11-09|1781
177|2023-11-10|1874
177|2023-11-11|1992
177|2023-11-13|2478
177|2023-11-14|2039
177|2023-11-15|2205
177|2023-11-16|2335
177|2023-11-17|2050
177|2023-11-20|1988
177|2023-11-21|2529
177|2023-11-22|3000
177|2023-11-23|2874
177|2023-11-24|2679
177|2023-11-27|2831
177|2023-11-28|2693
177|2023-11-29|2112
177|2023-11-30|1983
177|2023-12-01|1943
177|2023-12-04|2021
177|2023-12-05|2141
177|2023-12-06|1906
177|2023-12-07|1804
177|2023-12-11|1862
177|2023-12-12|1573
177|2023-12-13|1940
177|2023-12-14|1718
177|2023-12-15|1561
177|2023-12-18|1858
177|2023-12-19|1745
177|2023-12-20|1626
177|2023-12-21|1473
177|2023-12-22|1170
177|2023-12-26|1438
177|2023-12-27|1547
177|2024-12-28|1450
177|2024-12-29|1237
177|2024-01-02|1595
177|2024-01-03|1704
177|2024-01-04|1834
177|2024-01-05|1463
177|2024-01-08|1802
177|2024-01-09|1766
177|2024-01-10|1778
177|2024-01-11|1708
177|2024-01-12|1505
177|2024-01-15|1800
177|2024-01-16|1723
177|2024-01-17|1787
177|2024-01-18|1857
177|2024-01-19|1404
177|2024-01-22|1609
177|2024-01-23|1817
177|2024-01-24|1692
177|2024-01-25|1674
177|2024-01-26|1398
177|2024-01-29|1409
177|2024-01-30|1374
177|2024-01-31|1539
177|2024-02-01|1311
177|2024-02-02|1210
177|2024-02-05|1430
177|2024-02-06|1602
177|2024-02-07|1580
177|2024-02-08|1554
177|2024-02-09|1337
177|2024-02-12|1561
177|2024-02-13|1629
177|2024-02-14|1264
177|2024-02-15|1499
177|2024-02-16|1247
177|2024-02-19|1358
177|2024-02-20|1681
177|2024-02-21|1669
177|2024-02-22|1584
177|2024-02-23|1353
177|2024-02-26|1894
177|2024-02-27|1840
177|2024-02-28|1770
177|2024-02-29|1670
177|2024-03-01|1386
177|2024-03-04|1729
177|2024-03-05|1987
177|2024-03-06|1746
177|2024-03-07|1674
177|2024-03-08|1413
177|2024-03-11|1747
177|2024-03-12|1868
177|2024-03-13|1725
177|2024-03-14|1548
177|2024-03-15|1298
177|2024-03-18|1493
177|2024-03-19|1427
177|2024-03-20|1518
177|2024-03-21|1614
177|2024-03-22|1202
177|2024-03-25|1520
177|2024-03-26|1691
177|2024-03-27|1661
177|2024-03-28|1468
177|2024-04-01|1622
177|2024-04-02|1643
177|2024-04-03|1542
177|2024-04-04|1521
177|2024-04-05|1410
177|2024-04-08|1652
177|2024-04-09|1486
177|2024-04-10|1441
177|2024-04-11|1464
177|2024-04-12|1237
177|2024-04-15|1554
177|2024-04-16|1567
177|2024-04-17|1617
177|2024-04-18|1566
177|2024-04-19|1153
177|2024-04-22|1596
177|2024-04-23|1406
177|2024-04-24|1492
177|2024-04-25|1371
177|2024-04-26|1193
177|2024-04-29|1489
177|2024-04-30|1475
177|2024-05-02|1469
177|2024-05-03|1299
177|2024-05-06|1571
177|2024-05-07|1353
177|2024-05-08|1458
177|2024-05-09|1394
177|2024-05-10|1104
177|2024-05-13|1446
177|2024-05-14|1407
177|2024-05-15|1457
177|2024-05-16|1490
177|2024-05-17|1243
177|2024-05-20|1388
177|2024-05-22|1412
177|2024-05-23|1434
177|2024-05-24|1169
177|2024-05-27|1545
177|2024-05-28|1543
177|2024-05-29|1540
177|2024-05-30|1489
177|2024-05-31|1285
177|2024-06-03|1747
177|2024-06-04|1815
177|2024-06-05|1774
177|2024-06-06|1482
177|2024-06-07|2231
177|2024-06-10|2504
177|2024-06-11|2289
177|2024-06-12|2073
177|2024-06-13|2457
177|2024-06-14|1707
177|2024-06-17|2395
177|2024-06-18|2110
177|2024-06-19|2223
177|2024-06-21|1738
177|2024-06-24|2338
177|2024-06-25|2337
177|2024-06-26|2343
177|2024-06-27|2160
177|2024-06-28|2224
177|2024-07-01|2325
177|2024-07-02|2441
177|2024-07-03|2419
177|2024-07-04|2281
177|2024-07-05|1892
177|2024-07-08|2120
177|2024-07-09|2299
177|2024-07-10|2142
177|2024-07-11|2117
177|2024-07-12|1511
177|2024-07-15|1558
177|2024-07-17|2042
177|2024-07-18|1889
177|2024-07-19|1643
177|2024-07-22|2068
177|2024-07-23|2099
177|2024-07-24|2393
177|2024-07-25|2209
177|2024-07-26|1789
177|2024-07-29|2352
177|2024-07-30|2308
177|2024-07-31|2732
177|2024-08-01|2254
177|2024-08-02|1768
177|2024-08-05|2341
177|2024-08-06|2404
177|2024-08-07|2301
177|2024-08-08|2259
177|2024-08-09|1920
177|2024-08-12|2144
177|2024-08-13|2160
177|2024-08-14|2005
177|2024-08-16|2159
177|2024-08-19|2226
177|2024-08-20|2131
177|2024-08-21|2148
177|2024-08-22|1989
177|2024-08-23|1842
177|2024-08-26|2132
177|2024-08-27|2134
177|2024-08-28|2111
177|2024-08-29|2099
177|2024-08-30|1847
177|2024-09-02|2123
177|2024-09-03|2322
177|2024-09-04|2198
177|2024-09-05|1968
177|2024-09-06|1761
177|2024-09-09|16128688
177|2024-09-10|1846
177|2024-09-11|2149
177|2024-09-12|1841
177|2024-09-13|1472
177|2024-09-16|3881
177|2024-09-17|1375
177|2024-09-23|5175
177|2024-09-24|2068
177|2024-09-25|2182
177|2024-09-26|2013
177|2024-09-27|1904
177|2024-09-30|4167
177|2024-10-01|2086
177|2024-10-02|1905
177|2024-10-03|1896
177|2024-10-04|1552
177|2024-10-07|3768
177|2024-10-08|2017
177|2024-10-09|1919
177|2024-10-10|2188
177|2024-10-11|1752
177|2024-10-14|3792
177|2024-10-15|2113
177|2024-10-16|2256
177|2024-10-17|2110
177|2024-10-18|1494
177|2024-10-21|2876
177|2024-10-22|1811
177|2024-10-23|1881
177|2024-10-24|2259
177|2024-10-25|1736
177|2024-10-28|3835
177|2024-10-29|1962
177|2024-10-30|1794
177|2024-11-04|4598
177|2024-11-05|2013
177|2024-11-06|2124
177|2024-11-07|1977
177|2024-11-08|1845
177|2024-11-11|4002
177|2024-11-12|2249
177|2024-11-13|2052
177|2024-11-14|2021
177|2024-11-15|1630
177|2024-11-18|4286
177|2024-11-19|2192
177|2024-11-20|2066
177|2024-11-21|2055
177|2024-11-22|1885
177|2024-11-25|4701
177|2024-11-26|2439
177|2024-11-27|2337
177|2024-11-28|2117
177|2024-11-29|1743
177|2024-12-02|3705
177|2024-12-03|1957
177|2024-12-04|2093
177|2024-12-05|1981
177|2024-12-06|1474
177|2024-12-09|3196
177|2024-12-10|2103
177|2024-12-11|1957
177|2024-12-12|1954
177|2024-12-13|1505
177|2024-12-16|3385
177|2024-12-17|1891
177|2024-12-18|1826
177|2024-12-19|1916
177|2024-12-20|1507
177|2024-12-23|3087
177|2024-12-24|1038
177|2024-12-26|2746
177|2024-12-27|1742
177|2024-12-30|3433
177|2025-01-02|3426
177|2025-01-03|1724
177|2025-01-06|3721
177|2025-01-07|2159
177|2025-01-08|1925
177|2025-01-09|1999
177|2025-01-10|1624
177|2025-01-13|3569
177|2025-01-14|2106
177|2025-01-15|1983
177|2025-01-16|2210
177|2025-01-17|1712
177|2025-01-20|3593
177|2025-01-21|2110
177|2025-01-22|1990
177|2025-01-23|1975
177|2025-01-24|1640
177|2025-01-27|2897
177|2025-01-28|1829
177|2025-01-29|1480
177|2025-01-30|2126
177|2025-01-31|2804
177|2025-02-03|5022
177|2025-02-04|2461
177|2025-02-05|2351
177|2025-02-06|2188
177|2025-02-07|1852
177|2025-02-10|3856
177|2025-02-11|2148
177|2025-02-12|1891
177|2025-02-13|1976
177|2025-02-14|1579
177|2025-02-17|3422
177|2025-02-18|2008
177|2025-02-19|2041
177|2025-02-20|2040
177|2025-02-21|1780
177|2025-02-24|4315
177|2025-02-25|1367
177|2025-02-26|2182
177|2025-02-27|2253
177|2025-02-28|1317
177|2025-03-03|4834
177|2025-03-04|2416
177|2025-03-05|2374
177|2025-03-06|2167
177|2025-03-07|1861
177|2025-03-10|3718
177|2025-03-11|2206
177|2025-03-12|2050
177|2025-03-13|2150
177|2025-03-14|1707
177|2025-03-17|3948
177|2025-03-18|2119
177|2025-03-19|2034
177|2025-03-20|2079
177|2025-03-21|1780
177|2025-03-24|3779
177|2025-03-25|1908
177|2025-03-26|1946
177|2025-03-27|2041
177|2025-03-28|1695
177|2025-03-31|3876
177|2025-04-01|1903
177|2025-04-02|1971
177|2025-04-03|1892
177|2025-04-04|1665
177|2025-04-07|10477798
177|2025-04-08|684
177|2025-04-09|1889
177|2025-04-10|1710
177|2025-04-11|1616
177|2025-04-14|3453
177|2025-04-15|1584
177|2025-04-16|1937
177|2025-04-17|1610
177|2025-04-21|3834
177|2025-04-22|1727
177|2025-04-23|1859
177|2025-04-24|1889
177|2025-04-25|1597
177|2025-04-28|3642
177|2025-04-29|2047
177|2025-04-30|1853
177|2025-05-02|2821
177|2025-05-05|3703
177|2025-05-06|1933
177|2025-05-07|1960
177|2025-05-08|1747
177|2025-05-09|1608
177|2025-05-12|3373
177|2025-05-13|1899
177|2025-05-14|1892
177|2025-05-15|1846
177|2025-05-16|1569
177|2025-05-19|3544
177|2025-05-20|1845
177|2025-05-22|3111
177|2025-05-23|1774
177|2025-05-26|3497
177|2025-05-27|1949
177|2025-05-28|1903
177|2025-05-29|1822
177|2025-05-30|1735
177|2025-06-02|3729
177|2025-06-03|1913
177|2025-06-04|1964
177|2025-06-05|1940
177|2025-06-06|1582
177|2025-06-09|3522
177|2025-06-10|1933
177|2025-06-11|1749
177|2025-06-12|1658
177|2025-06-13|1496
177|2025-06-16|3097
177|2025-06-17|1823
177|2025-06-18|1835
177|2025-06-19|1654
177|2025-06-23|3703
177|2025-06-24|1923
177|2025-06-25|1865
177|2025-06-26|1817
177|2025-06-27|1578
177|2025-06-30|3297
177|2025-07-01|1835
177|2025-07-02|2013
177|2025-07-03|1979
177|2025-07-04|1620
177|2025-07-07|3326
177|2025-07-08|1852
177|2025-07-09|1813
177|2025-07-10|1838
177|2025-07-11|1257
177|2025-07-14|3148
177|2025-07-15|1705
177|2025-07-17|3190
177|2025-07-18|1666
177|2025-07-21|3434
177|2025-07-22|1968
177|2025-07-23|1946
177|2025-07-24|1733
177|2025-07-25|1407
177|2025-07-28|3349
177|2025-07-29|1741
177|2025-07-30|1638
177|2025-07-31|1730
177|2025-08-01|1525
177|2025-08-04|3100
177|2025-08-05|1825
177|2025-08-06|1935
177|2025-08-07|1785
177|2025-08-08|1259
177|2025-08-11|2843
177|2025-08-12|2277
177|2025-08-13|1830
177|2025-08-14|1611
177|2025-08-18|3737
177|2025-08-19|1769
177|2025-08-20|1678
177|2025-08-21|1573
177|2025-08-22|1516
177|2025-08-25|3312
177|2025-08-26|1785
177|2025-08-27|1704
177|2025-08-28|1877
177|2025-08-29|1566
177|2025-09-01|3726
177|2025-09-02|1915
177|2025-09-03|1661
177|2025-09-04|1703
177|2025-09-05|1399
177|2025-09-08|3137
177|2025-09-09|1736
177|2025-09-10|1660
177|2025-09-11|1576
177|2025-09-12|1275
177|2025-09-15|3066
177|2025-09-16|1635
177|2025-09-17|1154
177|2025-09-22|3751
177|2025-09-23|1764
177|2025-09-24|1701
177|2025-09-25|1591
177|2025-09-26|1468
177|2025-09-29|2985
177|2025-09-30|1896
177|2025-10-01|1688
177|2025-10-02|1603
177|2025-10-03|1377
177|2025-10-06|3266
177|2025-10-07|1789
177|2025-10-08|1950
177|2025-10-09|1993
177|2025-10-10|1644
177|2025-10-13|3357
177|2025-10-14|2197
177|2025-10-15|1960
177|2025-10-16|1964
177|2025-10-17|1570
177|2025-10-20|3574
177|2025-10-21|1888
177|2025-10-22|1711
177|2025-10-23|1689
177|2025-10-24|1443
177|2025-10-27|3125
177|2025-10-28|1664
177|2025-10-29|1617
177|2025-10-30|1394
177|2025-11-03|3461
177|2025-11-04|1776
177|2025-11-05|1405
177|2025-11-06|1628
177|2025-11-07|1475
177|2025-11-10|3112
177|2025-11-11|1716
177|2025-11-12|1628
177|2025-11-13|1523
177|2025-11-14|1293
177|2025-11-17|2951
177|2025-11-18|1597
177|2025-11-19|1623
177|2025-11-20|1549
177|2025-11-21|1353
177|2025-11-24|2634
177|2025-11-25|1572
177|2025-11-26|1957
177|2025-11-27|1719
177|2025-11-28|1608
177|2025-12-01|3265
177|2025-12-02|1631
177|2025-12-03|1578
177|2025-12-04|1542
177|2025-12-05|1349
177|2025-12-09|3690
177|2025-12-10|1836
177|2025-12-11|1683
177|2025-12-12|1687
177|2025-12-15|3692
177|2025-12-16|1768
177|2025-12-17|1703
177|2025-12-18|1628
177|2025-12-19|1648
177|2025-12-22|3620
177|2025-12-23|1586
177|2025-12-24|954
177|2025-12-26|2198
177|2025-12-29|3264
177|2025-12-30|1699
177|2026-01-02|2479
177|2026-01-05|3008
177|2026-01-06|1831
177|2026-01-07|1837
177|2026-01-08|1849
177|2026-01-09|1555
177|2026-01-12|3213
177|2026-01-13|2358
177|2026-01-14|2104
177|2026-01-15|2009
177|2026-01-16|1662
177|2026-01-19|3163
177|2026-01-20|2004
177|2026-01-21|2045
177|2026-01-22|1745
177|2026-01-23|1664
177|2026-01-26|3270
177|2026-01-27|1824
177|2026-01-28|2116
177|2026-01-29|1935
177|2026-01-30|1710
177|2026-02-02|3238
177|2026-02-03|1788
177|2026-02-04|1777
177|2026-02-05|1787
177|2026-02-06|1649
177|2026-02-09|2802
177|2026-02-10|1539
177|2026-02-11|1856
177|2026-02-12|1769
177|2026-02-13|1417
177|2026-02-16|2663
177|2026-02-17|1542
177|2026-02-18|1758
177|2026-02-19|1635
177|2026-02-20|1310
177|2026-02-23|2988
177|2026-02-24|1567
177|2026-02-25|1879
177|2026-02-26|1922
177|2026-02-27|1848
177|2026-03-02|3209
177|2026-03-03|2897
177|2026-03-04|2599
177|2026-03-05|2190
177|2026-03-06|1760
177|2026-03-09|3124
177|2026-03-10|2250
177|2026-03-11|2185
177|2026-03-12|1862
177|2026-03-13|1524
177|2026-03-16|3082
177|2026-03-17|1828
177|2026-03-18|1890
177|2026-03-19|1940
177|2026-03-20|1428
177|2026-03-23|3089
177|2026-03-24|2037
177|2026-03-25|1886
177|2026-03-26|2023
177|2026-03-27|1370
177|2026-03-30|3293
177|2026-03-31|1758
177|2026-04-01|1541
177|2026-04-02|1689
177|2026-04-06|3456
177|2026-04-07|1990
177|2026-04-08|1788
177|2026-04-09|1656
177|2026-04-10|1424
177|2026-04-13|2927
177|2026-04-14|1456
177|2026-04-15|1483
177|2026-04-16|1586
177|2026-04-17|1391
177|2026-04-20|2758
177|2026-04-21|1793
177|2026-04-22|1705
177|2026-04-23|1587
177|2026-04-24|1305
177|2026-04-27|2791
177|2026-04-28|1840
178|2023-09-28|4109
178|2023-09-29|2979
178|2023-10-02|3722
178|2023-10-03|4455
178|2023-10-04|4262
178|2023-10-05|4263
178|2023-10-06|3469
178|2023-10-10|4300
178|2023-10-11|4731
178|2023-10-12|4674
178|2023-10-13|3488
178|2023-10-16|4879
178|2023-10-17|4604
178|2023-10-18|4597
178|2023-10-19|4596
178|2023-10-20|3642
178|2023-10-23|4640
178|2023-10-24|4573
178|2023-10-25|4530
178|2023-10-26|4167
178|2023-10-30|4244
178|2023-10-31|3584
178|2023-11-03|3531
178|2023-11-04|3239
178|2023-11-06|3899
178|2023-11-08|4407
178|2023-11-09|4491
178|2023-11-10|4282
178|2023-11-11|3547
178|2023-11-13|4653
178|2023-11-14|4256
178|2023-11-15|4581
178|2023-11-16|4573
178|2023-11-17|3484
178|2023-11-20|4256
178|2023-11-21|4525
178|2023-11-22|4524
178|2023-11-23|4647
178|2023-11-24|3594
178|2023-11-27|4583
178|2023-11-28|4685
178|2023-11-29|4229
178|2023-11-30|3972
178|2023-12-01|3064
178|2023-12-04|4092
178|2023-12-05|4506
178|2023-12-06|4417
178|2023-12-07|4169
178|2023-12-11|4200
178|2023-12-12|4255
178|2023-12-13|4387
178|2023-12-14|4094
178|2023-12-15|3289
178|2023-12-18|4211
178|2023-12-19|4356
178|2023-12-20|3900
178|2023-12-21|3800
178|2023-12-22|2795
178|2023-12-26|3655
178|2023-12-27|3748
178|2024-12-28|3351
178|2024-12-29|2515
178|2024-01-02|3078
178|2024-01-03|3505
178|2024-01-04|4013
178|2024-01-05|3176
178|2024-01-08|3912
178|2024-01-09|4018
178|2024-01-10|4038
178|2024-01-11|3765
178|2024-01-12|3277
178|2024-01-15|3619
178|2024-01-16|3778
178|2024-01-17|3782
178|2024-01-18|3938
178|2024-01-19|2936
178|2024-01-22|3517
178|2024-01-23|3745
178|2024-01-24|3676
178|2024-01-25|3631
178|2024-01-26|2884
178|2024-01-29|3536
178|2024-01-30|3637
178|2024-01-31|3393
178|2024-02-01|3419
178|2024-02-02|2958
178|2024-02-05|3619
178|2024-02-06|3264
178|2024-02-07|3833
178|2024-02-08|3745
178|2024-02-09|3031
178|2024-02-12|3534
178|2024-02-13|3595
178|2024-02-14|3305
178|2024-02-15|3215
178|2024-02-16|2764
178|2024-02-19|2940
178|2024-02-20|3769
178|2024-02-21|3661
178|2024-02-22|3619
178|2024-02-23|3025
178|2024-02-26|3939
178|2024-02-27|3834
178|2024-02-28|3905
178|2024-02-29|3427
178|2024-03-01|2737
178|2024-03-04|3127
178|2024-03-05|4300
178|2024-03-06|4061
178|2024-03-07|4084
178|2024-03-08|3319
178|2024-03-11|4115
178|2024-03-12|4319
178|2024-03-13|4234
178|2024-03-14|4120
178|2024-03-15|3360
178|2024-03-18|4027
178|2024-03-19|4115
178|2024-03-20|4250
178|2024-03-21|4273
178|2024-03-22|3066
178|2024-03-25|4006
178|2024-03-26|4463
178|2024-03-27|4209
178|2024-03-28|3434
178|2024-04-01|3331
178|2024-04-02|3594
178|2024-04-03|3704
178|2024-04-04|3933
178|2024-04-05|3250
178|2024-04-08|4086
178|2024-04-09|4052
178|2024-04-10|3951
178|2024-04-11|3932
178|2024-04-12|3077
178|2024-04-15|3775
178|2024-04-16|3919
178|2024-04-17|4100
178|2024-04-18|3780
178|2024-04-19|3000
178|2024-04-22|3932
178|2024-04-23|3832
178|2024-04-24|3654
178|2024-04-25|3643
178|2024-04-26|2930
178|2024-04-29|3645
178|2024-04-30|3070
178|2024-05-02|3476
178|2024-05-03|2960
178|2024-05-06|3758
178|2024-05-07|3584
178|2024-05-08|3892
178|2024-05-09|3606
178|2024-05-10|2922
178|2024-05-13|3726
178|2024-05-14|3874
178|2024-05-15|3739
178|2024-05-16|3663
178|2024-05-17|3111
178|2024-05-20|3333
178|2024-05-22|3797
178|2024-05-23|3761
178|2024-05-24|2929
178|2024-05-27|3904
178|2024-05-28|3993
178|2024-05-29|3925
178|2024-05-30|3928
178|2024-05-31|2726
178|2024-06-03|3615
178|2024-06-04|3749
178|2024-06-05|4025
178|2024-06-06|3824
178|2024-06-07|3280
178|2024-06-10|3933
178|2024-06-11|3875
178|2024-06-12|3831
178|2024-06-13|3609
178|2024-06-14|3044
178|2024-06-17|3979
178|2024-06-18|3400
178|2024-06-19|3603
178|2024-06-21|2724
178|2024-06-24|3686
178|2024-06-25|3994
178|2024-06-26|3732
178|2024-06-27|3551
178|2024-06-28|2831
178|2024-07-01|2927
178|2024-07-02|3576
178|2024-07-03|3764
178|2024-07-04|3605
178|2024-07-05|2770
178|2024-07-08|3696
178|2024-07-09|3816
178|2024-07-10|3881
178|2024-07-11|3942
178|2024-07-12|2522
178|2024-07-15|3087
178|2024-07-17|3360
178|2024-07-18|3619
178|2024-07-19|2372
178|2024-07-22|3817
178|2024-07-23|3728
178|2024-07-24|3987
178|2024-07-25|3925
178|2024-07-26|3031
178|2024-07-29|3662
178|2024-07-30|3913
178|2024-07-31|3416
178|2024-08-01|3219
178|2024-08-02|2539
178|2024-08-05|3459
178|2024-08-06|3811
178|2024-08-07|3796
178|2024-08-08|4116
178|2024-08-09|3103
178|2024-08-12|4010
178|2024-08-13|3892
178|2024-08-14|4002
178|2024-08-16|3193
178|2024-08-19|3990
178|2024-08-20|3979
178|2024-08-21|3986
178|2024-08-22|3885
178|2024-08-23|3160
178|2024-08-26|3975
178|2024-08-27|3885
178|2024-08-28|4073
178|2024-08-29|3960
178|2024-08-30|2808
178|2024-09-02|3627
178|2024-09-03|4161
178|2024-09-04|3960
178|2024-09-05|3760
178|2024-09-06|2835
178|2024-09-09|3908
178|2024-09-10|3694
178|2024-09-11|3953
178|2024-09-12|3492
178|2024-09-13|2361
178|2024-09-16|3210
178|2024-09-17|2186
178|2024-09-23|3121
178|2024-09-24|3586
178|2024-09-25|3589
178|2024-09-26|3669
178|2024-09-27|3005
178|2024-09-30|3388
178|2024-10-01|3453
178|2024-10-02|3373
178|2024-10-03|3678
178|2024-10-04|2660
178|2024-10-07|3780
178|2024-10-08|3982
178|2024-10-09|4151
178|2024-10-10|4473
178|2024-10-11|3212
178|2024-10-14|3922
178|2024-10-15|4063
178|2024-10-16|4495
178|2024-10-17|4220
178|2024-10-18|2766
178|2024-10-21|3655
178|2024-10-22|4339
178|2024-10-23|4329
178|2024-10-24|4432
178|2024-10-25|3446
178|2024-10-28|4003
178|2024-10-29|4324
178|2024-10-30|3645
178|2024-11-04|3195
178|2024-11-05|4252
178|2024-11-06|4666
178|2024-11-07|4675
178|2024-11-08|3539
178|2024-11-11|4180
178|2024-11-12|4653
178|2024-11-13|4390
178|2024-11-14|4571
178|2024-11-15|3429
178|2024-11-18|4216
178|2024-11-19|4494
178|2024-11-20|4344
178|2024-11-21|4263
178|2024-11-22|3272
178|2024-11-25|4175
178|2024-11-26|4333
178|2024-11-27|4226
178|2024-11-28|4254
178|2024-11-29|2981
178|2024-12-02|3595
178|2024-12-03|4179
178|2024-12-04|4347
178|2024-12-05|4087
178|2024-12-06|2831
178|2024-12-09|3663
178|2024-12-10|4050
178|2024-12-11|3804
178|2024-12-12|3699
178|2024-12-13|2759
178|2024-12-16|3424
178|2024-12-17|3555
178|2024-12-18|3474
178|2024-12-19|3374
178|2024-12-20|2336
178|2024-12-23|3126
178|2024-12-24|2048
178|2024-12-26|2853
178|2024-12-27|2466
178|2024-12-30|2353
178|2025-01-02|2649
178|2025-01-03|2449
178|2025-01-06|3025
178|2025-01-07|3102
178|2025-01-08|3033
178|2025-01-09|3155
178|2025-01-10|2548
178|2025-01-13|3062
178|2025-01-14|3215
178|2025-01-15|3177
178|2025-01-16|3112
178|2025-01-17|2401
178|2025-01-20|3045
178|2025-01-21|3252
178|2025-01-22|3074
178|2025-01-23|3118
178|2025-01-24|2409
178|2025-01-27|2745
178|2025-01-28|2978
178|2025-01-29|2821
178|2025-01-30|2914
178|2025-01-31|2187
178|2025-02-03|2862
178|2025-02-04|3075
178|2025-02-05|2988
178|2025-02-06|2906
178|2025-02-07|2504
178|2025-02-10|3004
178|2025-02-11|3119
178|2025-02-12|2900
178|2025-02-13|2979
178|2025-02-14|2191
178|2025-02-17|2735
178|2025-02-18|3051
178|2025-02-19|2795
178|2025-02-20|2845
178|2025-02-21|2313
178|2025-02-24|3005
178|2025-02-25|2381
178|2025-02-26|2737
178|2025-02-27|2788
178|2025-02-28|1821
178|2025-03-03|2819
178|2025-03-04|3235
178|2025-03-05|3248
178|2025-03-06|3406
178|2025-03-07|2578
178|2025-03-10|3662
178|2025-03-11|3684
178|2025-03-12|3539
178|2025-03-13|3565
178|2025-03-14|2703
178|2025-03-17|3606
178|2025-03-18|3634
178|2025-03-19|3371
178|2025-03-20|3608
178|2025-03-21|2855
178|2025-03-24|3525
178|2025-03-25|3384
178|2025-03-26|3211
178|2025-03-27|3447
178|2025-03-28|2561
178|2025-03-31|3016
178|2025-04-01|3172
178|2025-04-02|3385
178|2025-04-03|3216
178|2025-04-04|2580
178|2025-04-07|3385
178|2025-04-08|3379
178|2025-04-09|3571
178|2025-04-10|3050
178|2025-04-11|2506
178|2025-04-16|3381
178|2025-04-17|2924
178|2025-04-21|2908
178|2025-04-22|3145
178|2025-04-23|3080
178|2025-04-24|3190
178|2025-04-25|2434
178|2025-04-28|3160
178|2025-04-29|3133
178|2025-04-30|2723
178|2025-05-02|1990
178|2025-05-05|3058
178|2025-05-06|3233
178|2025-05-07|3167
178|2025-05-08|3125
178|2025-05-09|2257
178|2025-05-12|2959
178|2025-05-13|3126
178|2025-05-14|3299
178|2025-05-15|2942
178|2025-05-16|2432
178|2025-05-19|3369
178|2025-05-20|3475
178|2025-05-22|53496540
178|2025-05-23|219799
178|2025-05-26|265591
178|2025-05-27|257598
178|2025-05-28|303166
178|2025-05-29|287418
178|2025-05-30|261583
178|2025-06-02|272243
178|2025-06-03|257162
178|2025-06-04|265958
178|2025-06-05|205973
178|2025-06-06|248187
178|2025-06-09|232024
178|2025-06-10|232907
178|2025-06-11|275462
178|2025-06-12|267398
178|2025-06-13|284244
178|2025-06-16|282000
178|2025-06-17|279450
178|2025-06-18|284859
178|2025-06-19|244555
178|2025-06-23|270934
178|2025-06-24|233174
178|2025-06-25|240837
178|2025-06-26|293590
178|2025-06-27|261958
178|2025-06-30|202224
178|2025-07-01|214835
178|2025-07-02|272617
178|2025-07-03|279428
178|2025-07-04|301097
178|2025-07-07|310699
178|2025-07-08|269562
178|2025-07-09|257013
178|2025-07-10|278640
178|2025-07-11|278809
178|2025-07-14|293315
178|2025-07-15|277377
178|2025-07-17|295859
178|2025-07-18|279009
178|2025-07-21|245691
178|2025-07-22|149088
178|2025-07-23|221074
178|2025-07-24|263426
178|2025-07-25|254036
178|2025-07-28|288580
178|2025-07-29|277431
178|2025-07-30|240409
178|2025-07-31|260189
178|2025-08-01|290420
178|2025-08-04|283555
178|2025-08-05|288895
178|2025-08-06|264882
178|2025-08-07|287102
178|2025-08-08|268488
178|2025-08-11|295149
178|2025-08-12|266997
178|2025-08-13|275291
178|2025-08-14|278088
178|2025-08-18|247099
178|2025-08-19|233888
178|2025-08-20|277014
178|2025-08-21|262622
178|2025-08-22|282088
178|2025-08-25|268909
178|2025-08-26|272446
178|2025-08-27|282495
178|2025-08-28|276054
178|2025-08-29|286562
178|2025-09-01|247343
178|2025-09-02|256527
178|2025-09-03|243914
178|2025-09-04|260437
178|2025-09-05|264772
178|2025-09-08|284608
178|2025-09-09|275152
178|2025-09-10|280726
178|2025-09-11|265970
178|2025-09-12|265614
178|2025-09-15|274870
178|2025-09-16|265491
178|2025-09-17|270369
178|2025-09-22|263655
178|2025-09-23|252070
178|2025-09-24|273296
178|2025-09-25|203856
178|2025-09-26|190078
178|2025-09-29|261756
178|2025-09-30|264922
178|2025-10-01|269867
178|2025-10-02|291020
178|2025-10-03|267637
178|2025-10-06|226034
178|2025-10-07|225140
178|2025-10-08|271330
178|2025-10-09|289513
178|2025-10-10|282102
178|2025-10-13|290558
178|2025-10-14|283951
178|2025-10-15|282680
178|2025-10-16|267118
178|2025-10-17|252440
178|2025-10-20|271217
178|2025-10-21|279460
178|2025-10-22|249100
178|2025-10-23|260430
178|2025-10-24|255040
178|2025-10-27|296331
178|2025-10-28|299922
178|2025-10-29|285836
178|2025-10-30|285727
178|2025-11-03|282828
178|2025-11-04|258460
178|2025-11-05|257924
178|2025-11-06|230901
178|2025-11-07|209595
178|2025-11-10|249607
178|2025-11-11|250014
178|2025-11-12|246480
178|2025-11-13|271183
178|2025-11-14|263789
178|2025-11-17|277492
178|2025-11-18|258912
178|2025-11-19|265727
178|2025-11-20|272221
178|2025-11-21|209004
178|2025-11-24|254957
178|2025-11-25|288880
178|2025-11-26|249744
178|2025-11-27|259125
178|2025-11-28|265804
178|2025-12-01|273915
178|2025-12-02|268376
178|2025-12-03|274335
178|2025-12-04|273345
178|2025-12-05|256719
178|2025-12-09|265373
178|2025-12-10|273654
178|2025-12-11|275754
178|2025-12-12|230665
178|2025-12-15|244966
178|2025-12-16|237408
178|2025-12-17|162047
178|2025-12-18|162252
178|2025-12-19|56110
178|2025-12-22|59233
178|2025-12-23|226441
178|2025-12-24|225161
178|2025-12-26|55908
178|2025-12-29|289899
178|2025-12-30|294355
178|2026-01-02|238225
178|2026-01-05|246907
178|2026-01-06|232888
178|2026-01-07|242207
178|2026-01-08|305051
178|2026-01-09|302061
178|2026-01-12|291286
178|2026-01-13|270062
178|2026-01-14|276468
178|2026-01-15|276633
178|2026-01-16|284162
178|2026-01-19|291506
178|2026-01-20|282338
178|2026-01-21|284781
178|2026-01-22|263766
178|2026-01-23|268534
178|2026-01-26|276066
178|2026-01-27|271050
178|2026-01-28|274938
178|2026-01-29|280632
178|2026-01-30|257013
178|2026-02-02|275205
178|2026-02-03|295830
178|2026-02-04|267841
178|2026-02-05|209332
178|2026-02-06|253397
178|2026-02-09|270994
178|2026-02-10|252881
178|2026-02-11|150598
178|2026-02-12|235010
178|2026-02-13|290985
178|2026-02-16|257841
178|2026-02-17|227661
178|2026-02-18|280480
178|2026-02-19|284047
178|2026-02-20|239382
178|2026-02-23|77719
178|2026-02-24|228523
178|2026-02-25|283704
178|2026-02-26|285745
178|2026-02-27|240190
178|2026-03-02|241711
178|2026-03-03|289921
178|2026-03-04|274358
178|2026-03-05|192331
178|2026-03-06|237384
178|2026-03-09|284461
178|2026-03-10|278139
178|2026-03-11|242565
178|2026-03-12|184914
178|2026-03-13|263168
178|2026-03-16|288700
178|2026-03-17|233122
178|2026-03-18|242403
178|2026-03-19|242360
178|2026-03-20|96245
178|2026-03-23|242033
178|2026-03-24|273203
178|2026-03-25|276922
178|2026-03-26|288080
178|2026-03-27|284518
178|2026-03-30|273733
178|2026-03-31|277796
178|2026-04-01|283633
178|2026-04-02|249760
178|2026-04-06|217842
178|2026-04-07|273990
178|2026-04-08|294808
178|2026-04-09|301100
178|2026-04-10|268552
178|2026-04-13|246326
178|2026-04-14|246411
178|2026-04-15|214216
178|2026-04-16|243132
178|2026-04-17|269765
178|2026-04-20|153424
178|2026-04-21|254337
178|2026-04-22|282332
178|2026-04-23|272609
178|2026-04-24|271238
178|2026-04-27|277870
178|2026-04-28|292209
179|2025-05-23|269
179|2025-05-26|316
179|2025-05-27|317
179|2025-05-28|307
179|2025-05-29|309
179|2025-05-30|244
179|2025-06-02|252
179|2025-06-03|230
179|2025-06-04|269
179|2025-06-05|258
179|2025-06-06|259
179|2025-06-09|254
179|2025-06-10|286
179|2025-06-11|249
179|2025-06-12|313
179|2025-06-13|267
179|2025-06-16|277
179|2025-06-17|277
179|2025-06-18|264
179|2025-06-19|271
179|2025-06-23|258
179|2025-06-24|295
179|2025-06-25|273
179|2025-06-26|263
179|2025-06-27|255
179|2025-06-30|259
179|2025-07-01|211
179|2025-07-02|220
179|2025-07-03|209
179|2025-07-04|190
179|2025-07-07|224
179|2025-07-08|230
179|2025-07-09|264
179|2025-07-10|184
179|2025-07-11|189
179|2025-07-14|266
179|2025-07-15|214
179|2025-07-17|264
179|2025-07-18|226
179|2025-07-21|311
179|2025-07-22|301
179|2025-07-23|279
179|2025-07-24|260
179|2025-07-25|241
179|2025-07-28|314
179|2025-07-29|235
179|2025-07-30|207
179|2025-07-31|167
179|2025-08-01|111
179|2025-08-04|146
179|2025-08-05|144
179|2025-08-06|139
179|2025-08-07|169
179|2025-08-08|152
179|2025-08-11|158
179|2025-08-12|153
179|2025-08-13|197
179|2025-08-14|152
179|2025-08-18|210
179|2025-08-19|190
179|2025-08-20|153
179|2025-08-21|196
179|2025-08-22|180
179|2025-08-25|195
179|2025-08-26|218
179|2025-08-27|213
179|2025-08-28|259
179|2025-08-29|222
179|2025-09-01|235
179|2025-09-02|194
179|2025-09-03|210
179|2025-09-04|190
179|2025-09-05|159
179|2025-09-08|279
179|2025-09-09|229
179|2025-09-10|250
179|2025-09-11|200
179|2025-09-12|171
179|2025-09-15|201
179|2025-09-16|212
179|2025-09-17|141
179|2025-09-22|196
179|2025-09-23|154
179|2025-09-24|235
179|2025-09-25|205
179|2025-09-26|178
179|2025-09-29|233
179|2025-09-30|178
179|2025-10-01|184
179|2025-10-02|209
179|2025-10-03|166
179|2025-10-06|112
179|2025-10-07|141
179|2025-10-08|198
179|2025-10-09|192
179|2025-10-10|229
179|2025-10-13|246
179|2025-10-14|237
179|2025-10-15|245
179|2025-10-16|183
179|2025-10-17|188
179|2025-10-20|194
179|2025-10-21|170
179|2025-10-22|196
179|2025-10-23|186
179|2025-10-24|181
179|2025-10-27|209
179|2025-10-28|183
179|2025-10-29|214
179|2025-10-30|205
179|2025-11-03|171
179|2025-11-04|182
179|2025-11-05|171
179|2025-11-06|211
179|2025-11-07|171
179|2025-11-10|190
179|2025-11-11|203
179|2025-11-12|185
179|2025-11-13|147
179|2025-11-14|158
179|2025-11-17|208
179|2025-11-18|169
179|2025-11-19|167
179|2025-11-20|168
179|2025-11-21|147
179|2025-11-24|187
179|2025-11-25|170
179|2025-11-26|171
179|2025-11-27|148
179|2025-11-28|143
179|2025-12-01|140
179|2025-12-02|152
179|2025-12-03|157
179|2025-12-04|124
179|2025-12-05|138
179|2025-12-09|160
179|2025-12-10|190
179|2025-12-11|145
179|2025-12-12|150
179|2025-12-15|146
179|2025-12-16|141
179|2025-12-17|115
179|2025-12-18|169
179|2025-12-19|144
179|2025-12-22|151
179|2025-12-23|142
179|2025-12-24|119
179|2025-12-26|80
179|2025-12-29|116
179|2025-12-30|121
179|2026-01-02|79
179|2026-01-05|142
179|2026-01-06|157
179|2026-01-07|144
179|2026-01-08|145
179|2026-01-09|149
179|2026-01-12|154
179|2026-01-13|136
179|2026-01-14|176
179|2026-01-15|132
179|2026-01-16|124
179|2026-01-19|142
179|2026-01-20|154
179|2026-01-21|129
179|2026-01-22|163
179|2026-01-23|125
179|2026-01-26|115
179|2026-01-27|138
179|2026-01-28|129
179|2026-01-29|139
179|2026-01-30|101
179|2026-02-02|135
179|2026-02-03|118
179|2026-02-04|145
179|2026-02-05|139
179|2026-02-06|104
179|2026-02-09|122
179|2026-02-10|140
179|2026-02-11|147
179|2026-02-12|110
179|2026-02-13|128
179|2026-02-16|132
179|2026-02-17|136
179|2026-02-18|138
179|2026-02-19|141
179|2026-02-20|124
179|2026-02-23|138
179|2026-02-24|69
179|2026-02-25|109
179|2026-02-26|168
179|2026-02-27|124
179|2026-03-02|119
179|2026-03-03|144
179|2026-03-04|129
179|2026-03-05|128
179|2026-03-06|124
179|2026-03-09|141
179|2026-03-10|141
179|2026-03-11|137
179|2026-03-12|155
179|2026-03-13|160
179|2026-03-16|162
179|2026-03-17|187
179|2026-03-18|201
179|2026-03-19|167
179|2026-03-20|149
179|2026-03-23|111
179|2026-03-24|201
179|2026-03-25|187
179|2026-03-26|148
179|2026-03-27|122
179|2026-03-30|204
179|2026-03-31|178
179|2026-04-01|154
179|2026-04-02|110
179|2026-04-06|162
179|2026-04-07|161
179|2026-04-08|153
179|2026-04-09|158
179|2026-04-10|140
179|2026-04-13|247
179|2026-04-14|172
179|2026-04-15|154
179|2026-04-16|170
179|2026-04-17|143
179|2026-04-20|175
179|2026-04-21|163
179|2026-04-23|312
179|2026-04-24|168
179|2026-04-27|220
179|2026-04-28|195
180|2023-09-28|44
180|2023-09-29|44
180|2023-10-02|44
180|2023-10-03|44
180|2023-10-04|44
180|2023-10-05|44
180|2023-10-06|44
180|2023-10-10|44
180|2023-10-11|44
180|2023-10-12|44
180|2023-10-13|44
180|2023-10-16|44
180|2023-10-17|44
180|2023-10-18|44
180|2023-10-19|44
180|2023-10-20|44
180|2023-10-23|44
180|2023-10-24|44
180|2023-10-25|44
180|2023-10-26|44
180|2023-10-30|44
180|2023-10-31|44
180|2023-11-03|44
180|2023-11-04|44
180|2023-11-06|44
180|2023-11-08|44
180|2023-11-09|44
180|2023-11-10|44
180|2023-11-11|44
180|2023-11-13|44
180|2023-11-14|44
180|2023-11-15|44
180|2023-11-16|44
180|2023-11-17|44
180|2023-11-20|44
180|2023-11-21|44
180|2023-11-22|44
180|2023-11-23|44
180|2023-11-24|44
180|2023-11-27|44
180|2023-11-28|44
180|2023-11-29|44
180|2023-11-30|44
180|2023-12-01|44
180|2023-12-04|44
180|2023-12-05|44
180|2023-12-06|44
180|2023-12-07|44
180|2023-12-11|44
180|2023-12-12|44
180|2023-12-13|44
180|2023-12-14|44
180|2023-12-15|44
180|2023-12-18|44
180|2023-12-19|44
180|2023-12-20|44
180|2023-12-21|44
180|2023-12-22|44
180|2023-12-26|44
180|2023-12-27|44
180|2024-12-28|44
180|2024-12-29|44
180|2024-01-02|44
180|2024-01-03|44
180|2024-01-04|44
180|2024-01-05|44
180|2024-01-08|44
180|2024-01-09|44
180|2024-01-10|44
180|2024-01-11|44
180|2024-01-12|44
180|2024-01-15|44
180|2024-01-16|44
180|2024-01-17|44
180|2024-01-18|44
180|2024-01-19|44
180|2024-01-22|44
180|2024-01-23|44
180|2024-01-24|44
180|2024-01-25|44
180|2024-01-26|44
180|2024-01-29|44
180|2024-01-30|44
180|2024-01-31|44
180|2024-02-01|44
180|2024-02-02|44
180|2024-02-05|44
180|2024-02-06|44
180|2024-02-07|44
180|2024-02-08|44
180|2024-02-09|44
180|2024-02-12|44
180|2024-02-13|44
180|2024-02-14|44
180|2024-02-15|44
180|2024-02-16|44
180|2024-02-19|44
180|2024-02-20|44
180|2024-02-21|44
180|2024-02-22|44
180|2024-02-23|44
180|2024-02-26|44
180|2024-02-27|44
180|2024-02-28|44
180|2024-02-29|44
180|2024-03-01|44
180|2024-03-04|44
180|2024-03-05|44
180|2024-03-06|44
180|2024-03-07|44
180|2024-03-08|44
180|2024-03-11|44
180|2024-03-12|44
180|2024-03-13|44
180|2024-03-14|44
180|2024-03-15|44
180|2024-03-18|44
180|2024-03-19|44
180|2024-03-20|44
180|2024-03-21|44
180|2024-03-22|44
180|2024-03-25|44
180|2024-03-26|44
180|2024-03-27|44
180|2024-03-28|44
180|2024-04-01|44
180|2024-04-02|44
180|2024-04-03|44
180|2024-04-04|44
180|2024-04-05|44
180|2024-04-08|44
180|2024-04-09|44
180|2024-04-10|44
180|2024-04-11|44
180|2024-04-12|44
180|2024-04-15|44
180|2024-04-16|44
180|2024-04-17|44
180|2024-04-18|44
180|2024-04-19|44
180|2024-04-22|44
180|2024-04-23|44
180|2024-04-24|44
180|2024-04-25|44
180|2024-04-26|44
180|2024-04-29|44
180|2024-04-30|44
180|2024-05-02|44
180|2024-05-03|44
180|2024-05-06|44
180|2024-05-07|44
180|2024-05-08|44
180|2024-05-09|44
180|2024-05-10|44
180|2024-05-13|44
180|2024-05-14|44
180|2024-05-15|44
180|2024-05-16|44
180|2024-05-17|44
180|2024-05-20|44
180|2024-05-22|44
180|2024-05-23|44
180|2024-05-24|44
180|2024-05-27|44
180|2024-05-28|44
180|2024-05-29|44
180|2024-05-30|44
180|2024-05-31|44
180|2024-06-03|44
180|2024-06-04|44
180|2024-06-05|44
180|2024-06-06|44
180|2024-06-07|44
180|2024-06-10|44
180|2024-06-11|44
180|2024-06-12|44
180|2024-06-13|44
180|2024-06-14|44
180|2024-06-17|44
180|2024-06-18|44
180|2024-06-19|44
180|2024-06-21|44
180|2024-06-24|44
180|2024-06-25|44
180|2024-06-26|44
180|2024-06-27|44
180|2024-06-28|44
180|2024-07-01|44
180|2024-07-02|44
180|2024-07-03|44
180|2024-07-04|44
180|2024-07-05|44
180|2024-07-08|44
180|2024-07-09|44
180|2024-07-10|44
180|2024-07-11|44
180|2024-07-12|44
180|2024-07-15|44
180|2024-07-17|44
180|2024-07-18|44
180|2024-07-19|44
180|2024-07-22|44
180|2024-07-23|44
180|2024-07-24|44
180|2024-07-25|44
180|2024-07-26|44
180|2024-07-29|44
180|2024-07-30|44
180|2024-07-31|44
180|2024-08-01|44
180|2024-08-02|44
180|2024-08-05|44
180|2024-08-06|44
180|2024-08-07|44
180|2024-08-08|44
180|2024-08-09|44
180|2024-08-12|44
180|2024-08-13|44
180|2024-08-14|44
180|2024-08-16|44
180|2024-08-19|44
180|2024-08-20|44
180|2024-08-21|44
180|2024-08-22|44
180|2024-08-23|44
180|2024-08-26|44
180|2024-08-27|44
180|2024-08-28|44
180|2024-08-29|44
180|2024-08-30|44
180|2024-09-02|44
180|2024-09-03|44
180|2024-09-04|44
180|2024-09-05|44
180|2024-09-06|44
180|2024-09-09|44
180|2024-09-10|44
180|2024-09-11|44
180|2024-09-12|44
180|2024-09-13|44
180|2024-09-16|44
180|2024-09-17|44
180|2024-09-23|44
180|2024-09-24|44
180|2024-09-25|44
180|2024-09-26|44
180|2024-09-27|44
180|2024-09-30|44
180|2024-10-01|44
180|2024-10-02|44
180|2024-10-03|44
180|2024-10-04|44
180|2024-10-07|44
180|2024-10-08|44
180|2024-10-09|44
180|2024-10-10|44
180|2024-10-11|44
180|2024-10-14|44
180|2024-10-15|44
180|2024-10-16|43
180|2024-10-17|43
180|2024-10-18|43
180|2024-10-21|43
180|2024-10-22|43
180|2024-10-23|43
180|2024-10-24|43
180|2024-10-25|43
180|2024-10-28|43
180|2024-10-29|43
180|2024-10-30|43
180|2024-11-04|43
180|2024-11-05|43
180|2024-11-06|43
180|2024-11-07|43
180|2024-11-08|43
180|2024-11-11|43
180|2024-11-12|43
180|2024-11-13|43
180|2024-11-14|43
180|2024-11-15|43
180|2024-11-18|43
180|2024-11-19|43
180|2024-11-20|43
180|2024-11-21|43
180|2024-11-22|43
180|2024-11-25|43
180|2024-11-26|43
180|2024-11-27|43
180|2024-11-28|43
180|2024-11-29|43
180|2024-12-02|43
180|2024-12-03|43
180|2024-12-04|43
180|2024-12-05|43
180|2024-12-06|43
180|2024-12-09|43
180|2024-12-10|43
180|2024-12-11|43
180|2024-12-12|43
180|2024-12-13|43
180|2024-12-16|43
180|2024-12-17|43
180|2024-12-18|43
180|2024-12-19|43
180|2024-12-20|43
180|2024-12-23|45
180|2024-12-24|45
180|2024-12-26|45
180|2024-12-27|45
180|2024-12-30|45
180|2025-01-02|45
180|2025-01-03|45
180|2025-01-06|45
180|2025-01-07|45
180|2025-01-08|45
180|2025-01-09|45
180|2025-01-10|45
180|2025-01-13|45
180|2025-01-14|45
180|2025-01-15|45
180|2025-01-16|45
180|2025-01-17|45
180|2025-01-20|45
180|2025-01-21|45
180|2025-01-22|45
180|2025-01-23|45
180|2025-01-24|45
180|2025-01-27|45
180|2025-01-28|45
180|2025-01-29|45
180|2025-01-30|45
180|2025-01-31|45
180|2025-02-03|45
180|2025-02-04|45
180|2025-02-05|45
180|2025-02-06|45
180|2025-02-07|45
180|2025-02-10|45
180|2025-02-11|45
180|2025-02-12|45
180|2025-02-13|45
180|2025-02-14|45
180|2025-02-17|45
180|2025-02-18|45
180|2025-02-19|45
180|2025-02-20|45
180|2025-02-21|45
180|2025-02-24|45
180|2025-02-25|45
180|2025-02-26|45
180|2025-02-27|45
180|2025-02-28|45
180|2025-03-03|45
180|2025-03-04|45
180|2025-03-05|45
180|2025-03-06|45
180|2025-03-07|45
180|2025-03-10|45
180|2025-03-11|45
180|2025-03-12|45
180|2025-03-13|45
180|2025-03-14|45
180|2025-03-17|45
180|2025-03-18|45
180|2025-03-19|45
180|2025-03-20|45
180|2025-03-21|45
180|2025-03-24|45
180|2025-03-25|45
180|2025-03-26|45
180|2025-03-27|45
180|2025-03-28|45
180|2025-03-31|45
180|2025-04-01|45
180|2025-04-02|45
180|2025-04-03|45
180|2025-04-04|45
180|2025-04-07|45
180|2025-04-08|45
180|2025-04-09|45
180|2025-04-10|45
180|2025-04-11|45
180|2025-04-14|45
180|2025-04-15|45
180|2025-04-16|45
180|2025-04-17|45
180|2025-04-21|45
180|2025-04-22|45
180|2025-04-23|45
180|2025-04-24|45
180|2025-04-25|45
180|2025-04-28|45
180|2025-04-29|45
180|2025-04-30|45
180|2025-05-02|45
180|2025-05-05|45
180|2025-05-06|45
180|2025-05-07|45
180|2025-05-08|45
180|2025-05-09|45
180|2025-05-12|45
180|2025-05-13|45
180|2025-05-14|45
180|2025-05-15|45
180|2025-05-16|45
180|2025-05-19|45
180|2025-05-20|45
180|2025-05-22|45
180|2025-05-23|45
180|2025-05-26|45
180|2025-05-27|45
180|2025-05-28|45
180|2025-05-29|45
180|2025-05-30|45
180|2025-06-02|45
180|2025-06-03|45
180|2025-06-04|45
180|2025-06-05|45
180|2025-06-06|45
180|2025-06-09|45
180|2025-06-10|45
180|2025-06-11|45
180|2025-06-12|45
180|2025-06-13|45
180|2025-06-16|45
180|2025-06-17|45
180|2025-06-18|45
180|2025-06-19|45
180|2025-06-23|44
180|2025-06-24|45
180|2025-06-25|45
180|2025-06-26|45
180|2025-06-27|45
180|2025-06-30|45
180|2025-07-01|45
180|2025-07-02|45
180|2025-07-03|45
180|2025-07-04|45
180|2025-07-07|45
180|2025-07-08|45
180|2025-07-09|45
180|2025-07-10|45
180|2025-07-11|45
180|2025-07-14|45
180|2025-07-15|45
180|2025-07-17|45
180|2025-07-18|45
180|2025-07-21|45
180|2025-07-22|45
180|2025-07-23|45
180|2025-07-24|45
180|2025-07-25|45
180|2025-07-28|45
180|2025-07-29|45
180|2025-07-30|45
180|2025-07-31|45
180|2025-08-01|45
180|2025-08-04|45
180|2025-08-05|45
180|2025-08-06|45
180|2025-08-07|45
180|2025-08-08|45
180|2025-08-11|45
180|2025-08-12|45
180|2025-08-13|45
180|2025-08-14|45
180|2025-08-18|45
180|2025-08-19|45
180|2025-08-20|45
180|2025-08-21|45
180|2025-08-22|45
180|2025-08-25|45
180|2025-08-26|45
180|2025-08-27|45
180|2025-08-28|45
180|2025-08-29|45
180|2025-09-01|45
180|2025-09-02|45
180|2025-09-03|45
180|2025-09-04|45
180|2025-09-05|45
180|2025-09-08|45
180|2025-09-09|45
180|2025-09-10|45
180|2025-09-11|45
180|2025-09-12|45
180|2025-09-15|45
180|2025-09-16|45
180|2025-09-17|45
180|2025-09-22|45
180|2025-09-23|45
180|2025-09-24|45
180|2025-09-25|45
180|2025-09-26|45
180|2025-09-29|45
180|2025-09-30|45
180|2025-10-01|45
180|2025-10-02|45
180|2025-10-03|45
180|2025-10-06|45
180|2025-10-07|45
180|2025-10-08|45
180|2025-10-09|45
180|2025-10-10|45
180|2025-10-13|45
180|2025-10-14|45
180|2025-10-15|45
180|2025-10-16|45
180|2025-10-17|45
180|2025-10-20|45
180|2025-10-21|45
180|2025-10-22|45
180|2025-10-23|45
180|2025-10-24|45
180|2025-10-27|45
180|2025-10-28|45
180|2025-10-29|45
180|2025-10-30|45
180|2025-11-03|45
180|2025-11-04|45
180|2025-11-05|45
180|2025-11-06|45
180|2025-11-07|45
180|2025-11-10|45
180|2025-11-11|45
180|2025-11-12|45
180|2025-11-13|45
180|2025-11-14|45
180|2025-11-17|45
180|2025-11-18|45
180|2025-11-19|45
180|2025-11-20|45
180|2025-11-21|45
180|2025-11-24|45
180|2025-11-25|45
180|2025-11-26|45
180|2025-11-27|45
180|2025-11-28|45
180|2025-12-01|45
180|2025-12-02|45
180|2025-12-03|45
180|2025-12-04|45
180|2025-12-05|45
180|2025-12-09|45
180|2025-12-10|45
180|2025-12-11|45
180|2025-12-12|45
180|2025-12-15|45
180|2025-12-16|45
180|2025-12-17|45
180|2025-12-18|45
180|2025-12-19|45
180|2025-12-22|45
180|2025-12-23|45
180|2025-12-24|45
180|2025-12-26|45
180|2025-12-29|45
180|2025-12-30|45
180|2026-01-02|45
180|2026-01-05|45
180|2026-01-06|45
180|2026-01-07|45
180|2026-01-08|45
180|2026-01-09|45
180|2026-01-12|45
180|2026-01-13|45
180|2026-01-14|45
180|2026-01-15|45
180|2026-01-16|45
180|2026-01-19|45
180|2026-01-20|45
180|2026-01-21|45
180|2026-01-22|45
180|2026-01-23|45
180|2026-01-26|45
180|2026-01-27|45
180|2026-01-28|45
180|2026-01-29|45
180|2026-01-30|45
180|2026-02-02|45
180|2026-02-03|45
180|2026-02-04|45
180|2026-02-05|45
180|2026-02-06|45
180|2026-02-09|44
180|2026-02-10|45
180|2026-02-11|45
180|2026-02-12|45
180|2026-02-13|45
180|2026-02-16|45
180|2026-02-17|45
180|2026-02-18|45
180|2026-02-19|45
180|2026-02-20|45
180|2026-02-23|45
180|2026-02-24|45
180|2026-02-25|45
180|2026-02-26|45
180|2026-02-27|45
180|2026-03-02|45
180|2026-03-03|45
180|2026-03-04|45
180|2026-03-05|45
180|2026-03-06|45
180|2026-03-09|45
180|2026-03-10|45
180|2026-03-11|45
180|2026-03-12|45
180|2026-03-13|45
180|2026-03-16|45
180|2026-03-17|45
180|2026-03-18|45
180|2026-03-19|45
180|2026-03-20|45
180|2026-03-23|45
180|2026-03-24|45
180|2026-03-25|45
180|2026-03-26|45
180|2026-03-27|45
180|2026-03-30|45
180|2026-03-31|45
180|2026-04-01|45
180|2026-04-02|45
180|2026-04-06|45
180|2026-04-07|45
180|2026-04-08|45
180|2026-04-09|45
180|2026-04-10|45
180|2026-04-13|45
180|2026-04-14|45
180|2026-04-15|45
180|2026-04-16|45
180|2026-04-17|45
180|2026-04-20|45
180|2026-04-21|45
180|2026-04-22|45
180|2026-04-23|45
180|2026-04-24|45
180|2026-04-27|45
180|2026-04-28|45
181|2023-09-28|1082
181|2023-09-29|1082
181|2023-10-02|1082
181|2023-10-03|1082
181|2023-10-04|1082
181|2023-10-05|1082
181|2023-10-06|1082
181|2023-10-10|1082
181|2023-10-11|1082
181|2023-10-12|1082
181|2023-10-13|1082
181|2023-10-16|1082
181|2023-10-17|1082
181|2023-10-18|1082
181|2023-10-19|1082
181|2023-10-20|1082
181|2023-10-23|1082
181|2023-10-24|1082
181|2023-10-25|1082
181|2023-10-26|1082
181|2023-10-30|1082
181|2023-10-31|1082
181|2023-11-03|1082
181|2023-11-04|1082
181|2023-11-06|1082
181|2023-11-08|1082
181|2023-11-09|1082
181|2023-11-10|1082
181|2023-11-11|1082
181|2023-11-13|1082
181|2023-11-14|1082
181|2023-11-15|1082
181|2023-11-16|1082
181|2023-11-17|1082
181|2023-11-20|1082
181|2023-11-21|1082
181|2023-11-22|1082
181|2023-11-23|1082
181|2023-11-24|1082
181|2023-11-27|1082
181|2023-11-28|1082
181|2023-11-29|1082
181|2023-11-30|1082
181|2023-12-01|1082
181|2023-12-04|1082
181|2023-12-05|1082
181|2023-12-06|1082
181|2023-12-07|1082
181|2023-12-11|1082
181|2023-12-12|1082
181|2023-12-13|1082
181|2023-12-14|1082
181|2023-12-15|1082
181|2023-12-18|1082
181|2023-12-19|1082
181|2023-12-20|1082
181|2023-12-21|1082
181|2023-12-22|1082
181|2023-12-26|1082
181|2023-12-27|1082
181|2024-12-28|1082
181|2024-12-29|1082
181|2024-01-02|1082
181|2024-01-03|1082
181|2024-01-04|1082
181|2024-01-05|1082
181|2024-01-08|1082
181|2024-01-09|1082
181|2024-01-10|1082
181|2024-01-11|1082
181|2024-01-12|1082
181|2024-01-15|1082
181|2024-01-16|1082
181|2024-01-17|1082
181|2024-01-18|1082
181|2024-01-19|1082
181|2024-01-22|1082
181|2024-01-23|1082
181|2024-01-24|1082
181|2024-01-25|1082
181|2024-01-26|1082
181|2024-01-29|1082
181|2024-01-30|1082
181|2024-01-31|1082
181|2024-02-01|1082
181|2024-02-02|1082
181|2024-02-05|1082
181|2024-02-06|1082
181|2024-02-07|1082
181|2024-02-08|1082
181|2024-02-09|1082
181|2024-02-12|1082
181|2024-02-13|1082
181|2024-02-14|1082
181|2024-02-15|1082
181|2024-02-16|1082
181|2024-02-19|1082
181|2024-02-20|1082
181|2024-02-21|1082
181|2024-02-22|1082
181|2024-02-23|1082
181|2024-02-26|1082
181|2024-02-27|1082
181|2024-02-28|1082
181|2024-02-29|1082
181|2024-03-01|1082
181|2024-03-04|1082
181|2024-03-05|1082
181|2024-03-06|1082
181|2024-03-07|1082
181|2024-03-08|1082
181|2024-03-11|1082
181|2024-03-12|1082
181|2024-03-13|1082
181|2024-03-14|1082
181|2024-03-15|1082
181|2024-03-18|1082
181|2024-03-19|1082
181|2024-03-20|1082
181|2024-03-21|1082
181|2024-03-22|1082
181|2024-03-25|1082
181|2024-03-26|1082
181|2024-03-27|1082
181|2024-03-28|1082
181|2024-04-01|1082
181|2024-04-02|1082
181|2024-04-03|1082
181|2024-04-04|1082
181|2024-04-05|1082
181|2024-04-08|1082
181|2024-04-09|1082
181|2024-04-10|1082
181|2024-04-11|1082
181|2024-04-12|1082
181|2024-04-15|1082
181|2024-04-16|1082
181|2024-04-17|1082
181|2024-04-18|1082
181|2024-04-19|1082
181|2024-04-22|1082
181|2024-04-23|1082
181|2024-04-24|1082
181|2024-04-25|1082
181|2024-04-26|1082
181|2024-04-29|1082
181|2024-04-30|1082
181|2024-05-02|1082
181|2024-05-03|1082
181|2024-05-06|1082
181|2024-05-07|1082
181|2024-05-08|1082
181|2024-05-09|1082
181|2024-05-10|1082
181|2024-05-13|1082
181|2024-05-14|1082
181|2024-05-15|1082
181|2024-05-16|1082
181|2024-05-17|1082
181|2024-05-20|1082
181|2024-05-22|1082
181|2024-05-23|1082
181|2024-05-24|1082
181|2024-05-27|1082
181|2024-05-28|1082
181|2024-05-29|1082
181|2024-05-30|1082
181|2024-05-31|1082
181|2024-06-03|1082
181|2024-06-04|1082
181|2024-06-05|1082
181|2024-06-06|1082
181|2024-06-07|1082
181|2024-06-10|1082
181|2024-06-11|1082
181|2024-06-12|1082
181|2024-06-13|1082
181|2024-06-14|1082
181|2024-06-17|1082
181|2024-06-18|1082
181|2024-06-19|1082
181|2024-06-21|1082
181|2024-06-24|1082
181|2024-06-25|1082
181|2024-06-26|1082
181|2024-06-27|1082
181|2024-06-28|1082
181|2024-07-01|1082
181|2024-07-02|1082
181|2024-07-03|1082
181|2024-07-04|1082
181|2024-07-05|1082
181|2024-07-08|1082
181|2024-07-09|1082
181|2024-07-10|1082
181|2024-07-11|1082
181|2024-07-12|1082
181|2024-07-15|1082
181|2024-07-17|1082
181|2024-07-18|1082
181|2024-07-19|1082
181|2024-07-22|1082
181|2024-07-23|1082
181|2024-07-24|1082
181|2024-07-25|1082
181|2024-07-26|1082
181|2024-07-29|1082
181|2024-07-30|1082
181|2024-07-31|1082
181|2024-08-01|1082
181|2024-08-02|1082
181|2024-08-05|1082
181|2024-08-06|1082
181|2024-08-07|1082
181|2024-08-08|1082
181|2024-08-09|1082
181|2024-08-12|1082
181|2024-08-13|1082
181|2024-08-14|1082
181|2024-08-16|1082
181|2024-08-19|1082
181|2024-08-20|1082
181|2024-08-21|1082
181|2024-08-22|1082
181|2024-08-23|1082
181|2024-08-26|1082
181|2024-08-27|1082
181|2024-08-28|1082
181|2024-08-29|1082
181|2024-08-30|1082
181|2024-09-02|1082
181|2024-09-03|1082
181|2024-09-04|1082
181|2024-09-05|1082
181|2024-09-06|1082
181|2024-09-09|1082
181|2024-09-10|1082
181|2024-09-11|1082
181|2024-09-12|1082
181|2024-09-13|1082
181|2024-09-16|1082
181|2024-09-17|1082
181|2024-09-23|1082
181|2024-09-24|1082
181|2024-09-25|1082
181|2024-09-26|1082
181|2024-09-27|1082
181|2024-09-30|1082
181|2024-10-01|1082
181|2024-10-02|1082
181|2024-10-03|1082
181|2024-10-04|1082
181|2024-10-07|1082
181|2024-10-08|1082
181|2024-10-09|1082
181|2024-10-10|1082
181|2024-10-11|1082
181|2024-10-14|1082
181|2024-10-15|1082
181|2024-10-16|1082
181|2024-10-17|1082
181|2024-10-18|1082
181|2024-10-21|1082
181|2024-10-22|1082
181|2024-10-23|1082
181|2024-10-24|1082
181|2024-10-25|1082
181|2024-10-28|1082
181|2024-10-29|1082
181|2024-10-30|1082
181|2024-11-04|1082
181|2024-11-05|1082
181|2024-11-06|1082
181|2024-11-07|1082
181|2024-11-08|1082
181|2024-11-11|1082
181|2024-11-12|1082
181|2024-11-13|1082
181|2024-11-14|1082
181|2024-11-15|1082
181|2024-11-18|1082
181|2024-11-19|1082
181|2024-11-20|1082
181|2024-11-21|1082
181|2024-11-22|1082
181|2024-11-25|1082
181|2024-11-26|1082
181|2024-11-27|1082
181|2024-11-28|1082
181|2024-11-29|1082
181|2024-12-02|1082
181|2024-12-03|1082
181|2024-12-04|1082
181|2024-12-05|1082
181|2024-12-06|1082
181|2024-12-09|1082
181|2024-12-10|1082
181|2024-12-11|1082
181|2024-12-12|1082
181|2024-12-13|1082
181|2024-12-16|1082
181|2024-12-17|1082
181|2024-12-18|1082
181|2024-12-19|1082
181|2024-12-20|1082
181|2024-12-23|1082
181|2024-12-24|1082
181|2024-12-26|1082
181|2024-12-27|1082
181|2024-12-30|1082
181|2025-01-02|1082
181|2025-01-03|1082
181|2025-01-06|1082
181|2025-01-07|1082
181|2025-01-08|1082
181|2025-01-09|1082
181|2025-01-10|1082
181|2025-01-13|1082
181|2025-01-14|1082
181|2025-01-15|1082
181|2025-01-16|1082
181|2025-01-17|1082
181|2025-01-20|1082
181|2025-01-21|1082
181|2025-01-22|1082
181|2025-01-23|1082
181|2025-01-24|1082
181|2025-01-27|1082
181|2025-01-28|1082
181|2025-01-29|1082
181|2025-01-30|1082
181|2025-01-31|1082
181|2025-02-03|1082
181|2025-02-04|1082
181|2025-02-05|1082
181|2025-02-06|1082
181|2025-02-07|1082
181|2025-02-10|1082
181|2025-02-11|1082
181|2025-02-12|1082
181|2025-02-13|1082
181|2025-02-14|1082
181|2025-02-17|1082
181|2025-02-18|1082
181|2025-02-19|1082
181|2025-02-20|1082
181|2025-02-21|1082
181|2025-02-24|1082
181|2025-02-25|1082
181|2025-02-26|1082
181|2025-02-27|1082
181|2025-02-28|1082
181|2025-03-03|1082
181|2025-03-04|1082
181|2025-03-05|1082
181|2025-03-06|1082
181|2025-03-07|1082
181|2025-03-10|1082
181|2025-03-11|1082
181|2025-03-12|1082
181|2025-03-13|1082
181|2025-03-14|1082
181|2025-03-17|1082
181|2025-03-18|1082
181|2025-03-19|1082
181|2025-03-20|1082
181|2025-03-21|1082
181|2025-03-24|1082
181|2025-03-25|1082
181|2025-03-26|1082
181|2025-03-27|1082
181|2025-03-28|1082
181|2025-03-31|1082
181|2025-04-01|1082
181|2025-04-02|1082
181|2025-04-03|1082
181|2025-04-04|1082
181|2025-04-07|1082
181|2025-04-08|1082
181|2025-04-09|1082
181|2025-04-10|1082
181|2025-04-11|1082
181|2025-04-14|1082
181|2025-04-15|1082
181|2025-04-16|1082
181|2025-04-17|1082
181|2025-04-21|1082
181|2025-04-22|1082
181|2025-04-23|1082
181|2025-04-24|1082
181|2025-04-25|1082
181|2025-04-28|1082
181|2025-04-29|1082
181|2025-04-30|1082
181|2025-05-02|1082
181|2025-05-05|1082
181|2025-05-06|1082
181|2025-05-07|1082
181|2025-05-08|1082
181|2025-05-09|1082
181|2025-05-12|1082
181|2025-05-13|1082
181|2025-05-14|1082
181|2025-05-15|1082
181|2025-05-16|1082
181|2025-05-19|1082
181|2025-05-20|1082
181|2025-05-22|1082
181|2025-05-23|1082
181|2025-05-26|1082
181|2025-05-27|1082
181|2025-05-28|1082
181|2025-05-29|1082
181|2025-05-30|1082
181|2025-06-02|1082
181|2025-06-03|1082
181|2025-06-04|1082
181|2025-06-05|1082
181|2025-06-06|1082
181|2025-06-09|1082
181|2025-06-10|1082
181|2025-06-11|1082
181|2025-06-12|1082
181|2025-06-13|1082
181|2025-06-16|1082
181|2025-06-17|1082
181|2025-06-18|1082
181|2025-06-19|1082
181|2025-06-23|1082
181|2025-06-24|1082
181|2025-06-25|1082
181|2025-06-26|1082
181|2025-06-27|1082
181|2025-06-30|1082
181|2025-07-01|1082
181|2025-07-02|1082
181|2025-07-03|1082
181|2025-07-04|1082
181|2025-07-07|1082
181|2025-07-08|1082
181|2025-07-09|1082
181|2025-07-10|1082
181|2025-07-11|1082
181|2025-07-14|1082
181|2025-07-15|1082
181|2025-07-17|1082
181|2025-07-18|1082
181|2025-07-21|1082
181|2025-07-22|1082
181|2025-07-23|1082
181|2025-07-24|1082
181|2025-07-25|1082
181|2025-07-28|1082
181|2025-07-29|1082
181|2025-07-30|1082
181|2025-07-31|1082
181|2025-08-01|1082
181|2025-08-04|1082
181|2025-08-05|1082
181|2025-08-06|1082
181|2025-08-07|1082
181|2025-08-08|1082
181|2025-08-11|1082
181|2025-08-12|1082
181|2025-08-13|1082
181|2025-08-14|1082
181|2025-08-18|1082
181|2025-08-19|1082
181|2025-08-20|1082
181|2025-08-21|1082
181|2025-08-22|1082
181|2025-08-25|1082
181|2025-08-26|1082
181|2025-08-27|1082
181|2025-08-28|1082
181|2025-08-29|1082
181|2025-09-01|1082
181|2025-09-02|1082
181|2025-09-03|1082
181|2025-09-04|1082
181|2025-09-05|1082
181|2025-09-08|1082
181|2025-09-09|1082
181|2025-09-10|1082
181|2025-09-11|1082
181|2025-09-12|1082
181|2025-09-15|1082
181|2025-09-16|1082
181|2025-09-17|1082
181|2025-09-22|1082
181|2025-09-23|1082
181|2025-09-24|1082
181|2025-09-25|1082
181|2025-09-26|1082
181|2025-09-29|1082
181|2025-09-30|1082
181|2025-10-01|1082
181|2025-10-02|1084
181|2025-10-03|1084
181|2025-10-06|1084
181|2025-10-07|1084
181|2025-10-08|1084
181|2025-10-09|1084
181|2025-10-10|1084
181|2025-10-13|1084
181|2025-10-14|1084
181|2025-10-15|1084
181|2025-10-16|1084
181|2025-10-17|1084
181|2025-10-20|1084
181|2025-10-21|1084
181|2025-10-22|1084
181|2025-10-23|1084
181|2025-10-24|1084
181|2025-10-27|1084
181|2025-10-28|1084
181|2025-10-29|1084
181|2025-10-30|1084
181|2025-11-03|1084
181|2025-11-04|1084
181|2025-11-05|1084
181|2025-11-06|1084
181|2025-11-07|1084
181|2025-11-10|1084
181|2025-11-11|1084
181|2025-11-12|1084
181|2025-11-13|1084
181|2025-11-14|1084
181|2025-11-17|1084
181|2025-11-18|1084
181|2025-11-19|1084
181|2025-11-20|1084
181|2025-11-21|1084
181|2025-11-24|1084
181|2025-11-25|1084
181|2025-11-26|1084
181|2025-11-27|1084
181|2025-11-28|1084
181|2025-12-01|1084
181|2025-12-02|1084
181|2025-12-03|1084
181|2025-12-04|1084
181|2025-12-05|1084
181|2025-12-09|1084
181|2025-12-10|1084
181|2025-12-11|1084
181|2025-12-12|1084
181|2025-12-15|1084
181|2025-12-16|1084
181|2025-12-17|1084
181|2025-12-18|1084
181|2025-12-19|1084
181|2025-12-22|1084
181|2025-12-23|1084
181|2025-12-24|1084
181|2025-12-26|1084
181|2025-12-29|1084
181|2025-12-30|1084
181|2026-01-02|1084
181|2026-01-05|1084
181|2026-01-06|1084
181|2026-01-07|1084
181|2026-01-08|1084
181|2026-01-09|1084
181|2026-01-12|1084
181|2026-01-13|1084
181|2026-01-14|1084
181|2026-01-15|1084
181|2026-01-16|1084
181|2026-01-19|1084
181|2026-01-20|1084
181|2026-01-21|1084
181|2026-01-22|1084
181|2026-01-23|1084
181|2026-01-26|1084
181|2026-01-27|1084
181|2026-01-28|1084
181|2026-01-29|1084
181|2026-01-30|1084
181|2026-02-02|1084
181|2026-02-03|1084
181|2026-02-04|1084
181|2026-02-05|1084
181|2026-02-06|1084
181|2026-02-09|1084
181|2026-02-10|1084
181|2026-02-11|1084
181|2026-02-12|1084
181|2026-02-13|1084
181|2026-02-16|1084
181|2026-02-17|1084
181|2026-02-18|1084
181|2026-02-19|1084
181|2026-02-20|1084
181|2026-02-23|1084
181|2026-02-24|1084
181|2026-02-25|1084
181|2026-02-26|1084
181|2026-02-27|1084
181|2026-03-02|1084
181|2026-03-03|1084
181|2026-03-04|1084
181|2026-03-05|1084
181|2026-03-06|1084
181|2026-03-09|1084
181|2026-03-10|1084
181|2026-03-11|1084
181|2026-03-12|1084
181|2026-03-13|1084
181|2026-03-16|1084
181|2026-03-17|1084
181|2026-03-18|1084
181|2026-03-19|1084
181|2026-03-20|1084
181|2026-03-23|1084
181|2026-03-24|1084
181|2026-03-25|1084
181|2026-03-26|1084
181|2026-03-27|1084
181|2026-03-30|1084
181|2026-03-31|1084
181|2026-04-01|1084
181|2026-04-02|1084
181|2026-04-06|1084
181|2026-04-07|1084
181|2026-04-08|1084
181|2026-04-09|1084
181|2026-04-10|1084
181|2026-04-13|1084
181|2026-04-14|1084
181|2026-04-15|1084
181|2026-04-16|1084
181|2026-04-17|1084
181|2026-04-20|1084
181|2026-04-21|1084
181|2026-04-22|1084
181|2026-04-23|1084
181|2026-04-24|1084
181|2026-04-27|1084
181|2026-04-28|1084
182|2023-09-28|42
182|2023-09-29|64
182|2023-10-02|40
182|2023-10-03|39
182|2023-10-04|40
182|2023-10-05|41
182|2023-10-06|40
182|2023-10-10|41
182|2023-10-11|39
182|2023-10-12|42
182|2023-10-13|39
182|2023-10-16|41
182|2023-10-17|65
182|2023-10-18|39
182|2023-10-19|41
182|2023-10-20|51
182|2023-10-23|54
182|2023-10-24|64
182|2023-10-25|39
182|2023-10-26|43
182|2023-10-30|41
182|2023-10-31|39
182|2023-11-03|39
182|2023-11-04|54
182|2023-11-06|43
182|2023-11-08|42
182|2023-11-09|41
182|2023-11-10|39
182|2023-11-11|44
182|2023-11-13|41
182|2023-11-14|39
182|2023-11-15|39
182|2023-11-16|100
182|2023-11-17|39
182|2023-11-20|41
182|2023-11-21|40
182|2023-11-22|166
182|2023-11-23|52
182|2023-11-24|40
182|2023-11-27|40
182|2023-11-28|39
182|2023-11-29|39
182|2023-11-30|39
182|2023-12-01|58
182|2023-12-04|40
182|2023-12-05|39
182|2023-12-06|93
182|2023-12-07|124
182|2023-12-11|51
182|2023-12-12|50
182|2023-12-13|43
182|2023-12-14|86
182|2023-12-15|41
182|2023-12-18|40
182|2023-12-19|72
182|2023-12-20|50
182|2023-12-21|51
182|2023-12-22|90
182|2023-12-26|40
182|2023-12-27|40
182|2024-12-28|39
182|2024-12-29|39
182|2024-01-02|188
182|2024-01-03|67
182|2024-01-04|60
182|2024-01-05|39
182|2024-01-08|41
182|2024-01-09|56
182|2024-01-10|48
182|2024-01-11|39
182|2024-01-12|41
182|2024-01-15|61
182|2024-01-16|41
182|2024-01-17|41
182|2024-01-18|39
182|2024-01-19|41
182|2024-01-22|40
182|2024-01-23|40
182|2024-01-24|40
182|2024-01-25|42
182|2024-01-26|132
182|2024-01-29|40
182|2024-01-30|41
182|2024-01-31|40
182|2024-02-01|39
182|2024-02-02|74
182|2024-02-05|39
182|2024-02-06|54
182|2024-02-07|54
182|2024-02-08|60
182|2024-02-09|42
182|2024-02-12|50
182|2024-02-13|39
182|2024-02-14|40
182|2024-02-15|45
182|2024-02-16|41
182|2024-02-19|40
182|2024-02-20|41
182|2024-02-21|41
182|2024-02-22|39
182|2024-02-23|39
182|2024-02-26|40
182|2024-02-27|42
182|2024-02-28|44
182|2024-02-29|42
182|2024-03-01|109
182|2024-03-04|40
182|2024-03-05|40
182|2024-03-06|77
182|2024-03-07|39
182|2024-03-08|46
182|2024-03-11|39
182|2024-03-12|39
182|2024-03-13|39
182|2024-03-14|39
182|2024-03-15|65
182|2024-03-18|159
182|2024-03-19|65
182|2024-03-20|39
182|2024-03-21|41
182|2024-03-22|40
182|2024-03-25|156
182|2024-03-26|40
182|2024-03-27|40
182|2024-03-28|41
182|2024-04-01|174
182|2024-04-02|63
182|2024-04-03|44
182|2024-04-04|40
182|2024-04-05|41
182|2024-04-08|40
182|2024-04-09|41
182|2024-04-10|90
182|2024-04-11|50
182|2024-04-12|39
182|2024-04-15|46
182|2024-04-16|40
182|2024-04-17|50
182|2024-04-18|41
182|2024-04-19|42
182|2024-04-22|82
182|2024-04-23|44
182|2024-04-24|44
182|2024-04-25|40
182|2024-04-26|51
182|2024-04-29|39
182|2024-04-30|39
182|2024-05-02|53
182|2024-05-03|40
182|2024-05-06|41
182|2024-05-07|41
182|2024-05-08|40
182|2024-05-09|40
182|2024-05-10|53
182|2024-05-13|41
182|2024-05-14|41
182|2024-05-15|43
182|2024-05-16|40
182|2024-05-17|40
182|2024-05-20|48
182|2024-05-22|40
182|2024-05-23|41
182|2024-05-24|41
182|2024-05-27|43
182|2024-05-28|41
182|2024-05-29|40
182|2024-05-30|40
182|2024-05-31|74
182|2024-06-03|41
182|2024-06-04|52
182|2024-06-05|41
182|2024-06-06|40
182|2024-06-07|41
182|2024-06-10|39
182|2024-06-11|39
182|2024-06-12|41
182|2024-06-13|54
182|2024-06-14|46
182|2024-06-17|49
182|2024-06-18|41
182|2024-06-19|40
182|2024-06-21|49
182|2024-06-24|43
182|2024-06-25|39
182|2024-06-26|39
182|2024-06-27|53
182|2024-06-28|41
182|2024-07-01|40
182|2024-07-02|53
182|2024-07-03|55
182|2024-07-04|44
182|2024-07-05|40
182|2024-07-08|41
182|2024-07-09|42
182|2024-07-10|42
182|2024-07-11|40
182|2024-07-12|170
182|2024-07-15|41
182|2024-07-17|46
182|2024-07-18|39
182|2024-07-19|41
182|2024-07-22|40
182|2024-07-23|40
182|2024-07-24|39
182|2024-07-25|39
182|2024-07-26|39
182|2024-07-29|39
182|2024-07-30|39
182|2024-07-31|39
182|2024-08-01|48
182|2024-08-02|39
182|2024-08-05|44
182|2024-08-06|72
182|2024-08-07|51
182|2024-08-08|53
182|2024-08-09|44
182|2024-08-12|59
182|2024-08-13|42
182|2024-08-14|40
182|2024-08-16|56
182|2024-08-19|39
182|2024-08-20|47
182|2024-08-21|39
182|2024-08-22|39
182|2024-08-23|39
182|2024-08-26|42
182|2024-08-27|39
182|2024-08-28|39
182|2024-08-29|39
182|2024-08-30|39
182|2024-09-02|39
182|2024-09-03|39
182|2024-09-04|44
182|2024-09-05|40
182|2024-09-06|40
182|2024-09-09|39
182|2024-09-10|47
182|2024-09-11|193
182|2024-09-12|70
182|2024-09-13|40
182|2024-09-16|47
182|2024-09-17|40
182|2024-09-23|41
182|2024-09-24|40
182|2024-09-25|40
182|2024-09-26|41
182|2024-09-27|44
182|2024-09-30|40
182|2024-10-01|39
182|2024-10-02|46
182|2024-10-03|40
182|2024-10-04|160
182|2024-10-07|39
182|2024-10-08|43
182|2024-10-09|40
182|2024-10-10|41
182|2024-10-11|119
182|2024-10-14|40
182|2024-10-15|302
182|2024-10-16|168
182|2024-10-17|52
182|2024-10-18|63
182|2024-10-21|41
182|2024-10-22|43
182|2024-10-23|41
182|2024-10-24|39
182|2024-10-25|41
182|2024-10-28|140
182|2024-10-29|39
182|2024-10-30|43
182|2024-11-04|42
182|2024-11-05|43
182|2024-11-06|39
182|2024-11-07|45
182|2024-11-08|42
182|2024-11-11|56
182|2024-11-12|42
182|2024-11-13|123
182|2024-11-14|39
182|2024-11-15|42
182|2024-11-18|43
182|2024-11-19|41
182|2024-11-20|42
182|2024-11-21|40
182|2024-11-22|39
182|2024-11-25|39
182|2024-11-26|40
182|2024-11-27|41
182|2024-11-28|46
182|2024-11-29|40
182|2024-12-02|52
182|2024-12-03|45
182|2024-12-04|40
182|2024-12-05|49
182|2024-12-06|40
182|2024-12-09|41
182|2024-12-10|40
182|2024-12-11|40
182|2024-12-12|40
182|2024-12-13|39
182|2024-12-16|43
182|2024-12-17|40
182|2024-12-18|41
182|2024-12-19|41
182|2024-12-20|45
182|2024-12-23|39
182|2024-12-24|40
182|2024-12-26|42
182|2024-12-27|39
182|2024-12-30|41
182|2025-01-02|39
182|2025-01-03|40
182|2025-01-06|40
182|2025-01-07|58
182|2025-01-08|41
182|2025-01-09|41
182|2025-01-10|41
182|2025-01-13|39
182|2025-01-14|39
182|2025-01-15|57
182|2025-01-16|40
182|2025-01-17|39
182|2025-01-20|44
182|2025-01-21|39
182|2025-01-22|41
182|2025-01-23|44
182|2025-01-24|41
182|2025-01-27|40
182|2025-01-28|40
182|2025-01-29|40
182|2025-01-30|39
182|2025-01-31|49
182|2025-02-03|39
182|2025-02-04|41
182|2025-02-05|43
182|2025-02-06|41
182|2025-02-07|43
182|2025-02-10|41
182|2025-02-11|39
182|2025-02-12|40
182|2025-02-13|41
182|2025-02-14|41
182|2025-02-17|41
182|2025-02-18|40
182|2025-02-19|41
182|2025-02-20|43
182|2025-02-21|42
182|2025-02-24|42
182|2025-02-25|85
182|2025-02-26|39
182|2025-02-27|39
182|2025-02-28|97
182|2025-03-03|40
182|2025-03-04|40
182|2025-03-05|39
182|2025-03-06|45
182|2025-03-07|42
182|2025-03-10|39
182|2025-03-11|40
182|2025-03-12|39
182|2025-03-13|50
182|2025-03-14|48
182|2025-03-17|39
182|2025-03-18|70
182|2025-03-19|40
182|2025-03-20|39
182|2025-03-21|40
182|2025-03-24|41
182|2025-03-25|49
182|2025-03-26|41
182|2025-03-27|40
182|2025-03-28|41
182|2025-03-31|40
182|2025-04-01|39
182|2025-04-02|58
182|2025-04-03|39
182|2025-04-04|40
182|2025-04-07|47
182|2025-04-08|39
182|2025-04-09|44
182|2025-04-10|41
182|2025-04-11|47
182|2025-04-14|39
182|2025-04-15|41
182|2025-04-16|42
182|2025-04-17|44
182|2025-04-21|40
182|2025-04-22|39
182|2025-04-23|40
182|2025-04-24|39
182|2025-04-25|43
182|2025-04-28|41
182|2025-04-29|40
182|2025-04-30|39
182|2025-05-02|41
182|2025-05-05|40
182|2025-05-06|41
182|2025-05-07|42
182|2025-05-08|43
182|2025-05-09|42
182|2025-05-12|40
182|2025-05-13|39
182|2025-05-14|40
182|2025-05-15|39
182|2025-05-16|59
182|2025-05-19|41
182|2025-05-20|42
182|2025-05-22|531
182|2025-05-23|43
182|2025-05-26|42
182|2025-05-27|42
182|2025-05-28|42
182|2025-05-29|41
182|2025-05-30|41
182|2025-06-02|144
182|2025-06-03|43
182|2025-06-04|43
182|2025-06-05|43
182|2025-06-06|43
182|2025-06-09|43
182|2025-06-10|47
182|2025-06-11|47
182|2025-06-12|41
182|2025-06-13|44
182|2025-06-16|44
182|2025-06-17|41
182|2025-06-18|41
182|2025-06-19|53
182|2025-06-23|188
182|2025-06-24|43
182|2025-06-25|57
182|2025-06-26|41
182|2025-06-27|48
182|2025-06-30|44
182|2025-07-01|41
182|2025-07-02|44
182|2025-07-03|87
182|2025-07-04|51
182|2025-07-07|43
182|2025-07-08|197
182|2025-07-09|46
182|2025-07-10|42
182|2025-07-11|43
182|2025-07-14|45
182|2025-07-15|49
182|2025-07-17|46
182|2025-07-18|42
182|2025-07-21|42
182|2025-07-22|44
182|2025-07-23|41
182|2025-07-24|41
182|2025-07-25|42
182|2025-07-28|45
182|2025-07-29|41
182|2025-07-30|41
182|2025-07-31|41
182|2025-08-01|45
182|2025-08-04|58
182|2025-08-05|42
182|2025-08-06|42
182|2025-08-07|47
182|2025-08-08|41
182|2025-08-11|44
182|2025-08-12|42
182|2025-08-13|41
182|2025-08-14|41
182|2025-08-18|42
182|2025-08-19|46
182|2025-08-20|41
182|2025-08-21|41
182|2025-08-22|43
182|2025-08-25|58
182|2025-08-26|44
182|2025-08-27|54
182|2025-08-28|42
182|2025-08-29|41
182|2025-09-01|42
182|2025-09-02|46
182|2025-09-03|45
182|2025-09-04|50
182|2025-09-05|79
182|2025-09-08|43
182|2025-09-09|41
182|2025-09-10|66
182|2025-09-11|43
182|2025-09-12|55
182|2025-09-15|524
182|2025-09-16|56
182|2025-09-17|58
182|2025-09-22|42
182|2025-09-23|64
182|2025-09-24|52
182|2025-09-25|43
182|2025-09-26|42
182|2025-09-29|49
182|2025-09-30|41
182|2025-10-01|42
182|2025-10-02|41
182|2025-10-03|55
182|2025-10-06|44
182|2025-10-07|46
182|2025-10-08|43
182|2025-10-09|54
182|2025-10-10|53
182|2025-10-13|42
182|2025-10-14|44
182|2025-10-15|42
182|2025-10-16|41
182|2025-10-17|47
182|2025-10-20|66
182|2025-10-21|41
182|2025-10-22|42
182|2025-10-23|53
182|2025-10-24|43
182|2025-10-27|52
182|2025-10-28|41
182|2025-10-29|46
182|2025-10-30|43
182|2025-11-03|44
182|2025-11-04|43
182|2025-11-05|41
182|2025-11-06|47
182|2025-11-07|44
182|2025-11-10|46
182|2025-11-11|44
182|2025-11-12|42
182|2025-11-13|41
182|2025-11-14|41
182|2025-11-17|43
182|2025-11-18|45
182|2025-11-19|46
182|2025-11-20|43
182|2025-11-21|41
182|2025-11-24|43
182|2025-11-25|45
182|2025-11-26|48
182|2025-11-27|42
182|2025-11-28|43
182|2025-12-01|48
182|2025-12-02|44
182|2025-12-03|42
182|2025-12-04|48
182|2025-12-05|110
182|2025-12-09|51
182|2025-12-10|73
182|2025-12-11|46
182|2025-12-12|45
182|2025-12-15|49
182|2025-12-16|48
182|2025-12-17|44
182|2025-12-18|55
182|2025-12-19|56
182|2025-12-22|45
182|2025-12-23|46
182|2025-12-24|41
182|2025-12-26|42
182|2025-12-29|44
182|2025-12-30|46
182|2026-01-02|124
182|2026-01-05|56
182|2026-01-06|49
182|2026-01-07|46
182|2026-01-08|43
182|2026-01-09|43
182|2026-01-12|43
182|2026-01-13|46
182|2026-01-14|43
182|2026-01-15|45
182|2026-01-16|44
182|2026-01-19|46
182|2026-01-20|96
182|2026-01-21|43
182|2026-01-22|42
182|2026-01-23|41
182|2026-01-26|41
182|2026-01-27|41
182|2026-01-28|46
182|2026-01-29|45
182|2026-01-30|42
182|2026-02-02|48
182|2026-02-03|50
182|2026-02-04|42
182|2026-02-05|41
182|2026-02-06|43
182|2026-02-09|44
182|2026-02-10|43
182|2026-02-11|41
182|2026-02-12|43
182|2026-02-13|44
182|2026-02-16|44
182|2026-02-17|56
182|2026-02-18|45
182|2026-02-19|45
182|2026-02-20|41
182|2026-02-23|44
182|2026-02-24|74
182|2026-02-25|52
182|2026-02-26|45
182|2026-02-27|54
182|2026-03-02|55
182|2026-03-03|97
182|2026-03-04|50
182|2026-03-05|42
182|2026-03-06|51
182|2026-03-09|51
182|2026-03-10|42
182|2026-03-11|41
182|2026-03-12|41
182|2026-03-13|53
182|2026-03-16|54
182|2026-03-17|42
182|2026-03-18|44
182|2026-03-19|71
182|2026-03-20|43
182|2026-03-23|60
182|2026-03-24|43
182|2026-03-25|59
182|2026-03-26|89
182|2026-03-27|43
182|2026-03-30|49
182|2026-03-31|44
182|2026-04-01|44
182|2026-04-02|41
182|2026-04-06|48
182|2026-04-07|46
182|2026-04-08|41
182|2026-04-09|41
182|2026-04-10|41
182|2026-04-13|51
182|2026-04-14|43
182|2026-04-15|45
182|2026-04-16|46
182|2026-04-17|43
182|2026-04-20|54
182|2026-04-21|41
182|2026-04-22|44
182|2026-04-23|42
182|2026-04-24|44
182|2026-04-27|46
182|2026-04-28|44
183|2023-09-28|152
183|2023-09-29|160
183|2023-10-02|173
183|2023-10-03|69
183|2023-10-04|126
183|2023-10-05|140
183|2023-10-06|167
183|2023-10-10|162
183|2023-10-11|190
183|2023-10-12|275
183|2023-10-13|142
183|2023-10-16|137
183|2023-10-17|135
183|2023-10-18|118
183|2023-10-19|92
183|2023-10-20|98
183|2023-10-23|87
183|2023-10-24|121
183|2023-10-25|92
183|2023-10-26|117
183|2023-10-30|127
183|2023-10-31|167
183|2023-11-03|155
183|2023-11-04|61
183|2023-11-06|91
183|2023-11-08|94
183|2023-11-09|65
183|2023-11-10|120
183|2023-11-11|140
183|2023-11-13|71
183|2023-11-14|113
183|2023-11-15|50
183|2023-11-16|46
183|2023-11-17|60
183|2023-11-20|74
183|2023-11-21|62
183|2023-11-22|72
183|2023-11-24|90
183|2023-11-27|69
183|2023-11-28|103
183|2023-11-29|127
183|2023-11-30|205
183|2023-12-01|250
183|2023-12-04|36
183|2023-12-05|93
183|2023-12-06|92
183|2023-12-07|100
183|2023-12-11|98
183|2023-12-12|121
183|2023-12-13|79
183|2023-12-14|76
183|2023-12-15|70
183|2023-12-18|44
183|2023-12-19|87
183|2023-12-20|71
183|2023-12-21|105
183|2023-12-22|203
183|2023-12-26|207
183|2023-12-27|256
183|2024-12-28|259
183|2024-12-29|292
183|2024-01-02|215
183|2024-01-03|36
183|2024-01-04|5
183|2024-01-05|33
183|2024-01-09|5
183|2024-01-10|2
183|2024-01-11|72
183|2024-01-15|1
183|2024-01-16|45
183|2024-01-19|83
183|2024-01-23|126
183|2024-01-24|46
183|2024-01-25|71
183|2024-01-26|199
183|2024-01-29|79
183|2024-01-30|1
183|2024-02-06|1
183|2024-02-08|53
183|2024-02-09|97
183|2024-02-12|142
183|2024-02-13|67
183|2024-02-16|13
183|2024-02-19|141
183|2024-02-20|178
183|2024-02-21|185
183|2024-02-23|29
183|2024-02-26|165
183|2024-02-27|179
183|2024-02-28|119
183|2024-02-29|21
183|2024-03-01|6
183|2024-03-04|51
183|2024-03-05|110
183|2024-03-06|38
183|2024-03-08|17
183|2024-03-11|85
183|2024-03-12|105
183|2024-03-13|101
183|2024-03-14|48
183|2024-03-15|21
183|2024-03-18|106
183|2024-03-19|46
183|2024-03-20|164
183|2024-03-21|84
183|2024-03-22|30
183|2024-03-25|105
183|2024-03-26|31
183|2024-03-27|1
183|2024-03-28|116
183|2024-04-01|124
183|2024-04-02|127
183|2024-04-03|71
183|2024-04-04|88
183|2024-04-05|111
183|2024-04-08|119
183|2024-04-09|76
183|2024-04-10|137
183|2024-04-11|36
183|2024-04-12|56
183|2024-04-15|78
183|2024-04-16|80
183|2024-04-17|119
183|2024-04-18|47
183|2024-04-19|26
183|2024-04-22|61
183|2024-04-23|116
183|2024-04-24|133
183|2024-04-25|138
183|2024-04-26|93
183|2024-04-29|34
183|2024-04-30|78
183|2024-05-02|20
183|2024-05-03|123
183|2024-05-06|185
183|2024-05-07|188
183|2024-05-08|188
183|2024-05-09|204
183|2024-05-10|183
183|2024-05-13|201
183|2024-05-14|151
183|2024-05-15|187
183|2024-05-16|84
183|2024-05-17|191
183|2024-05-22|8
183|2024-05-23|88
183|2024-05-24|80
183|2024-05-27|155
183|2024-05-28|124
183|2024-05-29|104
183|2024-05-30|83
183|2024-05-31|138
183|2024-06-03|102
183|2024-06-04|163
183|2024-06-05|222
183|2024-06-06|271
183|2024-06-07|307
183|2024-06-10|315
183|2024-06-11|118
183|2024-06-12|74
183|2024-06-13|79
183|2024-06-14|90
183|2024-06-17|59
183|2024-06-18|92
183|2024-06-19|2
183|2024-06-21|27
183|2024-06-24|143
183|2024-06-25|94
183|2024-06-26|63
183|2024-06-27|82
183|2024-06-28|82
183|2024-07-01|112
183|2024-07-02|49
183|2024-07-03|81
183|2024-07-04|138
183|2024-07-05|126
183|2024-07-08|79
183|2024-07-09|139
183|2024-07-10|90
183|2024-07-11|59
183|2024-07-12|101
183|2024-07-15|69
183|2024-07-17|76
183|2024-07-18|52
183|2024-07-19|61
183|2024-07-22|53
183|2024-07-23|129
183|2024-07-24|104
183|2024-07-25|91
183|2024-07-26|106
183|2024-07-29|162
183|2024-07-30|107
183|2024-07-31|104
183|2024-08-01|130
183|2024-08-02|81
183|2024-08-05|96
183|2024-08-06|125
183|2024-08-07|100
183|2024-08-08|83
183|2024-08-09|71
183|2024-08-12|73
183|2024-08-13|133
183|2024-08-14|83
183|2024-08-16|70
183|2024-08-19|56
183|2024-08-20|95
183|2024-08-21|87
183|2024-08-22|79
183|2024-08-23|79
183|2024-08-26|80
183|2024-08-27|94
183|2024-08-28|3487
183|2024-08-29|151
183|2024-08-30|205
183|2024-09-02|202
183|2024-09-03|169
183|2024-09-04|233
183|2024-09-05|214
183|2024-09-06|162
183|2024-09-09|103
183|2024-09-10|281
183|2024-09-11|173
183|2024-09-12|90
183|2024-09-13|81
183|2024-09-16|60
183|2024-09-17|73
183|2024-09-23|41
183|2024-09-24|84
183|2024-09-25|78
183|2024-09-26|64
183|2024-09-27|76
183|2024-09-30|75
183|2024-10-01|114
183|2024-10-02|54
183|2024-10-03|335
183|2024-10-04|112
183|2024-10-07|3
183|2024-10-08|2
183|2024-10-09|6
183|2024-10-10|150
183|2024-10-11|67
183|2024-10-14|60
183|2024-10-15|81
183|2024-10-16|84
183|2024-10-17|50
183|2024-10-18|56
183|2024-10-21|32
183|2024-10-22|46
183|2024-10-23|49
183|2024-10-24|58
183|2024-10-25|163
183|2024-10-28|77
183|2024-10-29|79
183|2024-10-30|99
183|2024-11-04|90
183|2024-11-05|35
183|2024-11-06|72
183|2024-11-07|58
183|2024-11-08|62
183|2024-11-11|54
183|2024-11-12|82
183|2024-11-13|53
183|2024-11-14|69
183|2024-11-15|46
183|2024-11-18|54
183|2024-11-19|56
183|2024-11-20|48
183|2024-11-21|51
183|2024-11-22|47
183|2024-11-25|61
183|2024-11-26|63
183|2024-11-27|60
183|2024-11-28|97
183|2024-11-29|97
183|2024-12-02|83
183|2024-12-03|48
183|2024-12-04|72
183|2024-12-05|85
183|2024-12-06|66
183|2024-12-09|65
183|2024-12-10|80
183|2024-12-11|46
183|2024-12-12|48
183|2024-12-13|57
183|2024-12-16|44
183|2024-12-17|69
183|2024-12-18|35
183|2024-12-19|57
183|2024-12-20|61
183|2024-12-23|65
183|2024-12-24|71
183|2024-12-26|55
183|2024-12-27|51
183|2024-12-30|64
183|2025-01-02|103
183|2025-01-07|1
183|2025-01-08|80
183|2025-01-09|49
183|2025-01-13|60
183|2025-01-14|59
183|2025-01-16|63
183|2025-01-17|54
183|2025-01-20|51
183|2025-01-21|55
183|2025-01-23|64
183|2025-01-24|48
183|2025-01-27|35
183|2025-01-28|56
183|2025-01-29|39
183|2025-01-30|73
183|2025-01-31|76
183|2025-02-03|83
183|2025-02-04|23
183|2025-02-05|51
183|2025-02-07|65
183|2025-02-10|61
183|2025-02-11|70
183|2025-02-12|13
183|2025-02-13|305
183|2025-02-14|383
183|2025-02-17|212
183|2025-02-18|213
183|2025-02-19|79
183|2025-02-20|100
183|2025-02-21|59
183|2025-02-24|48
183|2025-02-25|57
183|2025-02-26|84
183|2025-02-27|129
183|2025-02-28|133
183|2025-03-03|114
183|2025-03-04|69
183|2025-03-05|152
183|2025-03-06|144
183|2025-03-07|117
183|2025-03-11|7
183|2025-03-12|115
183|2025-03-13|91
183|2025-03-14|87
183|2025-03-17|110
183|2025-03-18|98
183|2025-03-19|101
183|2025-03-20|86
183|2025-03-21|77
183|2025-03-24|69
183|2025-03-25|88
183|2025-03-26|76
183|2025-03-27|78
183|2025-03-28|130
183|2025-03-31|128
183|2025-04-01|147
183|2025-04-02|1
183|2025-04-03|119
183|2025-04-04|107
183|2025-04-08|110
183|2025-04-09|69
183|2025-04-10|97
183|2025-04-11|67
183|2025-04-16|1
183|2025-04-17|51
183|2025-04-21|65
183|2025-04-22|71
183|2025-04-23|77
183|2025-04-24|74
183|2025-04-25|63
183|2025-04-28|67
183|2025-04-29|81
183|2025-04-30|98
183|2025-05-02|127
183|2025-05-05|1
183|2025-05-07|80
183|2025-05-08|110
183|2025-05-09|71
183|2025-05-12|64
183|2025-05-13|1
183|2025-05-14|97
183|2025-05-15|72
183|2025-05-16|51
183|2025-05-19|68
183|2025-05-20|59
183|2025-05-22|88
183|2025-05-23|67
183|2025-05-26|65
183|2025-05-27|55
183|2025-05-28|64
183|2025-05-29|102
183|2025-05-30|105
183|2025-06-02|122
183|2025-06-03|2
183|2025-06-04|65
183|2025-06-05|124
183|2025-06-06|80
183|2025-06-09|85
183|2025-06-10|90
183|2025-06-11|75
183|2025-06-12|49
183|2025-06-13|76
183|2025-06-16|58
183|2025-06-17|64
183|2025-06-18|61
183|2025-06-19|56
183|2025-06-23|63
183|2025-06-24|77
183|2025-06-25|65
183|2025-06-26|55
183|2025-06-27|88
183|2025-06-30|94
183|2025-07-01|103
183|2025-07-02|52
183|2025-07-03|77
183|2025-07-04|96
183|2025-07-07|77
183|2025-07-08|89
183|2025-07-09|106
183|2025-07-10|57
183|2025-07-11|83
183|2025-07-14|53
183|2025-07-15|54
183|2025-07-17|68
183|2025-07-18|61
183|2025-07-21|75
183|2025-07-22|91
183|2025-07-23|63
183|2025-07-24|75
183|2025-07-25|50
183|2025-07-28|60
183|2025-07-29|98
183|2025-07-30|94
183|2025-07-31|106
183|2025-08-01|147
183|2025-08-04|55
183|2025-08-05|109
183|2025-08-06|82
183|2025-08-07|68
183|2025-08-08|68
183|2025-08-11|65
183|2025-08-12|58
183|2025-08-14|1
183|2025-08-18|1
183|2025-08-21|78
183|2025-08-22|100
183|2025-08-25|51
183|2025-08-27|1
183|2025-08-28|46
183|2025-09-01|1
183|2025-09-03|1
183|2025-09-12|3
183|2025-09-15|64
183|2025-09-24|1
183|2025-09-25|95
183|2025-09-29|1
183|2025-10-03|1
183|2025-10-09|4
183|2025-10-10|10
183|2025-10-13|24
183|2025-10-14|67
183|2025-10-15|104
183|2025-10-16|112
183|2025-10-17|69
183|2025-10-20|42
183|2025-10-21|30
183|2025-10-22|66
183|2025-10-23|18
183|2025-10-27|78
183|2025-10-28|163
183|2025-10-29|119
183|2025-10-30|123
183|2025-11-03|152
183|2025-11-04|134
183|2025-11-05|123
183|2025-11-06|128
183|2025-11-07|15
183|2025-11-10|24
183|2025-11-11|15
183|2025-11-12|25
183|2025-11-13|20
183|2025-11-14|18
183|2025-11-17|17
183|2025-11-18|20
183|2025-11-19|9
183|2025-11-20|109
183|2025-11-21|78
183|2025-11-24|2
183|2025-11-26|1
183|2025-12-18|3
183|2025-12-29|54
183|2026-01-06|1
183|2026-01-07|1
183|2026-01-08|1
183|2026-01-19|2
183|2026-01-23|1
183|2026-01-28|1
183|2026-01-29|603
183|2026-01-30|1
183|2026-02-02|1
183|2026-02-11|1
183|2026-02-20|2
183|2026-02-23|3
183|2026-02-24|3
183|2026-02-27|8
183|2026-03-16|1
183|2026-03-17|5
183|2026-03-25|1
183|2026-03-26|1
183|2026-03-30|1
183|2026-03-31|3
184|2023-09-28|152
184|2023-09-29|160
184|2023-10-02|172
184|2023-10-03|69
184|2023-10-04|125
184|2023-10-05|138
184|2023-10-06|162
184|2023-10-10|158
184|2023-10-11|189
184|2023-10-12|274
184|2023-10-13|142
184|2023-10-16|133
184|2023-10-17|134
184|2023-10-18|118
184|2023-10-19|91
184|2023-10-20|97
184|2023-10-23|83
184|2023-10-24|120
184|2023-10-25|92
184|2023-10-26|116
184|2023-10-30|126
184|2023-10-31|167
184|2023-11-03|155
184|2023-11-04|60
184|2023-11-06|90
184|2023-11-08|94
184|2023-11-09|65
184|2023-11-10|120
184|2023-11-11|139
184|2023-11-13|70
184|2023-11-14|85
184|2023-11-15|48
184|2023-11-16|41
184|2023-11-17|60
184|2023-11-20|74
184|2023-11-21|62
184|2023-11-22|64
184|2023-11-24|90
184|2023-11-27|67
184|2023-11-28|103
184|2023-11-29|127
184|2023-11-30|203
184|2023-12-01|250
184|2023-12-04|33
184|2023-12-05|91
184|2023-12-06|89
184|2023-12-07|99
184|2023-12-11|97
184|2023-12-12|120
184|2023-12-13|78
184|2023-12-14|75
184|2023-12-15|70
184|2023-12-18|42
184|2023-12-19|87
184|2023-12-20|70
184|2023-12-21|105
184|2023-12-22|203
184|2023-12-26|202
184|2023-12-27|255
184|2024-12-28|259
184|2024-12-29|292
184|2024-01-02|215
184|2024-01-03|34
184|2024-01-04|5
184|2024-01-05|33
184|2024-01-09|5
184|2024-01-10|2
184|2024-01-11|71
184|2024-01-15|1
184|2024-01-16|45
184|2024-01-19|82
184|2024-01-23|126
184|2024-01-24|46
184|2024-01-25|70
184|2024-01-26|199
184|2024-01-29|79
184|2024-01-30|1
184|2024-02-08|53
184|2024-02-09|97
184|2024-02-12|141
184|2024-02-13|67
184|2024-02-16|13
184|2024-02-19|141
184|2024-02-20|177
184|2024-02-21|182
184|2024-02-23|28
184|2024-02-26|132
184|2024-02-27|179
184|2024-02-28|119
184|2024-02-29|21
184|2024-03-01|6
184|2024-03-04|50
184|2024-03-05|110
184|2024-03-06|38
184|2024-03-08|17
184|2024-03-11|84
184|2024-03-12|104
184|2024-03-13|100
184|2024-03-14|47
184|2024-03-15|20
184|2024-03-18|106
184|2024-03-19|45
184|2024-03-20|143
184|2024-03-21|84
184|2024-03-22|25
184|2024-03-25|103
184|2024-03-26|30
184|2024-03-28|116
184|2024-04-01|124
184|2024-04-02|127
184|2024-04-03|71
184|2024-04-04|88
184|2024-04-05|94
184|2024-04-08|116
184|2024-04-09|72
184|2024-04-10|137
184|2024-04-11|36
184|2024-04-12|56
184|2024-04-15|78
184|2024-04-16|80
184|2024-04-17|117
184|2024-04-18|41
184|2024-04-19|25
184|2024-04-22|60
184|2024-04-23|116
184|2024-04-24|133
184|2024-04-25|138
184|2024-04-26|92
184|2024-04-29|32
184|2024-04-30|78
184|2024-05-02|19
184|2024-05-03|123
184|2024-05-06|184
184|2024-05-07|188
184|2024-05-08|183
184|2024-05-09|204
184|2024-05-10|183
184|2024-05-13|201
184|2024-05-14|151
184|2024-05-15|186
184|2024-05-16|79
184|2024-05-17|188
184|2024-05-23|84
184|2024-05-24|80
184|2024-05-27|154
184|2024-05-28|124
184|2024-05-29|104
184|2024-05-30|81
184|2024-05-31|138
184|2024-06-03|101
184|2024-06-04|163
184|2024-06-05|222
184|2024-06-06|271
184|2024-06-07|307
184|2024-06-10|313
184|2024-06-11|116
184|2024-06-12|74
184|2024-06-13|79
184|2024-06-14|88
184|2024-06-17|58
184|2024-06-18|91
184|2024-06-19|1
184|2024-06-21|23
184|2024-06-24|143
184|2024-06-25|93
184|2024-06-26|62
184|2024-06-27|82
184|2024-06-28|82
184|2024-07-01|111
184|2024-07-02|49
184|2024-07-03|81
184|2024-07-04|138
184|2024-07-05|126
184|2024-07-08|79
184|2024-07-09|139
184|2024-07-10|89
184|2024-07-11|58
184|2024-07-12|101
184|2024-07-15|69
184|2024-07-17|76
184|2024-07-18|52
184|2024-07-19|61
184|2024-07-22|52
184|2024-07-23|129
184|2024-07-24|104
184|2024-07-25|89
184|2024-07-26|105
184|2024-07-29|91
184|2024-07-30|106
184|2024-07-31|104
184|2024-08-01|130
184|2024-08-02|77
184|2024-08-05|94
184|2024-08-06|124
184|2024-08-07|97
184|2024-08-08|83
184|2024-08-09|70
184|2024-08-12|72
184|2024-08-13|131
184|2024-08-14|81
184|2024-08-16|69
184|2024-08-19|53
184|2024-08-20|93
184|2024-08-21|87
184|2024-08-22|78
184|2024-08-23|73
184|2024-08-26|77
184|2024-08-27|94
184|2024-08-28|112
184|2024-08-29|151
184|2024-08-30|204
184|2024-09-02|202
184|2024-09-03|168
184|2024-09-04|233
184|2024-09-05|214
184|2024-09-06|161
184|2024-09-09|103
184|2024-09-10|280
184|2024-09-11|173
184|2024-09-12|89
184|2024-09-13|77
184|2024-09-16|59
184|2024-09-17|72
184|2024-09-23|40
184|2024-09-24|83
184|2024-09-25|78
184|2024-09-26|64
184|2024-09-27|76
184|2024-09-30|75
184|2024-10-01|114
184|2024-10-02|53
184|2024-10-03|105
184|2024-10-04|111
184|2024-10-07|0
184|2024-10-08|1
184|2024-10-09|6
184|2024-10-10|150
184|2024-10-11|67
184|2024-10-14|60
184|2024-10-15|81
184|2024-10-16|84
184|2024-10-17|50
184|2024-10-18|56
184|2024-10-21|32
184|2024-10-22|46
184|2024-10-23|49
184|2024-10-24|58
184|2024-10-25|52
184|2024-10-28|77
184|2024-10-29|79
184|2024-10-30|99
184|2024-11-04|90
184|2024-11-05|35
184|2024-11-06|72
184|2024-11-07|57
184|2024-11-08|60
184|2024-11-11|54
184|2024-11-12|82
184|2024-11-13|53
184|2024-11-14|69
184|2024-11-15|46
184|2024-11-18|54
184|2024-11-19|56
184|2024-11-20|47
184|2024-11-21|51
184|2024-11-22|46
184|2024-11-25|61
184|2024-11-26|63
184|2024-11-27|59
184|2024-11-28|90
184|2024-11-29|96
184|2024-12-02|83
184|2024-12-03|48
184|2024-12-04|70
184|2024-12-05|86
184|2024-12-06|67
184|2024-12-09|64
184|2024-12-10|80
184|2024-12-11|46
184|2024-12-12|48
184|2024-12-13|57
184|2024-12-16|42
184|2024-12-17|68
184|2024-12-18|35
184|2024-12-19|56
184|2024-12-20|61
184|2024-12-23|62
184|2024-12-24|71
184|2024-12-26|55
184|2024-12-27|51
184|2024-12-30|64
184|2025-01-02|100
184|2025-01-07|1
184|2025-01-08|78
184|2025-01-09|49
184|2025-01-13|60
184|2025-01-14|59
184|2025-01-16|63
184|2025-01-17|54
184|2025-01-20|51
184|2025-01-21|55
184|2025-01-23|64
184|2025-01-24|48
184|2025-01-27|35
184|2025-01-28|56
184|2025-01-29|39
184|2025-01-30|73
184|2025-01-31|75
184|2025-02-03|83
184|2025-02-04|23
184|2025-02-05|51
184|2025-02-07|53
184|2025-02-10|61
184|2025-02-11|70
184|2025-02-13|305
184|2025-02-14|379
184|2025-02-17|209
184|2025-02-18|211
184|2025-02-19|79
184|2025-02-20|81
184|2025-02-21|59
184|2025-02-24|47
184|2025-02-25|56
184|2025-02-26|83
184|2025-02-27|129
184|2025-02-28|133
184|2025-03-03|113
184|2025-03-04|69
184|2025-03-05|151
184|2025-03-06|144
184|2025-03-07|117
184|2025-03-12|115
184|2025-03-13|91
184|2025-03-14|87
184|2025-03-17|109
184|2025-03-18|98
184|2025-03-19|100
184|2025-03-20|84
184|2025-03-21|76
184|2025-03-24|67
184|2025-03-25|87
184|2025-03-26|75
184|2025-03-27|78
184|2025-03-28|103
184|2025-03-31|128
184|2025-04-01|147
184|2025-04-03|119
184|2025-04-04|107
184|2025-04-08|110
184|2025-04-09|69
184|2025-04-10|92
184|2025-04-11|67
184|2025-05-15|71
184|2025-05-16|50
184|2025-05-19|68
184|2025-05-20|59
184|2025-05-22|88
184|2025-05-23|67
184|2025-05-26|65
184|2025-05-27|55
184|2025-05-28|64
184|2025-05-29|72
184|2025-05-30|105
184|2025-06-02|122
184|2025-06-03|2
184|2025-06-04|65
184|2025-06-05|124
184|2025-06-06|80
184|2025-06-09|85
184|2025-06-10|90
184|2025-06-11|75
184|2025-06-12|49
184|2025-06-13|76
184|2025-06-16|58
184|2025-06-17|64
184|2025-06-18|61
184|2025-06-19|56
184|2025-06-23|63
184|2025-06-24|77
184|2025-06-25|65
184|2025-06-26|55
184|2025-06-27|88
184|2025-06-30|94
184|2025-07-01|103
184|2025-07-02|52
184|2025-07-03|77
184|2025-07-04|96
184|2025-07-07|77
184|2025-07-08|89
184|2025-07-09|65
184|2025-07-10|57
184|2025-07-11|83
184|2025-07-14|53
184|2025-07-15|54
184|2025-07-17|68
184|2025-07-18|61
184|2025-07-21|75
184|2025-07-22|91
184|2025-07-23|63
184|2025-07-24|75
184|2025-07-25|50
184|2025-07-28|60
184|2025-07-29|95
184|2025-07-30|94
184|2025-07-31|106
184|2025-08-01|146
184|2025-08-04|50
184|2025-08-05|109
184|2025-08-06|82
184|2025-08-07|68
184|2025-08-08|68
184|2025-08-11|65
184|2025-08-12|58
184|2025-08-14|1
184|2025-08-18|1
184|2025-08-21|77
184|2025-08-22|100
184|2025-08-25|49
184|2025-08-27|1
184|2025-09-24|1
184|2025-09-25|1
184|2025-10-03|1
184|2025-10-06|3
184|2025-10-09|3
184|2025-10-10|10
184|2025-10-13|23
184|2025-10-14|67
184|2025-10-15|104
184|2025-10-16|112
184|2025-10-17|70
184|2025-10-20|42
184|2025-10-21|28
184|2025-10-22|66
184|2025-10-23|18
184|2025-10-27|78
184|2025-10-28|67
184|2025-10-29|119
184|2025-10-30|123
184|2025-11-03|152
184|2025-11-04|134
184|2025-11-05|123
184|2025-11-06|128
184|2025-11-07|15
184|2025-11-10|24
184|2025-11-11|15
184|2025-11-12|25
184|2025-11-13|21
184|2025-11-14|18
184|2025-11-17|17
184|2025-11-18|20
184|2025-11-19|9
184|2025-11-20|109
184|2025-11-21|78
184|2025-11-26|1
184|2025-12-18|3
184|2026-01-06|1
184|2026-01-07|1
184|2026-01-08|1
184|2026-01-19|2
184|2026-01-23|1
184|2026-01-28|1
184|2026-02-02|1
184|2026-02-11|1
184|2026-02-20|2
184|2026-03-25|1
184|2026-03-26|1
184|2026-03-30|1
184|2026-03-31|1
185|2023-09-28|176
185|2023-09-29|165
185|2023-10-02|173
185|2023-10-03|69
185|2023-10-04|139
185|2023-10-05|141
185|2023-10-06|167
185|2023-10-10|165
185|2023-10-11|198
185|2023-10-12|277
185|2023-10-13|142
185|2023-10-16|142
185|2023-10-17|137
185|2023-10-18|118
185|2023-10-19|92
185|2023-10-20|98
185|2023-10-23|88
185|2023-10-24|121
185|2023-10-25|95
185|2023-10-26|118
185|2023-10-30|128
185|2023-10-31|168
185|2023-11-03|163
185|2023-11-04|69
185|2023-11-06|92
185|2023-11-08|100
185|2023-11-09|67
185|2023-11-10|127
185|2023-11-11|140
185|2023-11-13|74
185|2023-11-14|92
185|2023-11-15|52
185|2023-11-16|41
185|2023-11-17|64
185|2023-11-20|75
185|2023-11-21|65
185|2023-11-22|67
185|2023-11-23|2
185|2023-11-24|91
185|2023-11-27|72
185|2023-11-28|137
185|2023-11-29|130
185|2023-11-30|206
185|2023-12-01|253
185|2023-12-04|37
185|2023-12-05|97
185|2023-12-06|94
185|2023-12-07|102
185|2023-12-11|100
185|2023-12-12|121
185|2023-12-13|84
185|2023-12-14|78
185|2023-12-15|71
185|2023-12-18|44
185|2023-12-19|87
185|2023-12-20|77
185|2023-12-21|108
185|2023-12-22|207
185|2023-12-26|209
185|2023-12-27|257
185|2024-12-28|261
185|2024-12-29|293
185|2024-01-02|215
185|2024-01-03|36
185|2024-01-04|5
185|2024-01-05|35
185|2024-01-08|8
185|2024-01-09|7
185|2024-01-10|80
185|2024-01-11|73
185|2024-01-12|6
185|2024-01-15|2
185|2024-01-16|51
185|2024-01-17|1
185|2024-01-19|84
185|2024-01-22|11
185|2024-01-23|126
185|2024-01-24|56
185|2024-01-25|75
185|2024-01-26|210
185|2024-01-29|90
185|2024-01-30|22
185|2024-01-31|9
185|2024-02-01|37
185|2024-02-02|72
185|2024-02-05|11
185|2024-02-06|8
185|2024-02-08|62
185|2024-02-09|107
185|2024-02-12|151
185|2024-02-13|73
185|2024-02-14|20
185|2024-02-15|13
185|2024-02-16|25
185|2024-02-19|153
185|2024-02-20|215
185|2024-02-21|185
185|2024-02-23|57
185|2024-02-26|182
185|2024-02-27|201
185|2024-02-28|163
185|2024-02-29|60
185|2024-03-01|24
185|2024-03-04|79
185|2024-03-05|124
185|2024-03-06|81
185|2024-03-07|14
185|2024-03-08|47
185|2024-03-11|103
185|2024-03-12|125
185|2024-03-13|214
185|2024-03-14|80
185|2024-03-15|29
185|2024-03-18|113
185|2024-03-19|51
185|2024-03-20|168
185|2024-03-21|94
185|2024-03-22|58
185|2024-03-25|128
185|2024-03-26|66
185|2024-03-27|27
185|2024-03-28|161
185|2024-04-01|132
185|2024-04-02|130
185|2024-04-03|95
185|2024-04-04|88
185|2024-04-05|111
185|2024-04-08|127
185|2024-04-09|73
185|2024-04-10|150
185|2024-04-11|49
185|2024-04-12|66
185|2024-04-15|81
185|2024-04-16|102
185|2024-04-17|131
185|2024-04-18|51
185|2024-04-19|30
185|2024-04-22|90
185|2024-04-23|151
185|2024-04-24|157
185|2024-04-25|138
185|2024-04-26|96
185|2024-04-29|105
185|2024-04-30|126
185|2024-05-02|23
185|2024-05-03|123
185|2024-05-06|215
185|2024-05-07|202
185|2024-05-08|200
185|2024-05-09|232
185|2024-05-10|186
185|2024-05-13|220
185|2024-05-14|152
185|2024-05-15|192
185|2024-05-16|86
185|2024-05-17|189
185|2024-05-20|1
185|2024-05-22|18
185|2024-05-23|91
185|2024-05-24|82
185|2024-05-27|197
185|2024-05-28|127
185|2024-05-29|107
185|2024-05-30|97
185|2024-05-31|155
185|2024-06-03|105
185|2024-06-04|176
185|2024-06-05|226
185|2024-06-06|272
185|2024-06-07|307
185|2024-06-10|319
185|2024-06-11|133
185|2024-06-12|79
185|2024-06-13|81
185|2024-06-14|92
185|2024-06-17|69
185|2024-06-18|95
185|2024-06-19|2
185|2024-06-21|33
185|2024-06-24|163
185|2024-06-25|144
185|2024-06-26|72
185|2024-06-27|87
185|2024-06-28|100
185|2024-07-01|121
185|2024-07-02|49
185|2024-07-03|86
185|2024-07-04|141
185|2024-07-05|127
185|2024-07-08|93
185|2024-07-09|147
185|2024-07-10|93
185|2024-07-11|61
185|2024-07-12|102
185|2024-07-15|74
185|2024-07-17|92
185|2024-07-18|84
185|2024-07-19|102
185|2024-07-22|80
185|2024-07-23|158
185|2024-07-24|128
185|2024-07-25|106
185|2024-07-26|141
185|2024-07-29|136
185|2024-07-30|129
185|2024-07-31|158
185|2024-08-01|144
185|2024-08-02|86
185|2024-08-05|109
185|2024-08-06|133
185|2024-08-07|129
185|2024-08-08|89
185|2024-08-09|81
185|2024-08-12|82
185|2024-08-13|146
185|2024-08-14|96
185|2024-08-16|98
185|2024-08-19|101
185|2024-08-20|103
185|2024-08-21|99
185|2024-08-22|84
185|2024-08-23|96
185|2024-08-26|95
185|2024-08-27|123
185|2024-08-28|133
185|2024-08-29|197
185|2024-08-30|276
185|2024-09-02|222
185|2024-09-03|171
185|2024-09-04|238
185|2024-09-05|230
185|2024-09-06|182
185|2024-09-09|128
185|2024-09-10|341
185|2024-09-11|210
185|2024-09-12|154
185|2024-09-13|174
185|2024-09-16|169
185|2024-09-17|115
185|2024-09-23|121
185|2024-09-24|96
185|2024-09-25|90
185|2024-09-26|113
185|2024-09-27|151
185|2024-09-30|200
185|2024-10-01|136
185|2024-10-02|76
185|2024-10-03|110
185|2024-10-04|120
185|2024-10-07|10
185|2024-10-08|7
185|2024-10-09|28
185|2024-10-10|175
185|2024-10-11|104
185|2024-10-14|93
185|2024-10-15|104
185|2024-10-16|134
185|2024-10-17|115
185|2024-10-18|89
185|2024-10-21|81
185|2024-10-22|99
185|2024-10-23|112
185|2024-10-24|108
185|2024-10-25|114
185|2024-10-28|130
185|2024-10-29|151
185|2024-10-30|148
185|2024-11-04|96
185|2024-11-05|42
185|2024-11-06|79
185|2024-11-07|64
185|2024-11-08|76
185|2024-11-11|61
185|2024-11-12|104
185|2024-11-13|79
185|2024-11-14|118
185|2024-11-15|82
185|2024-11-18|75
185|2024-11-19|99
185|2024-11-20|80
185|2024-11-21|97
185|2024-11-22|82
185|2024-11-25|89
185|2024-11-26|73
185|2024-11-27|86
185|2024-11-28|105
185|2024-11-29|124
185|2024-12-02|86
185|2024-12-03|50
185|2024-12-04|74
185|2024-12-05|94
185|2024-12-06|77
185|2024-12-09|88
185|2024-12-10|94
185|2024-12-11|62
185|2024-12-12|79
185|2024-12-13|104
185|2024-12-16|68
185|2024-12-17|102
185|2024-12-18|57
185|2024-12-19|81
185|2024-12-20|81
185|2024-12-23|105
185|2024-12-24|97
185|2024-12-26|83
185|2024-12-27|81
185|2024-12-30|85
185|2025-01-02|106
185|2025-01-06|5
185|2025-01-07|4
185|2025-01-08|85
185|2025-01-09|62
185|2025-01-10|3
185|2025-01-13|74
185|2025-01-14|69
185|2025-01-15|13
185|2025-01-16|76
185|2025-01-17|80
185|2025-01-20|73
185|2025-01-21|62
185|2025-01-22|24
185|2025-01-23|82
185|2025-01-24|62
185|2025-01-27|53
185|2025-01-28|82
185|2025-01-29|66
185|2025-01-30|100
185|2025-01-31|89
185|2025-02-03|88
185|2025-02-04|37
185|2025-02-05|55
185|2025-02-06|2
185|2025-02-07|63
185|2025-02-10|69
185|2025-02-11|77
185|2025-02-12|29
185|2025-02-13|313
185|2025-02-14|422
185|2025-02-17|250
185|2025-02-18|235
185|2025-02-19|108
185|2025-02-20|99
185|2025-02-21|82
185|2025-02-24|59
185|2025-02-25|82
185|2025-02-26|118
185|2025-02-27|165
185|2025-02-28|184
185|2025-03-03|125
185|2025-03-04|81
185|2025-03-05|159
185|2025-03-06|148
185|2025-03-07|125
185|2025-03-10|15
185|2025-03-11|14
185|2025-03-12|122
185|2025-03-13|113
185|2025-03-14|95
185|2025-03-17|128
185|2025-03-18|117
185|2025-03-19|116
185|2025-03-20|101
185|2025-03-21|107
185|2025-03-24|89
185|2025-03-25|104
185|2025-03-26|92
185|2025-03-27|104
185|2025-03-28|148
185|2025-03-31|144
185|2025-04-01|155
185|2025-04-02|3
185|2025-04-03|131
185|2025-04-04|111
185|2025-04-07|1
185|2025-04-08|124
185|2025-04-09|80
185|2025-04-10|113
185|2025-04-11|73
185|2025-04-14|28
185|2025-04-17|63
185|2025-04-21|87
185|2025-04-22|92
185|2025-04-23|95
185|2025-04-24|85
185|2025-04-25|88
185|2025-04-28|130
185|2025-04-29|155
185|2025-04-30|119
185|2025-05-02|138
185|2025-05-05|4
185|2025-05-06|2
185|2025-05-07|93
185|2025-05-08|95
185|2025-05-09|80
185|2025-05-12|86
185|2025-05-13|15
185|2025-05-14|118
185|2025-05-15|84
185|2025-05-16|54
185|2025-05-19|86
185|2025-05-20|89
185|2025-05-22|121
185|2025-05-23|98
185|2025-05-26|96
185|2025-05-27|73
185|2025-05-28|105
185|2025-05-29|102
185|2025-05-30|119
185|2025-06-02|130
185|2025-06-03|8
185|2025-06-04|69
185|2025-06-05|132
185|2025-06-06|87
185|2025-06-09|94
185|2025-06-10|98
185|2025-06-11|88
185|2025-06-12|61
185|2025-06-13|95
185|2025-06-16|75
185|2025-06-17|86
185|2025-06-18|67
185|2025-06-19|79
185|2025-06-23|81
185|2025-06-24|109
185|2025-06-25|96
185|2025-06-26|89
185|2025-06-27|136
185|2025-06-30|117
185|2025-07-01|118
185|2025-07-02|61
185|2025-07-03|83
185|2025-07-04|98
185|2025-07-07|79
185|2025-07-08|99
185|2025-07-09|72
185|2025-07-10|72
185|2025-07-11|85
185|2025-07-14|107
185|2025-07-15|74
185|2025-07-17|89
185|2025-07-18|73
185|2025-07-21|88
185|2025-07-22|113
185|2025-07-23|69
185|2025-07-24|97
185|2025-07-25|57
185|2025-07-28|78
185|2025-07-29|123
185|2025-07-30|110
185|2025-07-31|121
185|2025-08-01|149
185|2025-08-04|63
185|2025-08-05|110
185|2025-08-06|82
185|2025-08-07|79
185|2025-08-08|73
185|2025-08-11|79
185|2025-08-12|64
185|2025-08-13|9
185|2025-08-14|25
185|2025-08-18|25
185|2025-08-19|60
185|2025-08-20|31
185|2025-08-21|123
185|2025-08-22|133
185|2025-08-25|84
185|2025-08-26|23
185|2025-08-27|41
185|2025-08-28|16
185|2025-08-29|42
185|2025-09-01|10
185|2025-09-02|11
185|2025-09-03|9
185|2025-09-04|3
185|2025-09-05|5
185|2025-09-08|12
185|2025-09-09|17
185|2025-09-10|14
185|2025-09-11|1
185|2025-09-12|15
185|2025-09-15|8
185|2025-09-16|8
185|2025-09-22|9
185|2025-09-23|13
185|2025-09-24|25
185|2025-09-25|43
185|2025-09-26|36
185|2025-09-29|21
185|2025-09-30|46
185|2025-10-01|7
185|2025-10-02|17
185|2025-10-03|11
185|2025-10-07|94
185|2025-10-08|64
185|2025-10-09|16
185|2025-10-10|24
185|2025-10-13|39
185|2025-10-14|81
185|2025-10-15|121
185|2025-10-16|128
185|2025-10-17|75
185|2025-10-20|69
185|2025-10-21|40
185|2025-10-22|91
185|2025-10-23|54
185|2025-10-24|14
185|2025-10-27|110
185|2025-10-28|86
185|2025-10-29|135
185|2025-10-30|145
185|2025-11-03|154
185|2025-11-04|137
185|2025-11-06|132
185|2025-11-07|17
185|2025-11-10|25
185|2025-11-11|18
185|2025-11-12|30
185|2025-11-13|29
185|2025-11-14|32
185|2025-11-17|28
185|2025-11-18|30
185|2025-11-19|20
185|2025-11-20|121
185|2025-11-21|87
185|2025-11-24|7
185|2025-11-25|17
185|2025-11-26|19
185|2025-11-27|21
185|2025-11-28|36
185|2025-12-01|8
185|2025-12-02|8
185|2025-12-03|8
185|2025-12-04|6
185|2025-12-09|3
185|2025-12-10|6
185|2025-12-11|4
185|2025-12-12|19
185|2025-12-15|16
185|2025-12-16|16
185|2025-12-17|7
185|2025-12-18|11
185|2025-12-19|11
185|2025-12-22|12
185|2025-12-23|14
185|2025-12-24|19
185|2025-12-26|18
185|2025-12-29|21
185|2025-12-30|14
185|2026-01-02|2
185|2026-01-05|8
185|2026-01-06|2
185|2026-01-07|3
185|2026-01-08|7
185|2026-01-09|5
185|2026-01-12|5
185|2026-01-13|18
185|2026-01-14|18
185|2026-01-15|12
185|2026-01-19|4
185|2026-01-20|3
185|2026-01-21|14
185|2026-01-22|9
185|2026-01-23|24
185|2026-01-26|28
185|2026-01-27|24
185|2026-01-28|35
185|2026-01-29|48
185|2026-01-30|53
185|2026-02-02|1
185|2026-02-03|6
185|2026-02-04|3
185|2026-02-05|7
185|2026-02-06|1
185|2026-02-09|9
185|2026-02-10|4
185|2026-02-11|3
185|2026-02-12|13
185|2026-02-13|6
185|2026-02-16|7
185|2026-02-17|3
185|2026-02-19|11
185|2026-02-20|14
185|2026-02-23|7
185|2026-02-24|7
185|2026-02-25|6
185|2026-02-26|6
185|2026-02-27|9
185|2026-03-02|4
185|2026-03-03|68
185|2026-03-04|66
185|2026-03-05|86
185|2026-03-06|59
185|2026-03-09|39
185|2026-03-10|31
185|2026-03-11|7
185|2026-03-12|8
185|2026-03-13|1
185|2026-03-16|11
185|2026-03-17|3
185|2026-03-18|7
185|2026-03-19|12
185|2026-03-20|18
185|2026-03-23|5
185|2026-03-24|3
185|2026-03-25|5
185|2026-03-26|7
185|2026-03-27|9
185|2026-03-30|2
185|2026-03-31|10
185|2026-04-01|4
185|2026-04-02|9
185|2026-04-07|3
185|2026-04-10|3
185|2026-04-13|2
185|2026-04-14|10
185|2026-04-17|2
185|2026-04-20|10
185|2026-04-22|1
185|2026-04-23|2
185|2026-04-24|2
185|2026-04-27|6
186|2023-09-28|152
186|2023-09-29|160
186|2023-10-02|173
186|2023-10-03|69
186|2023-10-04|126
186|2023-10-05|140
186|2023-10-06|167
186|2023-10-10|162
186|2023-10-11|190
186|2023-10-12|275
186|2023-10-13|142
186|2023-10-16|137
186|2023-10-17|135
186|2023-10-18|118
186|2023-10-19|92
186|2023-10-20|98
186|2023-10-23|87
186|2023-10-24|121
186|2023-10-25|92
186|2023-10-26|117
186|2023-10-30|127
186|2023-10-31|167
186|2023-11-03|155
186|2023-11-04|61
186|2023-11-06|91
186|2023-11-08|94
186|2023-11-09|65
186|2023-11-10|120
186|2023-11-11|140
186|2023-11-13|71
186|2023-11-14|86
186|2023-11-15|50
186|2023-11-16|41
186|2023-11-17|63
186|2023-11-20|74
186|2023-11-21|62
186|2023-11-22|64
186|2023-11-24|90
186|2023-11-27|69
186|2023-11-28|103
186|2023-11-29|127
186|2023-11-30|205
186|2023-12-01|250
186|2023-12-04|35
186|2023-12-05|93
186|2023-12-06|92
186|2023-12-07|100
186|2023-12-11|98
186|2023-12-12|121
186|2023-12-13|79
186|2023-12-14|76
186|2023-12-15|70
186|2023-12-18|44
186|2023-12-19|87
186|2023-12-20|71
186|2023-12-21|105
186|2023-12-22|203
186|2023-12-26|207
186|2023-12-27|256
186|2024-12-28|259
186|2024-12-29|292
186|2024-01-02|215
186|2024-01-03|36
186|2024-01-04|5
186|2024-01-05|33
186|2024-01-09|5
186|2024-01-10|2
186|2024-01-11|72
186|2024-01-15|1
186|2024-01-16|45
186|2024-01-19|83
186|2024-01-23|126
186|2024-01-24|46
186|2024-01-25|70
186|2024-01-26|199
186|2024-01-29|79
186|2024-01-30|1
186|2024-02-08|53
186|2024-02-09|97
186|2024-02-12|142
186|2024-02-13|67
186|2024-02-16|13
186|2024-02-19|141
186|2024-02-20|177
186|2024-02-21|182
186|2024-02-23|29
186|2024-02-26|132
186|2024-02-27|179
186|2024-02-28|119
186|2024-02-29|21
186|2024-03-01|6
186|2024-03-04|51
186|2024-03-05|110
186|2024-03-06|38
186|2024-03-08|17
186|2024-03-11|85
186|2024-03-12|105
186|2024-03-13|101
186|2024-03-14|48
186|2024-03-15|21
186|2024-03-18|106
186|2024-03-19|46
186|2024-03-20|144
186|2024-03-21|84
186|2024-03-22|30
186|2024-03-25|105
186|2024-03-26|31
186|2024-03-27|1
186|2024-03-28|116
186|2024-04-01|124
186|2024-04-02|127
186|2024-04-03|71
186|2024-04-04|88
186|2024-04-05|111
186|2024-04-08|119
186|2024-04-09|72
186|2024-04-10|137
186|2024-04-11|36
186|2024-04-12|56
186|2024-04-15|78
186|2024-04-17|119
186|2024-04-18|42
186|2024-04-19|26
186|2024-04-23|116
186|2024-04-24|135
186|2024-04-25|138
186|2024-04-26|93
186|2024-04-29|32
186|2024-04-30|78
186|2024-05-02|20
186|2024-05-03|123
186|2024-05-06|185
186|2024-05-07|188
186|2024-05-08|183
186|2024-05-09|204
186|2024-05-10|183
186|2024-05-13|201
186|2024-05-14|151
186|2024-05-15|187
186|2024-05-16|82
186|2024-05-17|188
186|2024-05-22|8
186|2024-05-23|84
186|2024-05-24|80
186|2024-05-27|159
186|2024-05-28|124
186|2024-05-29|104
186|2024-05-30|82
186|2024-05-31|138
186|2024-06-03|102
186|2024-06-04|163
186|2024-06-05|222
186|2024-06-06|271
186|2024-06-07|307
186|2024-06-10|315
186|2024-06-11|118
186|2024-06-12|74
186|2024-06-13|79
186|2024-06-14|90
186|2024-06-17|59
186|2024-06-18|92
186|2024-06-19|2
186|2024-06-21|27
186|2024-06-24|143
186|2024-06-25|95
186|2024-06-26|63
186|2024-06-27|82
186|2024-06-28|82
186|2024-07-01|112
186|2024-07-02|49
186|2024-07-03|81
186|2024-07-04|138
186|2024-07-05|126
186|2024-07-08|79
186|2024-07-09|139
186|2024-07-10|89
186|2024-07-11|58
186|2024-07-12|101
186|2024-07-15|71
186|2024-07-17|77
186|2024-07-18|52
186|2024-07-19|61
186|2024-07-22|55
186|2024-07-23|129
186|2024-07-24|105
186|2024-07-25|90
186|2024-07-26|105
186|2024-07-29|91
186|2024-07-30|107
186|2024-07-31|104
186|2024-08-01|130
186|2024-08-02|77
186|2024-08-05|95
186|2024-08-06|125
186|2024-08-07|100
186|2024-08-08|83
186|2024-08-09|71
186|2024-08-12|73
186|2024-08-13|132
186|2024-08-14|83
186|2024-08-16|70
186|2024-08-19|55
186|2024-08-20|95
186|2024-08-21|87
186|2024-08-22|79
186|2024-08-23|79
186|2024-08-26|80
186|2024-08-27|94
186|2024-08-28|113
186|2024-08-29|151
186|2024-08-30|205
186|2024-09-02|203
186|2024-09-03|169
186|2024-09-04|233
186|2024-09-05|214
186|2024-09-06|162
186|2024-09-09|103
186|2024-09-10|281
186|2024-09-11|173
186|2024-09-12|90
186|2024-09-13|81
186|2024-09-16|60
186|2024-09-17|73
186|2024-09-23|43
186|2024-09-24|84
186|2024-09-25|78
186|2024-09-26|64
186|2024-09-27|76
186|2024-09-30|76
186|2024-10-01|114
186|2024-10-02|54
186|2024-10-03|105
186|2024-10-04|112
186|2024-10-07|3
186|2024-10-08|1
186|2024-10-09|6
186|2024-10-10|150
186|2024-10-11|67
186|2024-10-14|60
186|2024-10-15|81
186|2024-10-16|84
186|2024-10-17|50
186|2024-10-18|56
186|2024-10-21|32
186|2024-10-22|46
186|2024-10-23|50
186|2024-10-24|58
186|2024-10-25|52
186|2024-10-28|77
186|2024-10-29|81
186|2024-10-30|99
186|2024-11-04|90
186|2024-11-05|35
186|2024-11-06|72
186|2024-11-07|57
186|2024-11-08|60
186|2024-11-11|54
186|2024-11-12|82
186|2024-11-13|53
186|2024-11-14|69
186|2024-11-15|46
186|2024-11-18|54
186|2024-11-19|57
186|2024-11-20|47
186|2024-11-21|52
186|2024-11-22|46
186|2024-11-25|62
186|2024-11-26|65
186|2024-11-27|59
186|2024-11-28|91
186|2024-11-29|99
186|2024-12-02|83
186|2024-12-03|49
186|2024-12-04|73
186|2024-12-05|87
186|2024-12-06|66
186|2024-12-09|65
186|2024-12-10|80
186|2024-12-11|46
186|2024-12-12|48
186|2024-12-13|57
186|2024-12-16|44
186|2024-12-17|69
186|2024-12-18|35
186|2024-12-19|57
186|2024-12-20|61
186|2024-12-23|65
186|2024-12-24|71
186|2024-12-26|55
186|2024-12-27|51
186|2024-12-30|64
186|2025-01-02|103
186|2025-01-07|1
186|2025-01-08|80
186|2025-01-09|49
186|2025-01-13|60
186|2025-01-14|59
186|2025-01-16|63
186|2025-01-17|54
186|2025-01-20|51
186|2025-01-21|55
186|2025-01-23|64
186|2025-01-24|48
186|2025-01-27|35
186|2025-01-28|56
186|2025-01-29|39
186|2025-01-30|73
186|2025-01-31|76
186|2025-02-03|83
186|2025-02-04|23
186|2025-02-05|51
186|2025-02-07|53
186|2025-02-10|61
186|2025-02-11|70
186|2025-02-13|305
186|2025-02-14|380
186|2025-02-17|209
186|2025-02-18|211
186|2025-02-19|79
186|2025-02-20|81
186|2025-02-21|59
186|2025-02-24|48
186|2025-02-25|56
186|2025-02-26|83
186|2025-02-27|129
186|2025-02-28|133
186|2025-03-03|114
186|2025-03-04|69
186|2025-03-05|152
186|2025-03-07|117
186|2025-03-12|115
186|2025-03-13|91
186|2025-03-14|87
186|2025-03-17|110
186|2025-03-18|98
186|2025-03-19|100
186|2025-03-20|85
186|2025-03-21|77
186|2025-03-24|69
186|2025-03-25|88
186|2025-03-26|76
186|2025-03-27|78
186|2025-03-28|103
186|2025-03-31|128
186|2025-04-01|147
186|2025-04-02|1
186|2025-04-03|119
186|2025-04-04|107
186|2025-04-08|110
186|2025-04-09|69
186|2025-04-10|93
186|2025-04-11|67
186|2025-04-17|51
186|2025-04-21|65
186|2025-04-22|71
186|2025-04-23|77
186|2025-04-24|74
186|2025-04-25|63
186|2025-04-28|67
186|2025-04-29|80
186|2025-04-30|97
186|2025-05-02|127
186|2025-05-05|1
186|2025-05-07|80
186|2025-05-08|84
186|2025-05-09|71
186|2025-05-12|64
186|2025-05-14|97
186|2025-05-15|72
186|2025-05-16|51
186|2025-05-19|68
186|2025-05-20|59
186|2025-05-22|88
186|2025-05-23|68
186|2025-05-26|65
186|2025-05-27|55
186|2025-05-28|64
186|2025-05-29|72
186|2025-05-30|105
186|2025-06-02|122
186|2025-06-03|2
186|2025-06-04|65
186|2025-06-05|124
186|2025-06-06|80
186|2025-06-09|85
186|2025-06-10|90
186|2025-06-11|75
186|2025-06-12|49
186|2025-06-13|76
186|2025-06-16|58
186|2025-06-17|64
186|2025-06-18|61
186|2025-06-19|56
186|2025-06-23|63
186|2025-06-24|77
186|2025-06-25|65
186|2025-06-26|55
186|2025-06-27|88
186|2025-06-30|94
186|2025-07-01|103
186|2025-07-02|52
186|2025-07-03|77
186|2025-07-04|96
186|2025-07-07|77
186|2025-07-08|89
186|2025-07-09|65
186|2025-07-10|57
186|2025-07-11|83
186|2025-07-14|53
186|2025-07-15|54
186|2025-07-17|68
186|2025-07-18|61
186|2025-07-21|75
186|2025-07-22|91
186|2025-07-23|63
186|2025-07-24|75
186|2025-07-25|50
186|2025-07-28|60
186|2025-07-29|98
186|2025-07-30|94
186|2025-07-31|106
186|2025-08-01|147
186|2025-08-04|55
186|2025-08-05|109
186|2025-08-06|82
186|2025-08-07|68
186|2025-08-08|68
186|2025-08-11|65
186|2025-08-12|58
186|2025-08-14|1
186|2025-08-18|1
186|2025-08-19|1
186|2025-08-21|78
186|2025-08-22|100
186|2025-08-25|51
186|2025-08-27|1
186|2025-09-01|1
186|2025-09-24|1
186|2025-09-25|1
186|2025-10-01|1
186|2025-10-03|1
186|2025-10-09|3
186|2025-10-10|10
186|2025-10-13|23
186|2025-10-14|67
186|2025-10-15|104
186|2025-10-16|112
186|2025-10-17|69
186|2025-10-20|42
186|2025-10-21|29
186|2025-10-22|66
186|2025-10-23|18
186|2025-10-27|78
186|2025-10-28|67
186|2025-10-29|119
186|2025-10-30|123
186|2025-11-03|152
186|2025-11-04|134
186|2025-11-05|123
186|2025-11-06|128
186|2025-11-07|15
186|2025-11-10|24
186|2025-11-11|15
186|2025-11-12|25
186|2025-11-13|20
186|2025-11-14|18
186|2025-11-17|17
186|2025-11-18|20
186|2025-11-19|9
186|2025-11-20|109
186|2025-11-21|78
186|2025-11-26|1
186|2025-12-10|1
186|2025-12-18|3
186|2026-01-06|1
186|2026-01-07|1
186|2026-01-08|1
186|2026-01-19|2
186|2026-01-23|1
186|2026-01-28|1
186|2026-01-30|1
186|2026-02-02|1
186|2026-02-11|1
186|2026-02-20|2
186|2026-03-09|1
186|2026-03-25|1
186|2026-03-26|1
186|2026-03-30|1
186|2026-03-31|1
186|2026-04-20|1
187|2023-09-28|1694
187|2023-09-29|1371
187|2023-10-02|1651
187|2023-10-03|1796
187|2023-10-04|1859
187|2023-10-05|1701
187|2023-10-06|1414
187|2023-10-10|1974
187|2023-10-11|2398
187|2023-10-12|2335
187|2023-10-13|2029
187|2023-10-16|2494
187|2023-10-17|2597
187|2023-10-18|2575
187|2023-10-19|2622
187|2023-10-20|2211
187|2023-10-23|2778
187|2023-10-24|2467
187|2023-10-25|2549
187|2023-10-26|1877
187|2023-10-30|1909
187|2023-10-31|1512
187|2023-11-03|1693
187|2023-11-04|1564
187|2023-11-06|1817
187|2023-11-08|1857
187|2023-11-09|1781
187|2023-11-10|1874
187|2023-11-11|1992
187|2023-11-13|2478
187|2023-11-14|2039
187|2023-11-15|2205
187|2023-11-16|2333
187|2023-11-17|2050
187|2023-11-20|1988
187|2023-11-21|2529
187|2023-11-22|3000
187|2023-11-23|2874
187|2023-11-24|2679
187|2023-11-27|2831
187|2023-11-28|2693
187|2023-11-29|2112
187|2023-11-30|1983
187|2023-12-01|1943
187|2023-12-04|2021
187|2023-12-05|2141
187|2023-12-06|1906
187|2023-12-07|1804
187|2023-12-11|1862
187|2023-12-12|1573
187|2023-12-13|1940
187|2023-12-14|1718
187|2023-12-15|1561
187|2023-12-18|1858
187|2023-12-19|1745
187|2023-12-20|1626
187|2023-12-21|1473
187|2023-12-22|1170
187|2023-12-26|1438
187|2023-12-27|1547
187|2024-12-28|1450
187|2024-12-29|1237
187|2024-01-02|1594
187|2024-01-03|1704
187|2024-01-04|1834
187|2024-01-05|1463
187|2024-01-08|1802
187|2024-01-09|1766
187|2024-01-10|1778
187|2024-01-11|1708
187|2024-01-12|1505
187|2024-01-15|1800
187|2024-01-16|1723
187|2024-01-17|1787
187|2024-01-18|1857
187|2024-01-19|1404
187|2024-01-22|1608
187|2024-01-23|1816
187|2024-01-24|1692
187|2024-01-25|1674
187|2024-01-26|1398
187|2024-01-29|1408
187|2024-01-30|1374
187|2024-01-31|1539
187|2024-02-01|1311
187|2024-02-02|1210
187|2024-02-05|1430
187|2024-02-06|1602
187|2024-02-07|1580
187|2024-02-08|1554
187|2024-02-09|1337
187|2024-02-12|1561
187|2024-02-13|1629
187|2024-02-14|1264
187|2024-02-15|1799
187|2024-02-16|1247
187|2024-02-19|1358
187|2024-02-20|1681
187|2024-02-21|1669
187|2024-02-22|1584
187|2024-02-23|1353
187|2024-02-26|1894
187|2024-02-27|1840
187|2024-02-28|1770
187|2024-02-29|1669
187|2024-03-01|1386
187|2024-03-04|1729
187|2024-03-05|1987
187|2024-03-06|1746
187|2024-03-07|1674
187|2024-03-08|1413
187|2024-03-11|1747
187|2024-03-12|1868
187|2024-03-13|1725
187|2024-03-14|1548
187|2024-03-15|1298
187|2024-03-18|1491
187|2024-03-19|1427
187|2024-03-20|1518
187|2024-03-21|1614
187|2024-03-22|1202
187|2024-03-25|1520
187|2024-03-26|1691
187|2024-03-27|1661
187|2024-03-28|1468
187|2024-04-01|1622
187|2024-04-02|1643
187|2024-04-03|1542
187|2024-04-04|1521
187|2024-04-05|1410
187|2024-04-08|1652
187|2024-04-09|1486
187|2024-04-10|1441
187|2024-04-11|1464
187|2024-04-12|1237
187|2024-04-15|1554
187|2024-04-16|1567
187|2024-04-17|1617
187|2024-04-18|1566
187|2024-04-19|1153
187|2024-04-22|1594
187|2024-04-23|1406
187|2024-04-24|1492
187|2024-04-25|1371
187|2024-04-26|1193
187|2024-04-29|1488
187|2024-04-30|1475
187|2024-05-02|1469
187|2024-05-03|1299
187|2024-05-06|1571
187|2024-05-07|1353
187|2024-05-08|1458
187|2024-05-09|1394
187|2024-05-10|1104
187|2024-05-13|1446
187|2024-05-14|1407
187|2024-05-15|1457
187|2024-05-16|1490
187|2024-05-17|1243
187|2024-05-20|1387
187|2024-05-22|1412
187|2024-05-23|1434
187|2024-05-24|1169
187|2024-05-27|1545
187|2024-05-28|1543
187|2024-05-29|1540
187|2024-05-30|1489
187|2024-05-31|1285
187|2024-06-03|1747
187|2024-06-04|1815
187|2024-06-05|1774
187|2024-06-06|1482
187|2024-06-07|2231
187|2024-06-10|2504
187|2024-06-11|2288
187|2024-06-12|2073
187|2024-06-13|2457
187|2024-06-14|1707
187|2024-06-17|2395
187|2024-06-18|2110
187|2024-06-19|2223
187|2024-06-21|1738
187|2024-06-24|2338
187|2024-06-25|2337
187|2024-06-26|2343
187|2024-06-27|2160
187|2024-06-28|2224
187|2024-07-01|2325
187|2024-07-02|2441
187|2024-07-03|2419
187|2024-07-04|2281
187|2024-07-05|1892
187|2024-07-08|2120
187|2024-07-09|2299
187|2024-07-10|2142
187|2024-07-11|2117
187|2024-07-12|1511
187|2024-07-15|1558
187|2024-07-17|2042
187|2024-07-18|1889
187|2024-07-19|1643
187|2024-07-22|2068
187|2024-07-23|2099
187|2024-07-24|2393
187|2024-07-25|2209
187|2024-07-26|1789
187|2024-07-29|2352
187|2024-07-30|2308
187|2024-07-31|2732
187|2024-08-01|2254
187|2024-08-02|1768
187|2024-08-05|2341
187|2024-08-06|2404
187|2024-08-07|2301
187|2024-08-08|2259
187|2024-08-09|1920
187|2024-08-12|2144
187|2024-08-13|2160
187|2024-08-14|2005
187|2024-08-16|2158
187|2024-08-19|2225
187|2024-08-20|2131
187|2024-08-21|2148
187|2024-08-22|1989
187|2024-08-23|1842
187|2024-08-26|2132
187|2024-08-27|2134
187|2024-08-28|2111
187|2024-08-29|2099
187|2024-08-30|1847
187|2024-09-02|2122
187|2024-09-03|2320
187|2024-09-04|2198
187|2024-09-05|1968
187|2024-09-06|1761
187|2024-09-09|1950
187|2024-09-10|1741
187|2024-09-11|2015
187|2024-09-12|1705
187|2024-09-13|1424
187|2024-09-16|2004
187|2024-09-17|1313
187|2024-09-23|2154
187|2024-09-24|1974
187|2024-09-25|2056
187|2024-09-26|1917
187|2024-09-27|1780
187|2024-09-30|2026
187|2024-10-01|1993
187|2024-10-02|1768
187|2024-10-03|1767
187|2024-10-04|1452
187|2024-10-07|2033
187|2024-10-08|1925
187|2024-10-09|1793
187|2024-10-10|2072
187|2024-10-11|1662
187|2024-10-14|1949
187|2024-10-15|2003
187|2024-10-16|2160
187|2024-10-17|1984
187|2024-10-18|1424
187|2024-10-21|1294
187|2024-10-22|1724
187|2024-10-23|1779
187|2024-10-24|2126
187|2024-10-25|1683
187|2024-10-28|1892
187|2024-10-29|1883
187|2024-10-30|1741
187|2024-11-04|1722
187|2024-11-05|1881
187|2024-11-06|1997
187|2024-11-07|1833
187|2024-11-08|1766
187|2024-11-11|1993
187|2024-11-12|2133
187|2024-11-13|1949
187|2024-11-14|1881
187|2024-11-15|1583
187|2024-11-18|2190
187|2024-11-19|2075
187|2024-11-20|1907
187|2024-11-21|1952
187|2024-11-22|1754
187|2024-11-25|2355
187|2024-11-26|2336
187|2024-11-27|2247
187|2024-11-28|1987
187|2024-11-29|1699
187|2024-12-02|1914
187|2024-12-03|1878
187|2024-12-04|1961
187|2024-12-05|1867
187|2024-12-06|1449
187|2024-12-09|1710
187|2024-12-10|1947
187|2024-12-11|1846
187|2024-12-12|1853
187|2024-12-13|1442
187|2024-12-16|1728
187|2024-12-17|1782
187|2024-12-18|1711
187|2024-12-19|1852
187|2024-12-20|1481
187|2024-12-23|1495
187|2024-12-24|1008
187|2024-12-26|1775
187|2024-12-27|1706
187|2024-12-30|1604
187|2025-01-02|2003
187|2025-01-03|1649
187|2025-01-06|2035
187|2025-01-07|2033
187|2025-01-08|1814
187|2025-01-09|1929
187|2025-01-10|1565
187|2025-01-13|1992
187|2025-01-14|1992
187|2025-01-15|1881
187|2025-01-16|2133
187|2025-01-17|1672
187|2025-01-20|1999
187|2025-01-21|1999
187|2025-01-22|1904
187|2025-01-23|1899
187|2025-01-24|1589
187|2025-01-27|1887
187|2025-01-28|1824
187|2025-01-29|1381
187|2025-01-30|2058
187|2025-01-31|2729
187|2025-02-03|2553
187|2025-02-04|2399
187|2025-02-05|2274
187|2025-02-06|2127
187|2025-02-07|1810
187|2025-02-10|2153
187|2025-02-11|2076
187|2025-02-12|1844
187|2025-02-13|1906
187|2025-02-14|1493
187|2025-02-17|1894
187|2025-02-18|1958
187|2025-02-19|1963
187|2025-02-20|1950
187|2025-02-21|1745
187|2025-02-24|2383
187|2025-02-25|1338
187|2025-02-26|2128
187|2025-02-27|2141
187|2025-02-28|1354
187|2025-03-03|2548
187|2025-03-04|2338
187|2025-03-05|2312
187|2025-03-07|1795
187|2025-03-10|2024
187|2025-03-11|2119
187|2025-03-12|1981
187|2025-03-13|1994
187|2025-03-14|1730
187|2025-03-17|2053
187|2025-03-18|2021
187|2025-03-19|1980
187|2025-03-20|2006
187|2025-03-21|1699
187|2025-03-24|2009
187|2025-03-25|1848
187|2025-03-26|1884
187|2025-03-27|1999
187|2025-03-28|1664
187|2025-03-31|1994
187|2025-04-01|1835
187|2025-04-02|1914
187|2025-04-03|1811
187|2025-04-04|1610
187|2025-04-08|1746
187|2025-04-09|1828
187|2025-04-10|1641
187|2025-04-11|1567
187|2025-04-14|1917
187|2025-04-15|1529
187|2025-04-16|1863
187|2025-04-17|1558
187|2025-04-21|1662
187|2025-04-22|1670
187|2025-04-23|1784
187|2025-04-24|1852
187|2025-04-25|1554
187|2025-04-28|1939
187|2025-04-29|1992
187|2025-04-30|1801
187|2025-05-02|1747
187|2025-05-05|1995
187|2025-05-06|1872
187|2025-05-07|1888
187|2025-05-08|1683
187|2025-05-09|1572
187|2025-05-12|1857
187|2025-05-13|1830
187|2025-05-14|1800
187|2025-05-15|1788
187|2025-05-16|1512
187|2025-05-19|1988
187|2025-05-20|1776
187|2025-05-22|1980
187|2025-05-23|1712
187|2025-05-26|1803
187|2025-05-27|1883
187|2025-05-28|1859
187|2025-05-29|1779
187|2025-05-30|1697
187|2025-06-02|1878
187|2025-06-03|1861
187|2025-06-04|1880
187|2025-06-05|1896
187|2025-06-06|1537
187|2025-06-09|1886
187|2025-06-10|1851
187|2025-06-11|1695
187|2025-06-12|1587
187|2025-06-13|1447
187|2025-06-16|1712
187|2025-06-17|1756
187|2025-06-18|1755
187|2025-06-19|1606
187|2025-06-23|1790
187|2025-06-24|1843
187|2025-06-25|1794
187|2025-06-26|1752
187|2025-06-27|1521
187|2025-06-30|1886
187|2025-07-01|1767
187|2025-07-02|1953
187|2025-07-03|1908
187|2025-07-04|1577
187|2025-07-07|1881
187|2025-07-08|1775
187|2025-07-09|1731
187|2025-07-10|1729
187|2025-07-11|1204
187|2025-07-14|1703
187|2025-07-15|1635
187|2025-07-17|2305
187|2025-07-18|1626
187|2025-07-21|1862
187|2025-07-22|1894
187|2025-07-23|1864
187|2025-07-24|1684
187|2025-07-25|1360
187|2025-07-28|1887
187|2025-07-29|1706
187|2025-07-30|1593
187|2025-07-31|1676
187|2025-08-01|1459
187|2025-08-04|1614
187|2025-08-05|1754
187|2025-08-06|1869
187|2025-08-07|1708
187|2025-08-08|1222
187|2025-08-11|1743
187|2025-08-12|2189
187|2025-08-13|1758
187|2025-08-14|1533
187|2025-08-18|1613
187|2025-08-19|1684
187|2025-08-20|1618
187|2025-08-21|1514
187|2025-08-22|1455
187|2025-08-25|1853
187|2025-08-26|1728
187|2025-08-27|1643
187|2025-08-28|1815
187|2025-08-29|1529
187|2025-09-01|1979
187|2025-09-02|1843
187|2025-09-03|1588
187|2025-09-04|1626
187|2025-09-05|1377
187|2025-09-08|1740
187|2025-09-09|1667
187|2025-09-10|1610
187|2025-09-11|1539
187|2025-09-12|1244
187|2025-09-15|1673
187|2025-09-16|1596
187|2025-09-17|1138
187|2025-09-22|1755
187|2025-09-23|1731
187|2025-09-24|1629
187|2025-09-25|1570
187|2025-09-26|1443
187|2025-09-29|1510
187|2025-09-30|1832
187|2025-10-01|1645
187|2025-10-02|1552
187|2025-10-03|1339
187|2025-10-06|1766
187|2025-10-07|1752
187|2025-10-08|1889
187|2025-10-09|1933
187|2025-10-10|1635
187|2025-10-13|1900
187|2025-10-14|2140
187|2025-10-15|1905
187|2025-10-16|1927
187|2025-10-17|1519
187|2025-10-20|1885
187|2025-10-21|1836
187|2025-10-22|1677
187|2025-10-23|1633
187|2025-10-24|1408
187|2025-10-27|1708
187|2025-10-28|1610
187|2025-10-29|1589
187|2025-10-30|1356
187|2025-11-03|1661
187|2025-11-04|1746
187|2025-11-05|1345
187|2025-11-06|1592
187|2025-11-07|1433
187|2025-11-10|1810
187|2025-11-11|1656
187|2025-11-12|1596
187|2025-11-13|1498
187|2025-11-14|1279
187|2025-11-17|1600
187|2025-11-18|1559
187|2025-11-19|1608
187|2025-11-20|1500
187|2025-11-21|1339
187|2025-11-24|1490
187|2025-11-25|1551
187|2025-11-26|1910
187|2025-11-27|1699
187|2025-11-28|1591
187|2025-12-01|1661
187|2025-12-02|1603
187|2025-12-03|1543
187|2025-12-04|1525
187|2025-12-05|1324
187|2025-12-09|1741
187|2025-12-10|1795
187|2025-12-11|1659
187|2025-12-12|1658
187|2025-12-15|1891
187|2025-12-16|1784
187|2025-12-17|1662
187|2025-12-18|1583
187|2025-12-19|1614
187|2025-12-22|1742
187|2025-12-23|1575
187|2025-12-24|962
187|2025-12-26|1407
187|2025-12-29|1829
187|2025-12-30|1694
187|2026-01-02|1444
187|2026-01-05|1736
187|2026-01-06|1784
187|2026-01-07|1808
187|2026-01-08|1816
187|2026-01-09|1525
187|2026-01-12|1814
187|2026-01-13|2316
187|2026-01-14|2078
187|2026-01-15|1986
187|2026-01-16|1653
187|2026-01-19|1862
187|2026-01-20|1970
187|2026-01-21|2023
187|2026-01-22|1722
187|2026-01-23|1658
187|2026-01-26|1891
187|2026-01-27|1807
187|2026-01-28|2068
187|2026-01-29|1933
187|2026-01-30|1703
187|2026-02-02|1773
187|2026-02-03|1764
187|2026-02-04|1746
187|2026-02-05|1759
187|2026-02-06|1652
187|2026-02-09|1501
187|2026-02-10|1486
187|2026-02-11|1831
187|2026-02-12|1754
187|2026-02-13|1413
187|2026-02-16|1548
187|2026-02-17|1525
187|2026-02-18|1730
187|2026-02-19|1605
187|2026-02-20|1312
187|2026-02-23|1797
187|2026-02-24|1578
187|2026-02-25|1858
187|2026-02-26|1913
187|2026-02-27|1823
187|2026-03-02|1765
187|2026-03-03|2854
187|2026-03-04|2607
187|2026-03-05|2171
187|2026-03-06|1739
187|2026-03-09|1667
187|2026-03-10|2215
187|2026-03-11|2163
187|2026-03-12|1843
187|2026-03-13|1512
187|2026-03-16|1706
187|2026-03-17|1805
187|2026-03-18|1869
187|2026-03-19|1922
187|2026-03-20|1414
187|2026-03-23|1659
187|2026-03-24|1990
187|2026-03-25|1870
187|2026-03-26|1995
187|2026-03-27|1351
187|2026-03-30|1769
187|2026-03-31|1734
187|2026-04-01|1540
187|2026-04-02|1656
187|2026-04-06|1634
187|2026-04-07|1967
187|2026-04-08|1780
187|2026-04-09|1638
187|2026-04-10|1414
187|2026-04-13|1600
187|2026-04-14|1467
187|2026-04-15|1442
187|2026-04-16|1569
187|2026-04-17|1372
187|2026-04-20|1513
187|2026-04-21|1762
187|2026-04-22|1696
187|2026-04-23|1564
187|2026-04-24|1289
187|2026-04-27|1558
187|2026-04-28|1794
188|2023-09-28|6226
188|2023-09-29|208
188|2023-10-02|222
188|2023-10-03|241
188|2023-10-04|3673
188|2023-10-05|10855
188|2023-10-06|198
188|2023-10-10|42672
188|2023-10-11|387
188|2023-10-12|263
188|2023-10-13|222
188|2023-10-16|30150
188|2023-10-17|282
188|2023-10-18|253
188|2023-10-19|291
188|2023-10-20|3010
188|2023-10-23|260
188|2023-10-24|293
188|2023-10-25|333
188|2023-10-26|268
188|2023-10-30|356
188|2023-10-31|6604
188|2023-11-03|207
188|2023-11-04|195
188|2023-11-06|5751
188|2023-11-08|268
188|2023-11-09|10680
188|2023-11-10|40634
188|2023-11-11|34097
188|2023-11-13|266
188|2023-11-14|289
188|2023-11-15|1936
188|2023-11-16|304
188|2023-11-17|2222
188|2023-11-20|287
188|2023-11-21|315
188|2023-11-22|264
188|2023-11-23|162
188|2023-11-24|144
188|2023-11-27|237
188|2023-11-28|416
188|2023-11-29|248
188|2023-11-30|5640
188|2023-12-01|178
188|2023-12-04|233
188|2023-12-05|314
188|2023-12-06|288
188|2023-12-07|20528
188|2023-12-11|264
188|2023-12-12|69540
188|2023-12-13|316
188|2023-12-14|22168
188|2023-12-15|1661
188|2023-12-18|7678
188|2023-12-19|333
188|2023-12-20|1346
188|2023-12-21|331
188|2023-12-22|435
188|2023-12-26|285
188|2023-12-27|10476
188|2024-12-28|326
188|2024-12-29|480
188|2024-01-02|232
188|2024-01-03|409
188|2024-01-04|4722
188|2024-01-05|11646
188|2024-01-08|308
188|2024-01-09|342
188|2024-01-10|341
188|2024-01-11|1823
188|2024-01-12|42050
188|2024-01-15|318
188|2024-01-16|4378
188|2024-01-17|34972
188|2024-01-18|417
188|2024-01-19|264
188|2024-01-22|4342
188|2024-01-23|3022
188|2024-01-24|347
188|2024-01-25|267
188|2024-01-26|604
188|2024-01-29|269
188|2024-01-30|387
188|2024-01-31|24075
188|2024-02-01|286
188|2024-02-02|533
188|2024-02-05|5365
188|2024-02-06|217
188|2024-02-07|41340
188|2024-02-08|31808
188|2024-02-09|26354
188|2024-02-12|239
188|2024-02-13|735
188|2024-02-14|261
188|2024-02-15|261
188|2024-02-16|1569
188|2024-02-19|1068
188|2024-02-20|409
188|2024-02-21|273
188|2024-02-22|205
188|2024-02-23|210
188|2024-02-26|205
188|2024-02-27|5427
188|2024-02-28|272
188|2024-02-29|3220
188|2024-03-01|202
188|2024-03-04|3710
188|2024-03-05|260
188|2024-03-06|38942
188|2024-03-07|16051
188|2024-03-08|35460
188|2024-03-11|651
188|2024-03-12|11697
188|2024-03-13|317
188|2024-03-14|7885
188|2024-03-15|305
188|2024-03-18|1435
188|2024-03-19|249
188|2024-03-20|357
188|2024-03-21|349
188|2024-03-22|30974
188|2024-03-25|31712
188|2024-03-26|30447
188|2024-03-27|30302
188|2024-03-28|58597
188|2024-04-01|20670
188|2024-04-02|2819
188|2024-04-03|4148
188|2024-04-04|41104
188|2024-04-05|14702
188|2024-04-08|34726
188|2024-04-09|6765
188|2024-04-10|7547
188|2024-04-11|288
188|2024-04-12|214
188|2024-04-15|239
188|2024-04-16|7930
188|2024-04-17|268
188|2024-04-18|287
188|2024-04-19|347
188|2024-04-22|419
188|2024-04-23|1038
188|2024-04-24|279
188|2024-04-25|229
188|2024-04-26|300
188|2024-04-29|201
188|2024-04-30|253
188|2024-05-02|178
188|2024-05-03|9547
188|2024-05-06|412
188|2024-05-07|245
188|2024-05-08|46498
188|2024-05-09|382
188|2024-05-10|31303
188|2024-05-13|15708
188|2024-05-14|324
188|2024-05-15|266
188|2024-05-16|310
188|2024-05-17|18725
188|2024-05-20|262
188|2024-05-22|281
188|2024-05-23|283
188|2024-05-24|229
188|2024-05-27|893
188|2024-05-28|970
188|2024-05-29|500
188|2024-05-30|320
188|2024-05-31|231
188|2024-06-03|173
188|2024-06-04|9985
188|2024-06-05|10339
188|2024-06-06|39214
188|2024-06-07|13314
188|2024-06-10|257
188|2024-06-11|292
188|2024-06-12|266
188|2024-06-13|573
188|2024-06-14|10152
188|2024-06-17|3101
188|2024-06-18|239
188|2024-06-19|30180
188|2024-06-21|213
188|2024-06-24|1299
188|2024-06-25|1398
188|2024-06-26|265
188|2024-06-27|9401
188|2024-06-28|301
188|2024-07-01|167
188|2024-07-02|15948
188|2024-07-03|280
188|2024-07-04|290
188|2024-07-05|39113
188|2024-07-08|20423
188|2024-07-09|326
188|2024-07-10|9467
188|2024-07-11|23619
188|2024-07-12|298
188|2024-07-15|227
188|2024-07-17|352
188|2024-07-18|394
188|2024-07-19|284
188|2024-07-22|253
188|2024-07-23|377
188|2024-07-24|284
188|2024-07-25|378
188|2024-07-26|229
188|2024-07-29|2637
188|2024-07-30|15703
188|2024-07-31|236
188|2024-08-01|323
188|2024-08-02|906
188|2024-08-05|5609
188|2024-08-06|50095
188|2024-08-07|14148
188|2024-08-08|444
188|2024-08-09|11294
188|2024-08-12|3688
188|2024-08-13|29588
188|2024-08-14|417
188|2024-08-16|204
188|2024-08-19|240
188|2024-08-20|302
188|2024-08-21|365
188|2024-08-22|1946
188|2024-08-23|210
188|2024-08-26|2087
188|2024-08-27|501
188|2024-08-28|2417
188|2024-08-29|13012
188|2024-08-30|283
188|2024-09-02|1644
188|2024-09-03|348
188|2024-09-04|7871
188|2024-09-05|50749
188|2024-09-06|491
188|2024-09-09|20190
188|2024-09-10|4543
188|2024-09-11|344
188|2024-09-12|22000
188|2024-09-13|20251
188|2024-09-16|199
188|2024-09-17|223
188|2024-09-23|195
188|2024-09-24|228
188|2024-09-25|399
188|2024-09-26|295
188|2024-09-27|194
188|2024-09-30|2402
188|2024-10-01|411
188|2024-10-02|4653
188|2024-10-03|7374
188|2024-10-04|49633
188|2024-10-07|17403
188|2024-10-08|30069
188|2024-10-09|2882
188|2024-10-10|1930
188|2024-10-11|7225
188|2024-10-14|532
188|2024-10-15|425
188|2024-10-16|398
188|2024-10-17|472
188|2024-10-18|252
188|2024-10-21|329
188|2024-10-22|901
188|2024-10-23|213
188|2024-10-24|401
188|2024-10-25|24098
188|2024-10-28|194
188|2024-10-29|607
188|2024-10-30|376
188|2024-11-04|298
188|2024-11-05|11576
188|2024-11-06|276
188|2024-11-07|54429
188|2024-11-08|340
188|2024-11-11|21408
188|2024-11-12|376
188|2024-11-13|27615
188|2024-11-14|310
188|2024-11-15|264
188|2024-11-18|361
188|2024-11-19|375
188|2024-11-20|241
188|2024-11-21|247
188|2024-11-22|144
188|2024-11-25|265
188|2024-11-26|419
188|2024-11-27|200
188|2024-11-28|17631
188|2024-11-29|147
188|2024-12-02|204
188|2024-12-03|245
188|2024-12-04|9525
188|2024-12-05|258
188|2024-12-06|48437
188|2024-12-09|11183
188|2024-12-10|836
188|2024-12-11|218
188|2024-12-12|24617
188|2024-12-13|11538
188|2024-12-16|191
188|2024-12-17|182
188|2024-12-18|212
188|2024-12-19|242
188|2024-12-20|168
188|2024-12-23|163
188|2024-12-24|119
188|2024-12-26|25334
188|2024-12-27|154
188|2024-12-30|178
188|2025-01-02|8556
188|2025-01-03|199
188|2025-01-06|6376
188|2025-01-07|51272
188|2025-01-08|11052
188|2025-01-09|7024
188|2025-01-10|7569
188|2025-01-13|148
188|2025-01-14|192
188|2025-01-15|163
188|2025-01-16|157
188|2025-01-17|157
188|2025-01-20|228
188|2025-01-21|157
188|2025-01-22|166
188|2025-01-23|189
188|2025-01-24|116
188|2025-01-27|195
188|2025-01-28|129
188|2025-01-29|552
188|2025-01-30|405
188|2025-01-31|332
188|2025-02-03|187
188|2025-02-04|5866
188|2025-02-05|1598
188|2025-02-06|19975
188|2025-02-07|18390
188|2025-02-10|226
188|2025-02-11|1345
188|2025-02-12|522
188|2025-02-13|60323
188|2025-02-14|30165
188|2025-02-17|30119
188|2025-02-18|16904
188|2025-02-19|245
188|2025-02-20|177
188|2025-02-21|209
188|2025-02-24|186
188|2025-02-25|235
188|2025-02-26|7947
188|2025-02-27|545
188|2025-02-28|174
188|2025-03-03|122
188|2025-03-04|2221
188|2025-03-05|483
188|2025-03-07|26417
188|2025-03-10|13424
188|2025-03-11|22824
188|2025-03-12|10752
188|2025-03-13|221
188|2025-03-14|11243
188|2025-03-17|179
188|2025-03-18|304
188|2025-03-19|257
188|2025-03-20|248
188|2025-03-21|253
188|2025-03-24|157
188|2025-03-25|260
188|2025-03-26|222
188|2025-03-27|16246
188|2025-03-28|211
188|2025-03-31|225
188|2025-04-01|220
188|2025-04-02|18363
188|2025-04-03|276
188|2025-04-04|209
188|2025-04-07|29588
188|2025-04-08|15290
188|2025-04-09|325
188|2025-04-10|9986
188|2025-04-11|39165
188|2025-04-14|12993
188|2025-04-15|829
188|2025-04-16|322
188|2025-04-17|338
188|2025-04-21|219
188|2025-04-22|351
188|2025-04-23|336
188|2025-04-24|308
188|2025-04-25|178
188|2025-04-28|201
188|2025-04-29|307
188|2025-04-30|221
188|2025-05-02|136
188|2025-05-05|8584
188|2025-05-06|304
188|2025-05-07|17488
188|2025-05-08|270
188|2025-05-09|749
188|2025-05-12|203
188|2025-05-13|202
188|2025-05-14|30377
188|2025-05-15|450
188|2025-05-16|8720
188|2025-05-19|4810
188|2025-05-20|28447
188|2025-05-22|169
188|2025-05-23|275
188|2025-05-26|266
188|2025-05-27|267
188|2025-05-28|332
188|2025-05-29|317
188|2025-05-30|324
188|2025-06-02|214
188|2025-06-03|7336
188|2025-06-04|15838
188|2025-06-05|231
188|2025-06-06|7843
188|2025-06-09|57312
188|2025-06-10|29555
188|2025-06-11|7659
188|2025-06-12|43580
188|2025-06-13|296
188|2025-06-16|259
188|2025-06-17|377
188|2025-06-18|258
188|2025-06-19|304
188|2025-06-23|350
188|2025-06-24|297
188|2025-06-25|359
188|2025-06-26|217
188|2025-06-27|331
188|2025-06-30|230
188|2025-07-01|8816
188|2025-07-02|10803
188|2025-07-03|287
188|2025-07-04|126
188|2025-07-07|2924
188|2025-07-08|16824
188|2025-07-09|1951
188|2025-07-10|238
188|2025-07-11|32604
188|2025-07-14|1916
188|2025-07-15|771
188|2025-07-17|38841
188|2025-07-18|250
188|2025-07-21|260
188|2025-07-22|208
188|2025-07-23|278
188|2025-07-24|211
188|2025-07-25|375
188|2025-07-28|222
188|2025-07-29|452
188|2025-07-30|253
188|2025-07-31|346
188|2025-08-01|118
188|2025-08-04|13501
188|2025-08-05|266
188|2025-08-06|28011
188|2025-08-07|7101
188|2025-08-08|478
188|2025-08-11|245
188|2025-08-12|402
188|2025-08-13|21346
188|2025-08-14|1218
188|2025-08-18|211
188|2025-08-19|15190
188|2025-08-20|13805
188|2025-08-21|331
188|2025-08-22|28795
188|2025-08-25|11722
188|2025-08-26|1267
188|2025-08-27|1243
188|2025-08-28|1598
188|2025-08-29|168
188|2025-09-01|215
188|2025-09-02|8645
188|2025-09-03|12223
188|2025-09-04|35966
188|2025-09-05|1264
188|2025-09-08|1172
188|2025-09-09|1159
188|2025-09-10|31274
188|2025-09-11|32226
188|2025-09-12|27823
188|2025-09-15|6181
188|2025-09-16|487
188|2025-09-17|237
188|2025-09-22|171
188|2025-09-23|188
188|2025-09-24|267
188|2025-09-25|6670
188|2025-09-26|5713
188|2025-09-29|329
188|2025-09-30|8225
188|2025-10-01|348
188|2025-10-02|6545
188|2025-10-03|128
188|2025-10-06|344
188|2025-10-07|10498
188|2025-10-08|221
188|2025-10-09|318
188|2025-10-10|18555
188|2025-10-13|27393
188|2025-10-14|1326
188|2025-10-15|11438
188|2025-10-16|42134
188|2025-10-17|14096
188|2025-10-20|256
188|2025-10-21|360
188|2025-10-22|343
188|2025-10-23|415
188|2025-10-24|192
188|2025-10-27|3176
188|2025-10-28|375
188|2025-10-29|163
188|2025-10-30|12641
188|2025-11-03|137
188|2025-11-04|468
188|2025-11-05|7547
188|2025-11-06|177
188|2025-11-07|10208
188|2025-11-10|944
188|2025-11-11|28844
188|2025-11-12|2390
188|2025-11-13|36071
188|2025-11-14|24843
188|2025-11-17|230
188|2025-11-18|326
188|2025-11-19|263
188|2025-11-20|318
188|2025-11-21|113
188|2025-11-24|157
188|2025-11-25|168
188|2025-11-26|546
188|2025-11-27|400
188|2025-11-28|359
188|2025-12-01|10123
188|2025-12-02|187
188|2025-12-03|187
188|2025-12-04|30612
188|2025-12-05|19341
188|2025-12-09|15910
188|2025-12-10|451
188|2025-12-11|1744
188|2025-12-12|8126
188|2025-12-15|13735
188|2025-12-16|165
188|2025-12-17|325
188|2025-12-18|26747
188|2025-12-19|16267
188|2025-12-22|264
188|2025-12-23|521
188|2025-12-24|8748
188|2025-12-26|110
188|2025-12-29|197
188|2025-12-30|385
188|2026-01-02|59
188|2026-01-05|7699
188|2026-01-06|310
188|2026-01-07|180
188|2026-01-08|37100
188|2026-01-09|6001
188|2026-01-12|102
188|2026-01-13|420
188|2026-01-14|8674
188|2026-01-15|47649
188|2026-01-16|326
188|2026-01-19|193
188|2026-01-20|349
188|2026-01-21|208
188|2026-01-22|207
188|2026-01-23|1026
188|2026-01-26|272
188|2026-01-27|260
188|2026-01-28|224
188|2026-01-29|9617
188|2026-01-30|168
188|2026-02-02|163
188|2026-02-03|6100
188|2026-02-04|237
188|2026-02-05|125
188|2026-02-06|299
188|2026-02-09|9163
188|2026-02-10|1120
188|2026-02-11|138
188|2026-02-12|136
188|2026-02-13|84413
188|2026-02-16|179
188|2026-02-17|155
188|2026-02-18|237
188|2026-02-19|354
188|2026-02-20|228
188|2026-02-23|186
188|2026-02-24|234
188|2026-02-25|561
188|2026-02-26|291
188|2026-02-27|526
188|2026-03-02|150
188|2026-03-03|657
188|2026-03-04|4889
188|2026-03-05|12769
188|2026-03-06|123
188|2026-03-09|198
188|2026-03-10|39543
188|2026-03-11|18178
188|2026-03-12|347
188|2026-03-13|36928
188|2026-03-16|136
188|2026-03-17|328
188|2026-03-18|4910
188|2026-03-19|373
188|2026-03-20|206
188|2026-03-23|188
188|2026-03-24|374
188|2026-03-25|257
188|2026-03-26|256
188|2026-03-27|191
188|2026-03-30|10990
188|2026-03-31|250
188|2026-04-01|281
188|2026-04-02|189
188|2026-04-06|5315
188|2026-04-07|103445
188|2026-04-08|40671
188|2026-04-09|258
188|2026-04-10|8243
188|2026-04-13|11
188|2026-04-14|620
188|2026-04-15|16597
188|2026-04-16|385
188|2026-04-17|48319
188|2026-04-20|339
188|2026-04-21|403
188|2026-04-22|291
188|2026-04-23|267
188|2026-04-24|214
188|2026-04-27|147
188|2026-04-28|16500
189|2023-09-28|2
189|2023-09-29|1
189|2023-10-02|4
189|2023-10-03|4
189|2023-10-04|5
189|2023-10-05|5
189|2023-10-06|1
189|2023-10-10|5
189|2023-10-11|7
189|2023-10-12|1
189|2023-10-13|3
189|2023-10-16|2
189|2023-10-17|2
189|2023-10-18|3
189|2023-10-19|2
189|2023-10-20|3
189|2023-10-23|1
189|2023-10-24|5
189|2023-10-26|3
189|2023-10-30|3
189|2023-10-31|2
189|2023-11-03|4
189|2023-11-04|2
189|2023-11-06|9
189|2023-11-08|1
189|2023-11-10|3
189|2023-11-11|2
189|2023-11-13|1
189|2023-11-14|2
189|2023-11-15|1
189|2023-11-16|5
189|2023-11-17|1
189|2023-11-20|5
189|2023-11-21|4
189|2023-11-22|2
189|2023-11-23|6
189|2023-11-24|5
189|2023-11-28|2
189|2023-11-29|2
189|2023-11-30|2
189|2023-12-04|5
189|2023-12-05|2
189|2023-12-06|2
189|2023-12-07|4
189|2023-12-11|1
189|2023-12-13|2
189|2023-12-15|3
189|2023-12-19|2
189|2023-12-20|2
189|2023-12-21|2
189|2023-12-22|1
189|2023-12-26|1
189|2023-12-27|2
189|2024-12-28|4
189|2024-01-02|2
189|2024-01-03|3
189|2024-01-04|2
189|2024-01-05|2
189|2024-01-08|4
189|2024-01-09|1
189|2024-01-10|2
189|2024-01-11|2
189|2024-01-12|2
189|2024-01-16|1
189|2024-01-18|1
189|2024-01-19|2
189|2024-01-22|3
189|2024-01-23|1
189|2024-01-24|3
189|2024-01-25|3
189|2024-01-26|2
189|2024-01-29|1
189|2024-01-30|3
189|2024-01-31|1
189|2024-02-02|1
189|2024-02-05|4
189|2024-02-09|4
189|2024-02-12|1
189|2024-02-14|2
189|2024-02-15|1
189|2024-02-16|2
189|2024-02-19|1
189|2024-02-21|2
189|2024-02-22|6
189|2024-02-23|4
189|2024-02-26|3
189|2024-02-28|1
189|2024-02-29|3
189|2024-03-01|1
189|2024-03-04|1
189|2024-03-05|1
189|2024-03-07|2
189|2024-03-08|2
189|2024-03-11|3
189|2024-03-12|2
189|2024-03-13|5
189|2024-03-14|6
189|2024-03-15|1
189|2024-03-18|1
189|2024-03-19|4
189|2024-03-20|1
189|2024-03-21|3
189|2024-03-22|2
189|2024-03-25|1
189|2024-03-26|1
189|2024-03-27|4
189|2024-04-02|3
189|2024-04-03|2
189|2024-04-04|2
189|2024-04-05|3
189|2024-04-08|5
189|2024-04-09|5
189|2024-04-10|1
189|2024-04-11|3
189|2024-04-12|3
189|2024-04-15|2
189|2024-04-16|3
189|2024-04-17|1
189|2024-04-18|2
189|2024-04-19|4
189|2024-04-23|1
189|2024-04-24|4
189|2024-04-25|7
189|2024-04-26|4
189|2024-04-29|4
189|2024-04-30|3
189|2024-05-02|4
189|2024-05-06|1
189|2024-05-07|2
189|2024-05-08|5
189|2024-05-09|1
189|2024-05-10|1
189|2024-05-13|4
189|2024-05-14|2
189|2024-05-16|3
189|2024-05-17|3
189|2024-05-20|1
189|2024-05-22|5
189|2024-05-23|3
189|2024-05-24|1
189|2024-05-27|3
189|2024-05-31|2
189|2024-06-03|22
189|2024-06-04|1
189|2024-06-06|2
189|2024-06-07|2
189|2024-06-10|1
189|2024-06-11|2
189|2024-06-12|6
189|2024-06-13|6
189|2024-06-17|1
189|2024-06-18|2
189|2024-06-19|2
189|2024-06-21|2
189|2024-06-25|2
189|2024-06-26|3
189|2024-06-27|2
189|2024-06-28|2
189|2024-07-01|2
189|2024-07-02|1
189|2024-07-03|2
189|2024-07-04|2
189|2024-07-08|9
189|2024-07-09|2
189|2024-07-10|2
189|2024-07-11|1
189|2024-07-12|2
189|2024-07-15|2
189|2024-07-17|3
189|2024-07-18|4
189|2024-07-19|1
189|2024-07-23|2
189|2024-07-24|4
189|2024-07-26|3
189|2024-07-29|2
189|2024-07-31|1
189|2024-08-02|2
189|2024-08-05|1
189|2024-08-06|1
189|2024-08-08|1
189|2024-08-09|1
189|2024-08-12|1
189|2024-08-13|2
189|2024-08-14|1
189|2024-08-19|2
189|2024-08-21|2
189|2024-08-22|3
189|2024-08-23|2
189|2024-08-26|2
189|2024-08-28|5
189|2024-08-29|3
189|2024-08-30|1
189|2024-09-02|3
189|2024-09-04|2
189|2024-09-09|1
189|2024-09-10|6
189|2024-09-11|1
189|2024-09-12|1
189|2024-09-13|2
189|2024-09-23|2
189|2024-09-24|3
189|2024-09-25|6
189|2024-09-26|6
189|2024-09-27|4
189|2024-09-30|1
189|2024-10-01|1
189|2024-10-02|1
189|2024-10-03|1
189|2024-10-04|2
189|2024-10-07|1
189|2024-10-08|2
189|2024-10-09|3
189|2024-10-10|5
189|2024-10-11|1
189|2024-10-14|1
189|2024-10-15|1
189|2024-10-16|2
189|2024-10-17|5
189|2024-10-21|1
189|2024-10-22|1
189|2024-10-23|0
189|2024-10-24|1
189|2024-10-25|0
189|2024-10-28|0
189|2024-10-29|3
189|2024-10-30|4
189|2024-11-04|3
189|2024-11-05|2
189|2024-11-06|1
189|2024-11-08|2
189|2024-11-11|2
189|2024-11-13|1
189|2024-11-22|1
189|2024-11-25|4
189|2024-11-26|1
189|2024-11-27|6
189|2024-11-28|1
189|2024-12-02|1
189|2024-12-03|1
189|2024-12-05|2
189|2024-12-06|2
189|2024-12-09|2
189|2024-12-10|2
189|2024-12-11|3
189|2024-12-16|3
189|2024-12-17|2
189|2024-12-19|8
189|2024-12-20|2
189|2024-12-23|2
189|2024-12-24|3
189|2024-12-26|1
189|2024-12-27|1
189|2024-12-30|1
189|2025-01-02|1
189|2025-01-03|1
189|2025-01-07|1
189|2025-01-08|3
189|2025-01-09|1
189|2025-01-10|1
189|2025-01-14|1
189|2025-01-15|1
189|2025-01-16|4
189|2025-01-17|3
189|2025-01-23|1
189|2025-01-27|1
189|2025-01-28|2
189|2025-01-30|1
189|2025-01-31|2
189|2025-02-04|2
189|2025-02-10|2
189|2025-02-13|2
189|2025-02-19|1
189|2025-02-20|1
189|2025-02-24|2
189|2025-02-25|1
189|2025-02-26|1
189|2025-02-27|2
189|2025-02-28|1
189|2025-03-03|1
189|2025-03-04|1
189|2025-03-05|1
189|2025-03-06|1
189|2025-03-07|2
189|2025-03-11|4
189|2025-03-12|2
189|2025-03-13|1
189|2025-03-17|2
189|2025-03-18|2
189|2025-03-19|3
189|2025-03-20|2
189|2025-03-21|2
189|2025-03-25|1
189|2025-03-26|1
189|2025-03-27|3
189|2025-03-28|1
189|2025-03-31|1
189|2025-04-01|3
189|2025-04-02|2
189|2025-04-07|6
189|2025-04-10|2
189|2025-04-11|1
189|2025-04-14|1
189|2025-04-15|2
189|2025-04-16|4
189|2025-04-17|3
189|2025-04-22|1
189|2025-04-23|1
189|2025-04-24|1
189|2025-04-25|2
189|2025-04-28|2
189|2025-04-29|4
189|2025-04-30|2
189|2025-05-02|1
189|2025-05-06|3
189|2025-05-07|3
189|2025-05-09|2
189|2025-05-12|3
189|2025-05-14|2
189|2025-05-15|2
189|2025-05-16|3
189|2025-05-19|1
189|2025-05-20|1
189|2025-05-23|1
189|2025-05-26|4
189|2025-05-27|1
189|2025-05-28|1
189|2025-05-29|1
189|2025-05-30|1
189|2025-06-02|1
189|2025-06-03|1
189|2025-06-04|1
189|2025-06-05|1
189|2025-06-06|1
189|2025-06-10|1
189|2025-06-12|2
189|2025-06-13|2
189|2025-06-16|3
189|2025-06-17|1
189|2025-06-18|1
189|2025-06-24|2
189|2025-06-26|3
189|2025-06-27|1
189|2025-07-01|2
189|2025-07-02|1
189|2025-07-04|1
189|2025-07-07|3
189|2025-07-09|3
189|2025-07-10|2
189|2025-07-11|3
189|2025-07-14|1
189|2025-07-15|3
189|2025-07-17|2
189|2025-07-21|2
189|2025-07-22|2
189|2025-07-25|1
189|2025-07-30|1
189|2025-07-31|1
189|2025-08-04|1
189|2025-08-05|1
189|2025-08-06|6
189|2025-08-07|1
189|2025-08-11|2
189|2025-08-12|2
189|2025-08-14|1
189|2025-08-18|1
189|2025-08-19|1
189|2025-08-21|1
189|2025-08-25|2
189|2025-08-26|1
189|2025-08-28|2
189|2025-08-29|1
189|2025-09-02|1
189|2025-09-03|5
189|2025-09-04|1
189|2025-09-08|7
189|2025-09-10|4
189|2025-09-12|1
189|2025-09-17|6
189|2025-09-22|4
189|2025-09-23|1
189|2025-09-24|2
189|2025-09-25|3
189|2025-09-26|2
189|2025-09-29|2
189|2025-09-30|3
189|2025-10-01|4
189|2025-10-02|1
189|2025-10-03|1
189|2025-10-06|21
189|2025-10-08|1
189|2025-10-09|1
189|2025-10-13|1
189|2025-10-15|2
189|2025-10-16|1
189|2025-10-23|1
189|2025-10-28|3
189|2025-10-29|1
189|2025-10-30|1
189|2025-11-03|2
189|2025-11-04|1
189|2025-11-06|1
189|2025-11-07|2
189|2025-11-10|2
189|2025-11-12|2
189|2025-11-13|1
189|2025-11-14|1
189|2025-11-18|2
189|2025-11-19|2
189|2025-11-20|1
189|2025-11-25|2
189|2025-11-26|6
189|2025-11-27|5
189|2025-11-28|5
189|2025-12-01|4
189|2025-12-02|3
189|2025-12-03|1
189|2025-12-04|5
189|2025-12-05|4
189|2025-12-09|10
189|2025-12-10|7
189|2025-12-11|7
189|2025-12-12|4
189|2025-12-15|3
189|2025-12-16|313
189|2025-12-17|5
189|2025-12-18|103
189|2025-12-19|2
189|2025-12-22|5
189|2025-12-23|1
189|2025-12-24|2
189|2025-12-26|6
189|2025-12-29|2
189|2025-12-30|5
189|2026-01-02|1
189|2026-01-05|3
189|2026-01-06|1
189|2026-01-07|2
189|2026-01-08|4
189|2026-01-09|1
189|2026-01-12|2
189|2026-01-13|2
189|2026-01-14|1601
189|2026-01-15|2
189|2026-01-16|1
189|2026-01-20|1
189|2026-01-21|2
189|2026-01-23|1
189|2026-01-26|2
189|2026-01-28|2
189|2026-01-29|3
189|2026-01-30|2
189|2026-02-02|1
189|2026-02-03|1
189|2026-02-04|1
189|2026-02-05|3
189|2026-02-06|1
189|2026-02-09|1
189|2026-02-10|3
189|2026-02-11|3
189|2026-02-12|1
189|2026-02-17|1
189|2026-02-18|3
189|2026-02-19|1
189|2026-02-20|1
189|2026-02-23|1
189|2026-02-24|2
189|2026-02-25|2
189|2026-02-26|1
189|2026-03-02|3
189|2026-03-03|3
189|2026-03-05|4
189|2026-03-06|4
189|2026-03-09|2
189|2026-03-10|3
189|2026-03-11|2
189|2026-03-16|1
189|2026-03-18|4
189|2026-03-20|3
189|2026-03-23|2
189|2026-03-26|1
189|2026-03-27|1
189|2026-03-30|1
189|2026-04-01|1
189|2026-04-06|20
189|2026-04-07|2
189|2026-04-10|1
189|2026-04-13|3
189|2026-04-14|2
189|2026-04-15|2
189|2026-04-16|1
189|2026-04-17|1
189|2026-04-20|3
189|2026-04-21|1
189|2026-04-22|1
189|2026-04-24|2
189|2026-04-27|1
189|2026-04-28|4
190|2023-09-28|13281
190|2023-09-29|6782
190|2023-10-02|8292
190|2023-10-03|9035
190|2023-10-04|15496
190|2023-10-05|48669
190|2023-10-06|7670
190|2023-10-10|80811
190|2023-10-11|8981
190|2023-10-12|8757
190|2023-10-13|7005
190|2023-10-16|30397
190|2023-10-17|10866
190|2023-10-18|9091
190|2023-10-19|61126
190|2023-10-20|14986
190|2023-10-23|10593
190|2023-10-24|8949
190|2023-10-25|68769
190|2023-10-26|8963
190|2023-10-30|9375
190|2023-10-31|13366
190|2023-11-03|7701
190|2023-11-04|12619
190|2023-11-06|19636
190|2023-11-09|143157
190|2023-11-10|156349
190|2023-11-11|47002
190|2023-11-13|17829
190|2023-11-14|15912
190|2023-11-15|30954
190|2023-11-16|27144
190|2023-11-17|8095
190|2023-11-20|16249
190|2023-11-21|24110
190|2023-11-22|23015
190|2023-11-23|15063
190|2023-11-24|7909
190|2023-11-27|11224
190|2023-11-28|9826
190|2023-11-29|9137
190|2023-11-30|16506
190|2023-12-01|12537
190|2023-12-04|9509
190|2023-12-05|9934
190|2023-12-06|11913
190|2023-12-07|46132
190|2023-12-11|11032
190|2023-12-12|131180
190|2023-12-13|8457
190|2023-12-14|32335
190|2023-12-15|1671
190|2023-12-18|14334
190|2023-12-19|18276
190|2023-12-20|8751
190|2023-12-21|13190
190|2023-12-22|5657
190|2023-12-26|11281
190|2023-12-27|14578
190|2024-12-28|6892
190|2024-12-29|5853
190|2024-01-02|7361
190|2024-01-03|14767
190|2024-01-04|44163
190|2024-01-05|87242
190|2024-01-08|9888
190|2024-01-09|11571
190|2024-01-10|13394
190|2024-01-11|19057
190|2024-01-12|56379
190|2024-01-15|14581
190|2024-01-16|53830
190|2024-01-17|142727
190|2024-01-18|165471
190|2024-01-19|114500
190|2024-01-22|118778
190|2024-01-23|117476
190|2024-01-24|22388
190|2024-01-25|214915
190|2024-01-26|7615
190|2024-01-29|26564
190|2024-01-30|8032
190|2024-01-31|28665
190|2024-02-01|56186
190|2024-02-02|6771
190|2024-02-05|64344
190|2024-02-06|8404
190|2024-02-07|99159
190|2024-02-08|74546
190|2024-02-09|23942
190|2024-02-12|29264
190|2024-02-13|8427
190|2024-02-14|39137
190|2024-02-15|6355
190|2024-02-16|32617
190|2024-02-19|37913
190|2024-02-20|8465
190|2024-02-21|53200
190|2024-02-22|15167
190|2024-02-23|45440
190|2024-02-26|39174
190|2024-02-27|16591
190|2024-02-28|7497
190|2024-02-29|9882
190|2024-03-01|6094
190|2024-03-04|13095
190|2024-03-05|9786
190|2024-03-06|76273
190|2024-03-07|24165
190|2024-03-08|35977
190|2024-03-11|8559
190|2024-03-12|21747
190|2024-03-13|9646
190|2024-03-14|15216
190|2024-03-15|6743
190|2024-03-18|9220
190|2024-03-19|8572
190|2024-03-20|9159
190|2024-03-21|12235
190|2024-03-22|39706
190|2024-03-25|29178
190|2024-03-26|31148
190|2024-03-27|30762
190|2024-03-28|50914
190|2024-04-01|26757
190|2024-04-02|29348
190|2024-04-03|34133
190|2024-04-04|84669
190|2024-04-05|33463
190|2024-04-08|36624
190|2024-04-09|44853
190|2024-04-10|38119
190|2024-04-11|49850
190|2024-04-12|24034
190|2024-04-15|7759
190|2024-04-16|17509
190|2024-04-17|8826
190|2024-04-18|7157
190|2024-04-19|7531
190|2024-04-22|8377
190|2024-04-23|8158
190|2024-04-24|7412
190|2024-04-25|14541
190|2024-04-26|5882
190|2024-04-29|7251
190|2024-04-30|6736
190|2024-05-02|7207
190|2024-05-03|18596
190|2024-05-06|46242
190|2024-05-07|8214
190|2024-05-08|94350
190|2024-05-09|11359
190|2024-05-10|28892
190|2024-05-13|32668
190|2024-05-14|7949
190|2024-05-15|7373
190|2024-05-16|10654
190|2024-05-17|29838
190|2024-05-20|7540
190|2024-05-22|7529
190|2024-05-23|13827
190|2024-05-24|5564
190|2024-05-27|12383
190|2024-05-28|8435
190|2024-05-29|11574
190|2024-05-30|7160
190|2024-05-31|5952
190|2024-06-03|15389
190|2024-06-04|27784
190|2024-06-05|38473
190|2024-06-06|80498
190|2024-06-07|18030
190|2024-06-10|10628
190|2024-06-11|8210
190|2024-06-12|10217
190|2024-06-13|9289
190|2024-06-14|34194
190|2024-06-17|14043
190|2024-06-18|7513
190|2024-06-19|27196
190|2024-06-21|17354
190|2024-06-24|10086
190|2024-06-25|8762
190|2024-06-26|8082
190|2024-06-27|15987
190|2024-06-28|11394
190|2024-07-01|8053
190|2024-07-02|29116
190|2024-07-03|17888
190|2024-07-04|11827
190|2024-07-05|74804
190|2024-07-08|42911
190|2024-07-09|8257
190|2024-07-10|17075
190|2024-07-12|7358
190|2024-07-15|7151
190|2024-07-17|8244
190|2024-07-18|7682
190|2024-07-19|6714
190|2024-07-22|8772
190|2024-07-23|7806
190|2024-07-24|9626
190|2024-07-25|12831
190|2024-07-26|19098
190|2024-07-29|11155
190|2024-07-30|25038
190|2024-07-31|8816
190|2024-08-01|8236
190|2024-08-02|5841
190|2024-08-05|25357
190|2024-08-06|96935
190|2024-08-07|22856
190|2024-08-08|8104
190|2024-08-09|33872
190|2024-08-12|15738
190|2024-08-13|31991
190|2024-08-14|13719
190|2024-08-16|15278
190|2024-08-19|8856
190|2024-08-20|8082
190|2024-08-21|7808
190|2024-08-22|8963
190|2024-08-23|7085
190|2024-08-26|10343
190|2024-08-27|8180
190|2024-08-28|9367
190|2024-08-29|20055
190|2024-08-30|6648
190|2024-09-02|9872
190|2024-09-03|9847
190|2024-09-04|24933
190|2024-09-05|97025
190|2024-09-06|24427
190|2024-09-09|52680
190|2024-09-10|25077
190|2024-09-11|34807
190|2024-09-12|48285
190|2024-09-13|63199
190|2024-09-16|7524
190|2024-09-17|10191
190|2024-09-23|8344
190|2024-09-24|7245
190|2024-09-25|7531
190|2024-09-26|7124
190|2024-09-27|6456
190|2024-09-30|9855
190|2024-10-01|8116
190|2024-10-02|13526
190|2024-10-03|13179
190|2024-10-04|85823
190|2024-10-07|50495
190|2024-10-08|115586
190|2024-10-09|28455
190|2024-10-10|16360
190|2024-10-11|20104
190|2024-10-14|11275
190|2024-10-15|16601
190|2024-10-16|11812
190|2024-10-17|8548
190|2024-10-18|6148
190|2024-10-21|9180
190|2024-10-22|7821
190|2024-10-23|8553
190|2024-10-24|0
190|2024-10-25|28296
190|2024-10-28|7656
190|2024-10-29|7692
190|2024-10-30|6655
190|2024-11-04|7862
190|2024-11-05|20047
190|2024-11-06|10333
190|2024-11-07|94319
190|2024-11-08|7023
190|2024-11-11|48920
190|2024-11-12|9652
190|2024-11-13|26610
190|2024-11-14|7769
190|2024-11-15|6553
190|2024-11-18|8814
190|2024-11-19|8269
190|2024-11-20|7545
190|2024-11-21|7408
190|2024-11-22|6149
190|2024-11-25|9003
190|2024-11-26|8642
190|2024-11-27|8209
190|2024-11-28|21448
190|2024-11-29|8161
190|2024-12-02|8261
190|2024-12-03|7993
190|2024-12-04|17760
190|2024-12-05|8680
190|2024-12-06|175452
190|2024-12-09|35256
190|2024-12-10|8562
190|2024-12-11|13057
190|2024-12-12|22893
190|2024-12-13|19662
190|2024-12-16|7559
190|2024-12-17|7253
190|2024-12-18|6716
190|2024-12-19|6926
190|2024-12-20|6048
190|2024-12-23|6869
190|2024-12-24|4114
190|2024-12-26|30316
190|2024-12-27|5505
190|2024-12-30|6396
190|2025-01-02|29026
190|2025-01-03|6295
190|2025-01-06|15277
190|2025-01-07|90349
190|2025-01-08|16063
190|2025-01-09|92363
190|2025-01-10|12883
190|2025-01-13|7263
190|2025-01-14|7149
190|2025-01-15|6540
190|2025-01-16|6858
190|2025-01-17|5495
190|2025-01-20|7348
190|2025-01-21|7060
190|2025-01-22|6723
190|2025-01-23|6528
190|2025-01-24|5514
190|2025-01-27|6669
190|2025-01-28|6189
190|2025-01-29|5746
190|2025-01-30|19263
190|2025-01-31|7474
190|2025-02-03|8942
190|2025-02-04|18087
190|2025-02-05|7694
190|2025-02-06|43607
190|2025-02-07|67888
190|2025-02-10|7883
190|2025-02-11|38369
190|2025-02-12|66627
190|2025-02-13|59036
190|2025-02-14|146696
190|2025-02-17|28809
190|2025-02-18|18726
190|2025-02-19|126408
190|2025-02-20|6488
190|2025-02-21|198541
190|2025-02-24|7635
190|2025-02-25|5305
190|2025-02-26|13990
190|2025-02-27|6807
190|2025-02-28|4598
190|2025-03-03|8467
190|2025-03-04|10020
190|2025-03-05|16197
190|2025-03-06|65017
190|2025-03-07|26990
190|2025-03-10|39036
190|2025-03-11|23954
190|2025-03-12|24758
190|2025-03-13|7830
190|2025-03-14|19043
190|2025-03-17|9110
190|2025-03-18|7937
190|2025-03-19|7907
190|2025-03-20|8381
190|2025-03-21|9414
190|2025-03-24|8090
190|2025-03-25|7639
190|2025-03-26|10781
190|2025-03-27|29800
190|2025-03-28|7027
190|2025-03-31|7518
190|2025-04-01|17063
190|2025-04-02|36327
190|2025-04-03|18283
190|2025-04-04|13832
190|2025-04-07|1030
190|2025-04-08|37206
190|2025-04-09|8203
190|2025-04-10|41223
190|2025-04-11|38469
190|2025-04-14|29170
190|2025-04-15|6792
190|2025-04-16|12663
190|2025-04-17|9178
190|2025-04-21|7472
190|2025-04-22|6365
190|2025-04-23|6593
190|2025-04-24|6335
190|2025-04-25|5442
190|2025-04-28|7494
190|2025-04-29|7376
190|2025-04-30|6568
190|2025-05-02|5767
190|2025-05-05|15498
190|2025-05-06|7728
190|2025-05-07|25028
190|2025-05-08|9363
190|2025-05-09|5457
190|2025-05-12|11786
190|2025-05-13|36998
190|2025-05-14|45745
190|2025-05-15|13372
190|2025-05-16|17218
190|2025-05-19|12711
190|2025-05-20|28031
190|2025-05-22|16484577
190|2025-05-23|100843
190|2025-05-26|371494
190|2025-05-27|7744
190|2025-05-28|7430
190|2025-05-29|254260
190|2025-05-30|99857
190|2025-06-02|19780
190|2025-06-03|30571
190|2025-06-04|35491
190|2025-06-05|18215
190|2025-06-06|36256
190|2025-06-09|79362
190|2025-06-10|40998
190|2025-06-11|38035
190|2025-06-12|42792
190|2025-06-13|15939
190|2025-06-16|144783
190|2025-06-17|34707
190|2025-06-18|24056
190|2025-06-19|6731
190|2025-06-23|105266
190|2025-06-24|6867
190|2025-06-25|6848
190|2025-06-26|109549
190|2025-06-27|124590
190|2025-06-30|8777
190|2025-07-01|23178
190|2025-07-02|22630
190|2025-07-03|10744
190|2025-07-04|11095
190|2025-07-07|60081
190|2025-07-08|37034
190|2025-07-09|11780
190|2025-07-10|16356
190|2025-07-11|46606
190|2025-07-14|60730
190|2025-07-15|20606
190|2025-07-17|52343
190|2025-07-18|17439
190|2025-07-21|42727
190|2025-07-22|8261
190|2025-07-23|100540
190|2025-07-24|37896
190|2025-07-25|7394
190|2025-07-28|8600
190|2025-07-29|6199
190|2025-07-30|6102
190|2025-07-31|6062
190|2025-08-01|40222
190|2025-08-04|30533
190|2025-08-05|197485
190|2025-08-06|50128
190|2025-08-07|45362
190|2025-08-08|172762
190|2025-08-11|14454
190|2025-08-12|13950
190|2025-08-13|15730
190|2025-08-14|7407
190|2025-08-18|18780
190|2025-08-19|20168
190|2025-08-20|33703
190|2025-08-21|12361
190|2025-08-22|30876
190|2025-08-25|41395
190|2025-08-26|7751
190|2025-08-27|97797
190|2025-08-28|1586364
190|2025-08-29|5614
190|2025-09-01|27409
190|2025-09-02|15744
190|2025-09-03|24579
190|2025-09-04|63538
190|2025-09-05|5834
190|2025-09-08|35310
190|2025-09-09|23410
190|2025-09-10|34948
190|2025-09-11|52417
190|2025-09-12|28468
190|2025-09-15|77179
190|2025-09-16|23784
190|2025-09-17|4057
190|2025-09-22|16907
190|2025-09-23|6269
190|2025-09-24|6269
190|2025-09-25|101937
190|2025-09-26|9846
190|2025-09-29|8481
190|2025-09-30|40704
190|2025-10-01|8317
190|2025-10-02|17797
190|2025-10-03|27054
190|2025-10-06|147277
190|2025-10-07|90698
190|2025-10-08|13304
190|2025-10-09|11472
190|2025-10-10|46740
190|2025-10-13|83467
190|2025-10-14|32067
190|2025-10-15|35823
190|2025-10-16|46012
190|2025-10-17|24017
190|2025-10-20|61352
190|2025-10-21|23099
190|2025-10-22|7693
190|2025-10-23|98455
190|2025-10-24|7872
190|2025-10-27|867399
190|2025-10-28|6241
190|2025-10-29|5899
190|2025-10-30|17139
190|2025-11-03|28187
190|2025-11-04|8967
190|2025-11-05|16009
190|2025-11-06|27362
190|2025-11-07|58839
190|2025-11-10|82074
190|2025-11-11|48636
190|2025-11-12|58172
190|2025-11-13|60587
190|2025-11-14|31872
190|2025-11-17|47951
190|2025-11-18|83154
190|2025-11-19|49318
190|2025-11-20|6885
190|2025-11-21|9178
190|2025-11-24|11061
190|2025-11-25|8823
190|2025-11-26|9098
190|2025-11-27|8297
190|2025-11-28|6505
190|2025-12-01|19647
190|2025-12-02|25289
190|2025-12-03|14189
190|2025-12-04|157240
190|2025-12-05|142650
190|2025-12-09|123974
190|2025-12-10|11097
190|2025-12-11|13921
190|2025-12-12|28861
190|2025-12-15|61348
190|2025-12-16|12299
190|2025-12-17|11942
190|2025-12-18|29585
190|2025-12-19|26711
190|2025-12-22|50508
190|2025-12-23|5981
190|2025-12-24|13148
190|2025-12-26|5247
190|2025-12-29|17257
190|2025-12-30|5555
190|2026-01-02|6235
190|2026-01-05|17853
190|2026-01-06|22788
190|2026-01-07|19430
190|2026-01-08|70488
190|2026-01-09|14776
190|2026-01-12|163639
190|2026-01-13|209517
190|2026-01-14|337445
190|2026-01-15|50195
190|2026-01-16|5598
190|2026-01-19|94187
190|2026-01-20|6113
190|2026-01-21|8705
190|2026-01-22|8883
190|2026-01-23|5861
190|2026-01-26|13030
190|2026-01-27|6191
190|2026-01-28|6822
190|2026-01-29|20394
190|2026-01-30|5723
190|2026-02-02|21142
190|2026-02-03|15268
190|2026-02-04|9556
190|2026-02-05|14810
190|2026-02-06|7240
190|2026-02-09|65894
190|2026-02-10|9150
190|2026-02-11|6458
190|2026-02-12|6358
190|2026-02-13|103849
190|2026-02-16|49925
190|2026-02-17|59379
190|2026-02-18|24342
190|2026-02-19|10269
190|2026-02-20|5671
190|2026-02-23|11197
190|2026-02-24|5820
190|2026-02-25|22843
190|2026-02-26|16111
190|2026-02-27|12366
190|2026-03-02|29794
190|2026-03-03|21840
190|2026-03-04|32038
190|2026-03-05|29970
190|2026-03-06|10722
190|2026-03-09|37513
190|2026-03-10|65166
190|2026-03-11|86178
190|2026-03-12|8827
190|2026-03-13|33518
190|2026-03-16|109119
190|2026-03-17|9417
190|2026-03-18|21655
190|2026-03-19|8872
190|2026-03-20|39023
190|2026-03-23|16398
190|2026-03-24|38667
190|2026-03-25|10225
190|2026-03-26|7049
190|2026-03-27|5571
190|2026-03-30|18494
190|2026-03-31|7171
190|2026-04-01|7078
190|2026-04-02|10120
190|2026-04-06|173158
190|2026-04-07|170678
190|2026-04-08|80756
190|2026-04-09|19064
190|2026-04-10|18366
190|2026-04-13|8856344
190|2026-04-14|60999
190|2026-04-15|75894
190|2026-04-16|5939
190|2026-04-17|96603
190|2026-04-20|46865
190|2026-04-21|7487
190|2026-04-22|8095
190|2026-04-23|7495
190|2026-04-24|5118
190|2026-04-27|8470
190|2026-04-28|23428
191|2023-09-28|611
191|2023-09-29|404
191|2023-10-02|467
191|2023-10-03|574
191|2023-10-04|595
191|2023-10-05|547
191|2023-10-06|466
191|2023-10-10|584
191|2023-10-11|582
191|2023-10-12|559
191|2023-10-13|477
191|2023-10-16|597
191|2023-10-17|555
191|2023-10-18|631
191|2023-10-19|590
191|2023-10-20|460
191|2023-10-23|611
191|2023-10-24|581
191|2023-10-25|588
191|2023-10-26|531
191|2023-10-30|561
191|2023-10-31|477
191|2023-11-03|435
191|2023-11-04|400
191|2023-11-06|534
191|2023-11-08|571
191|2023-11-09|604
191|2023-11-10|634
191|2023-11-11|450
191|2023-11-13|609
191|2023-11-14|592
191|2023-11-15|607
191|2023-11-16|578
191|2023-11-17|525
191|2023-11-20|584
191|2023-11-21|693
191|2023-11-22|608
191|2023-11-23|581
191|2023-11-24|432
191|2023-11-27|565
191|2023-11-28|609
191|2023-11-29|583
191|2023-11-30|562
191|2023-12-01|370
191|2023-12-04|518
191|2023-12-05|641
191|2023-12-06|583
191|2023-12-07|575
191|2023-12-11|556
191|2023-12-12|605
191|2023-12-13|588
191|2023-12-14|593
191|2023-12-15|419
191|2023-12-18|539
191|2023-12-19|617
191|2023-12-20|502
191|2023-12-21|555
191|2023-12-22|413
191|2023-12-26|492
191|2023-12-27|569
191|2024-12-28|460
191|2024-12-29|296
191|2024-01-02|413
191|2024-01-03|450
191|2024-01-04|608
191|2024-01-05|438
191|2024-01-08|503
191|2024-01-09|490
191|2024-01-10|601
191|2024-01-11|539
191|2024-01-12|474
191|2024-01-15|508
191|2024-01-16|484
191|2024-01-18|537
191|2024-01-19|404
191|2024-01-22|463
191|2024-01-23|494
191|2024-01-24|472
191|2024-01-25|466
191|2024-01-26|384
191|2024-01-29|443
191|2024-01-30|463
191|2024-01-31|464
191|2024-02-01|412
191|2024-02-02|367
191|2024-02-05|453
191|2024-02-06|448
191|2024-02-07|481
191|2024-02-08|477
191|2024-02-09|421
191|2024-02-12|446
191|2024-02-13|452
191|2024-02-14|423
191|2024-02-15|456
191|2024-02-16|341
191|2024-02-19|374
191|2024-02-20|441
191|2024-02-21|408
191|2024-02-22|432
191|2024-02-23|381
191|2024-02-26|516
191|2024-02-27|514
191|2024-02-28|540
191|2024-02-29|412
191|2024-03-01|331
191|2024-03-04|396
191|2024-03-05|560
191|2024-03-06|531
191|2024-03-07|540
191|2024-03-08|438
191|2024-03-11|527
191|2024-03-12|591
191|2024-03-13|567
191|2024-03-14|567
191|2024-03-15|443
191|2024-03-18|519
191|2024-03-19|560
191|2024-03-20|572
191|2024-03-21|543
191|2024-03-22|455
191|2024-03-25|594
191|2024-03-26|605
191|2024-03-27|573
191|2024-03-28|482
191|2024-04-01|464
191|2024-04-02|496
191|2024-04-03|524
191|2024-04-04|512
191|2024-04-05|424
191|2024-04-08|551
191|2024-04-09|546
191|2024-04-10|527
191|2024-04-11|574
191|2024-04-12|436
191|2024-04-15|575
191|2024-04-16|587
191|2024-04-17|600
191|2024-04-18|574
191|2024-04-19|418
191|2024-04-22|575
191|2024-04-23|580
191|2024-04-24|542
191|2024-04-25|517
191|2024-04-26|399
191|2024-04-29|530
191|2024-04-30|430
191|2024-05-02|477
191|2024-05-03|409
191|2024-05-06|533
191|2024-05-07|492
191|2024-05-08|514
191|2024-05-09|517
191|2024-05-10|404
191|2024-05-13|513
191|2024-05-14|543
191|2024-05-15|542
191|2024-05-16|518
191|2024-05-17|411
191|2024-05-20|530
191|2024-05-22|579
191|2024-05-23|546
191|2024-05-24|449
191|2024-05-27|574
191|2024-05-28|558
191|2024-05-29|603
191|2024-05-30|628
191|2024-05-31|456
191|2024-06-03|494
191|2024-06-04|605
191|2024-06-05|401
191|2024-06-06|540
191|2024-06-07|493
191|2024-06-10|468
191|2024-06-11|609
191|2024-06-12|581
191|2024-06-13|1232
191|2024-06-14|515
191|2024-06-17|565
191|2024-06-18|518
191|2024-06-19|534
191|2024-06-21|395
191|2024-06-24|511
191|2024-06-25|580
191|2024-06-26|493
191|2024-06-27|562
191|2024-06-28|449
191|2024-07-01|386
191|2024-07-02|501
191|2024-07-03|525
191|2024-07-04|485
191|2024-07-05|358
191|2024-07-08|510
191|2024-07-09|551
191|2024-07-10|538
191|2024-07-11|600
191|2024-07-12|410
191|2024-07-15|422
191|2024-07-17|480
191|2024-07-18|507
191|2024-07-19|416
191|2024-07-22|542
191|2024-07-23|483
191|2024-07-24|576
191|2024-07-25|540
191|2024-07-26|419
191|2024-07-29|498
191|2024-07-30|542
191|2024-07-31|492
191|2024-08-01|468
191|2024-08-02|359
191|2024-08-05|497
191|2024-08-06|501
191|2024-08-07|490
191|2024-08-08|560
191|2024-08-09|416
191|2024-08-12|533
191|2024-08-13|504
191|2024-08-14|556
191|2024-08-16|470
191|2024-08-19|587
191|2024-08-20|575
191|2024-08-21|570
191|2024-08-22|562
191|2024-08-23|512
191|2024-08-26|550
191|2024-08-27|614
191|2024-08-28|579
191|2024-08-29|531
191|2024-08-30|447
191|2024-09-02|511
191|2024-09-03|644
191|2024-09-04|623
191|2024-09-05|564
191|2024-09-06|436
191|2024-09-09|547
191|2024-09-10|676
191|2024-09-11|598
191|2024-09-12|519
191|2024-09-13|389
191|2024-09-16|410
191|2024-09-17|281
191|2024-09-23|486
191|2024-09-24|479
191|2024-09-25|495
191|2024-09-26|494
191|2024-09-27|413
191|2024-09-30|491
191|2024-10-01|527
191|2024-10-02|465
191|2024-10-03|485
191|2024-10-04|372
191|2024-10-07|506
191|2024-10-08|526
191|2024-10-09|493
191|2024-10-10|533
191|2024-10-11|411
191|2024-10-14|519
191|2024-10-15|514
191|2024-10-16|599
191|2024-10-17|647
191|2024-10-18|419
191|2024-10-21|534
191|2024-10-22|584
191|2024-10-23|612
191|2024-10-24|556
191|2024-10-25|406
191|2024-10-28|575
191|2024-10-29|571
191|2024-10-30|481
191|2024-11-04|495
191|2024-11-05|535
191|2024-11-06|573
191|2024-11-07|611
191|2024-11-08|472
191|2024-11-11|564
191|2024-11-12|641
191|2024-11-13|592
191|2024-11-14|603
191|2024-11-15|457
191|2024-11-18|584
191|2024-11-19|617
191|2024-11-20|601
191|2024-11-21|541
191|2024-11-22|449
191|2024-11-25|567
191|2024-11-26|546
191|2024-11-27|530
191|2024-11-28|558
191|2024-11-29|411
191|2024-12-02|502
191|2024-12-03|504
191|2024-12-04|556
191|2024-12-05|485
191|2024-12-06|444
191|2024-12-09|513
191|2024-12-10|562
191|2024-12-11|517
191|2024-12-12|641
191|2024-12-13|377
191|2024-12-16|554
191|2024-12-17|530
191|2024-12-18|484
191|2024-12-19|537
191|2024-12-20|330
191|2024-12-23|473
191|2024-12-24|261
191|2024-12-26|371
191|2024-12-27|361
191|2024-12-30|311
191|2025-01-02|476
191|2025-01-03|368
191|2025-01-06|508
191|2025-01-07|513
191|2025-01-08|504
191|2025-01-09|514
191|2025-01-10|405
191|2025-01-13|491
191|2025-01-14|505
191|2025-01-15|491
191|2025-01-16|492
191|2025-01-17|360
191|2025-01-20|444
191|2025-01-21|459
191|2025-01-22|467
191|2025-01-23|478
191|2025-01-24|382
191|2025-01-27|2192
191|2025-01-28|461
191|2025-01-29|496
191|2025-01-30|490
191|2025-01-31|367
191|2025-02-03|467
191|2025-02-04|510
191|2025-02-05|517
191|2025-02-06|465
191|2025-02-07|391
191|2025-02-10|466
191|2025-02-11|448
191|2025-02-12|475
191|2025-02-13|498
191|2025-02-14|399
191|2025-02-17|408
191|2025-02-18|535
191|2025-02-19|461
191|2025-02-20|451
191|2025-02-21|356
191|2025-02-24|453
191|2025-02-25|402
191|2025-02-26|442
191|2025-02-27|435
191|2025-02-28|312
191|2025-03-03|486
191|2025-03-04|478
191|2025-03-05|520
191|2025-03-06|463
191|2025-03-07|385
191|2025-03-10|549
191|2025-03-11|567
191|2025-03-12|530
191|2025-03-13|572
191|2025-03-14|419
191|2025-03-17|569
191|2025-03-18|554
191|2025-03-19|534
191|2025-03-20|568
191|2025-03-21|451
191|2025-03-24|610
191|2025-03-25|503
191|2025-03-26|553
191|2025-03-27|543
191|2025-03-28|433
191|2025-03-31|496
191|2025-04-01|490
191|2025-04-02|526
191|2025-04-03|531
191|2025-04-04|406
191|2025-04-09|513
191|2025-04-10|481
191|2025-04-11|404
191|2025-04-14|527
191|2025-04-15|482
191|2025-04-16|517
191|2025-04-17|455
191|2025-04-21|467
191|2025-04-22|514
191|2025-04-23|509
191|2025-04-24|536
191|2025-04-25|379
191|2025-04-28|582
191|2025-04-29|550
191|2025-04-30|423
191|2025-05-02|309
191|2025-05-05|463
191|2025-05-06|504
191|2025-05-07|512
191|2025-05-08|492
191|2025-05-09|369
191|2025-05-12|508
191|2025-05-13|527
191|2025-05-14|532
191|2025-05-15|344
191|2025-05-16|276
191|2025-05-19|618
191|2025-05-20|579
191|2025-05-22|981631
191|2025-05-23|769
191|2025-05-26|938
191|2025-05-27|247724
191|2025-05-28|904
191|2025-05-29|875
191|2025-05-30|608
191|2025-06-02|733
191|2025-06-03|930
191|2025-06-04|941
191|2025-06-05|984
191|2025-06-06|696
191|2025-06-09|999
191|2025-06-10|1052
191|2025-06-11|976
191|2025-06-12|989
191|2025-06-13|774
191|2025-06-16|928
191|2025-06-17|964
191|2025-06-18|903
191|2025-06-19|885
191|2025-06-23|868
191|2025-06-24|926
191|2025-06-25|876
191|2025-06-26|807
191|2025-06-27|681
191|2025-06-30|687
191|2025-07-01|724
191|2025-07-02|795
191|2025-07-03|770
191|2025-07-04|641
191|2025-07-07|890
191|2025-07-08|913
191|2025-07-09|920
191|2025-07-10|900
191|2025-07-11|714
191|2025-07-14|939
191|2025-07-15|912
191|2025-07-17|965
191|2025-07-18|731
191|2025-07-21|953
191|2025-07-22|1052
191|2025-07-23|956
191|2025-07-24|874
191|2025-07-25|693
191|2025-07-28|995
191|2025-07-29|884
191|2025-07-30|763
191|2025-07-31|628
191|2025-08-01|487
191|2025-08-04|675
191|2025-08-05|796
191|2025-08-06|726
191|2025-08-07|734
191|2025-08-08|617
191|2025-08-11|824
191|2025-08-12|862
191|2025-08-13|823
191|2025-08-14|768
191|2025-08-18|825
191|2025-08-19|837
191|2025-08-20|774
191|2025-08-21|817
191|2025-08-22|637
191|2025-08-25|906
191|2025-08-26|913
191|2025-08-27|866
191|2025-08-28|895
191|2025-08-29|608
191|2025-09-01|818
191|2025-09-02|848
191|2025-09-03|884
191|2025-09-04|829
191|2025-09-05|559
191|2025-09-08|930
191|2025-09-09|884
191|2025-09-10|900
191|2025-09-11|791
191|2025-09-12|579
191|2025-09-15|697
191|2025-09-16|731
191|2025-09-17|417
191|2025-09-22|739
191|2025-09-23|758
191|2025-09-24|845
191|2025-09-25|748
191|2025-09-26|599
191|2025-09-29|846
191|2025-09-30|708
191|2025-10-01|678
191|2025-10-02|728
191|2025-10-03|488
191|2025-10-06|619
191|2025-10-07|627
191|2025-10-08|835
191|2025-10-09|838
191|2025-10-10|715
191|2025-10-13|980
191|2025-10-14|939
191|2025-10-15|869
191|2025-10-16|855
191|2025-10-17|666
191|2025-10-20|792
191|2025-10-21|786
191|2025-10-22|797
191|2025-10-23|763
191|2025-10-24|550
191|2025-10-27|885
191|2025-10-28|787
191|2025-10-29|754
191|2025-10-30|635
191|2025-11-03|743
191|2025-11-04|749
191|2025-11-05|825
191|2025-11-06|853
191|2025-11-07|610
191|2025-11-10|783
191|2025-11-11|772
191|2025-11-12|799
191|2025-11-13|724
191|2025-11-14|578
191|2025-11-17|819
191|2025-11-18|752
191|2025-11-19|764
191|2025-11-20|699
191|2025-11-21|533
191|2025-11-24|764
191|2025-11-25|796
191|2025-11-26|722
191|2025-11-27|665
191|2025-11-28|439
191|2025-12-01|592
191|2025-12-02|642
191|2025-12-03|679
191|2025-12-04|600
191|2025-12-05|518
191|2025-12-09|681
191|2025-12-10|2451
191|2025-12-11|712
191|2025-12-12|538
191|2025-12-15|678
191|2025-12-16|651
191|2025-12-17|658
191|2025-12-18|613
191|2025-12-19|561
191|2025-12-22|633
191|2025-12-23|575
191|2025-12-24|380
191|2025-12-26|362
191|2025-12-29|545
191|2025-12-30|448
191|2026-01-02|317
191|2026-01-05|571
191|2026-01-06|688
191|2026-01-07|619
191|2026-01-08|728
191|2026-01-09|558
191|2026-01-12|669
191|2026-01-13|682
191|2026-01-14|715
191|2026-01-15|623
191|2026-01-16|494
191|2026-01-19|642
191|2026-01-20|633
191|2026-01-21|618
191|2026-01-22|679
191|2026-01-23|455
191|2026-01-26|616
191|2026-01-27|655
191|2026-01-28|638
191|2026-01-29|602
191|2026-01-30|376
191|2026-02-02|543
191|2026-02-03|592
191|2026-02-04|595
191|2026-02-05|637
191|2026-02-06|498
191|2026-02-09|461
191|2026-02-10|723
191|2026-02-11|604
191|2026-02-12|557
191|2026-02-13|436
191|2026-02-16|539
191|2026-02-17|599
191|2026-02-18|597
191|2026-02-19|588
191|2026-02-20|378
191|2026-02-23|597
191|2026-02-24|225
191|2026-02-25|634
191|2026-02-26|633
191|2026-02-27|371
191|2026-03-02|544
191|2026-03-03|640
191|2026-03-04|632
191|2026-03-05|647
191|2026-03-06|577
191|2026-03-09|821
191|2026-03-10|706
191|2026-03-11|730
191|2026-03-12|725
191|2026-03-13|617
191|2026-03-16|824
191|2026-03-17|783
191|2026-03-18|775
191|2026-03-19|717
191|2026-03-20|550
191|2026-03-23|786
191|2026-03-24|746
191|2026-03-25|788
191|2026-03-26|617
191|2026-03-27|522
191|2026-03-30|727
191|2026-03-31|628
191|2026-04-01|628
191|2026-04-02|568
191|2026-04-06|694
191|2026-04-07|693
191|2026-04-08|811
191|2026-04-09|688
191|2026-04-10|545
191|2026-04-13|606163
191|2026-04-14|1582
191|2026-04-15|718
191|2026-04-16|730
191|2026-04-17|586
191|2026-04-20|810
191|2026-04-21|842
191|2026-04-22|785
191|2026-04-23|729
191|2026-04-24|552
191|2026-04-27|871
191|2026-04-28|744
192|2023-09-28|2542
192|2023-09-29|2063
192|2023-10-02|3718
192|2023-10-03|2929
192|2023-10-04|2715
192|2023-10-05|2629
192|2023-10-06|2142
192|2023-10-10|4364
192|2023-10-11|3210
192|2023-10-12|3172
192|2023-10-13|2541
192|2023-10-16|5453
192|2023-10-17|3301
192|2023-10-18|3318
192|2023-10-19|3428
192|2023-10-20|2727
192|2023-10-23|5926
192|2023-10-24|3195
192|2023-10-25|3283
192|2023-10-26|2570
192|2023-10-30|5221
192|2023-10-31|2188
192|2023-11-03|3100
192|2023-11-04|2201
192|2023-11-06|3776
192|2023-11-08|2881
192|2023-11-09|2744
192|2023-11-10|2682
192|2023-11-11|2578
192|2023-11-13|5570
192|2023-11-14|2796
192|2023-11-15|3036
192|2023-11-16|3101
192|2023-11-17|2697
192|2023-11-20|4617
192|2023-11-21|3476
192|2023-11-22|3746
192|2023-11-23|3554
192|2023-11-24|3301
192|2023-11-27|6396
192|2023-11-28|3278
192|2023-11-29|2936
192|2023-11-30|2620
192|2023-12-01|2607
192|2023-12-04|4814
192|2023-12-05|2969
192|2023-12-06|2964
192|2023-12-07|2532
192|2023-12-11|4532
192|2023-12-12|2442
192|2023-12-13|2741
192|2023-12-14|2564
192|2023-12-15|2230
192|2023-12-18|3919
192|2023-12-19|2573
192|2023-12-20|2484
192|2023-12-21|2407
192|2023-12-22|1694
192|2023-12-26|3228
192|2023-12-27|2216
192|2024-12-28|1914
192|2024-12-29|1739
192|2024-01-02|3532
192|2024-01-03|2472
192|2024-01-04|2862
192|2024-01-05|2318
192|2024-01-08|3961
192|2024-01-09|2748
192|2024-01-10|2636
192|2024-01-11|4674
192|2024-01-12|2126
192|2024-01-15|3704
192|2024-01-16|2642
192|2024-01-17|2618
192|2024-01-18|2645
192|2024-01-19|2071
192|2024-01-22|3442
192|2024-01-23|2618
192|2024-01-24|2629
192|2024-01-25|2682
192|2024-01-26|2069
192|2024-01-29|3043
192|2024-01-30|2225
192|2024-01-31|2197
192|2024-02-01|2161
192|2024-02-02|1897
192|2024-02-05|2953
192|2024-02-06|2020
192|2024-02-07|2534
192|2024-02-08|2419
192|2024-02-09|1983
192|2024-02-12|3281
192|2024-02-13|2402
192|2024-02-14|1969
192|2024-02-15|2053
192|2024-02-16|1843
192|2024-02-19|2295
192|2024-02-20|2655
192|2024-02-21|2394
192|2024-02-22|2235
192|2024-02-23|1915
192|2024-02-26|3710
192|2024-02-27|2491
192|2024-02-28|2502
192|2024-02-29|2318
192|2024-03-01|1924
192|2024-03-04|3809
192|2024-03-05|3349
192|2024-03-06|2992
192|2024-03-07|3867
192|2024-03-08|2232
192|2024-03-11|3922
192|2024-03-12|3769
192|2024-03-13|4084
192|2024-03-14|2652
192|2024-03-15|1981
192|2024-03-18|3294
192|2024-03-19|3086
192|2024-03-20|3670
192|2024-03-21|3286
192|2024-03-22|1827
192|2024-03-25|3061
192|2024-03-26|2855
192|2024-03-27|2706
192|2024-03-28|2156
192|2024-04-01|3875
192|2024-04-02|2459
192|2024-04-03|2515
192|2024-04-04|2391
192|2024-04-05|2124
192|2024-04-08|6346
192|2024-04-09|2819
192|2024-04-10|2671
192|2024-04-11|2309
192|2024-04-12|1851
192|2024-04-15|3023
192|2024-04-16|3187
192|2024-04-17|3503
192|2024-04-18|2324
192|2024-04-19|1816
192|2024-04-22|3005
192|2024-04-23|2197
192|2024-04-24|2555
192|2024-04-25|2246
192|2024-04-26|1753
192|2024-04-29|3105
192|2024-04-30|2216
192|2024-05-02|2683
192|2024-05-03|2124
192|2024-05-06|3342
192|2024-05-07|3007
192|2024-05-08|3033
192|2024-05-09|6415
192|2024-05-10|1765
192|2024-05-13|3153
192|2024-05-14|2362
192|2024-05-15|2540
192|2024-05-16|3252
192|2024-05-17|1883
192|2024-05-20|2910
192|2024-05-22|2937
192|2024-05-23|2506
192|2024-05-24|1843
192|2024-05-27|3254
192|2024-05-28|2435
192|2024-05-29|2615
192|2024-05-30|2519
192|2024-05-31|1986
192|2024-06-03|3854
192|2024-06-04|2931
192|2024-06-05|2849
192|2024-06-06|2502
192|2024-06-07|3232
192|2024-06-10|5647
192|2024-06-11|3152
192|2024-06-12|3109
192|2024-06-13|3433
192|2024-06-14|2459
192|2024-06-17|6284
192|2024-06-18|3175
192|2024-06-19|3251
192|2024-06-21|3825
192|2024-06-24|5183
192|2024-06-25|3153
192|2024-06-26|3058
192|2024-06-27|2865
192|2024-06-28|2673
192|2024-07-01|5041
192|2024-07-02|3346
192|2024-07-03|3367
192|2024-07-04|3168
192|2024-07-05|2536
192|2024-07-08|4927
192|2024-07-09|3336
192|2024-07-10|3152
192|2024-07-11|3854
192|2024-07-12|2513
192|2024-07-15|3853
192|2024-07-17|3953
192|2024-07-18|2766
192|2024-07-19|2141
192|2024-07-22|4737
192|2024-07-23|2980
192|2024-07-24|3093
192|2024-07-25|3028
192|2024-07-26|2403
192|2024-07-29|5136
192|2024-07-30|3100
192|2024-07-31|4191
192|2024-08-01|2932
192|2024-08-02|2263
192|2024-08-05|4970
192|2024-08-06|3177
192|2024-08-07|3176
192|2024-08-08|3008
192|2024-08-09|2559
192|2024-08-12|4983
192|2024-08-13|3507
192|2024-08-14|2819
192|2024-08-16|3881
192|2024-08-19|4788
192|2024-08-20|2983
192|2024-08-21|2904
192|2024-08-22|2816
192|2024-08-23|2367
192|2024-08-26|4552
192|2024-08-27|2989
192|2024-08-28|2855
192|2024-08-29|2983
192|2024-08-30|2321
192|2024-09-02|4654
192|2024-09-03|3230
192|2024-09-04|3035
192|2024-09-05|2816
192|2024-09-06|2168
192|2024-09-09|4404
192|2024-09-10|2554
192|2024-09-11|2894
192|2024-09-12|2471
192|2024-09-13|1890
192|2024-09-16|4219
192|2024-09-17|1841
192|2024-09-23|5393
192|2024-09-24|2794
192|2024-09-25|2824
192|2024-09-26|2662
192|2024-09-27|2375
192|2024-09-30|4698
192|2024-10-01|2894
192|2024-10-02|2654
192|2024-10-03|2725
192|2024-10-04|2150
192|2024-10-07|4375
192|2024-10-08|2745
192|2024-10-09|2710
192|2024-10-10|2915
192|2024-10-11|2314
192|2024-10-14|4345
192|2024-10-15|2753
192|2024-10-16|4421
192|2024-10-17|2918
192|2024-10-18|1840
192|2024-10-21|3390
192|2024-10-22|2501
192|2024-10-23|2542
192|2024-10-24|3156
192|2024-10-25|2287
192|2024-10-28|4310
192|2024-10-29|2592
192|2024-10-30|2313
192|2024-11-04|4759
192|2024-11-05|3186
192|2024-11-06|2922
192|2024-11-07|2888
192|2024-11-08|2378
192|2024-11-11|4532
192|2024-11-12|3079
192|2024-11-13|2709
192|2024-11-14|2768
192|2024-11-15|2367
192|2024-11-18|4783
192|2024-11-19|2931
192|2024-11-20|2783
192|2024-11-21|2746
192|2024-11-22|2374
192|2024-11-25|5163
192|2024-11-26|3140
192|2024-11-27|2929
192|2024-11-28|2797
192|2024-11-29|2320
192|2024-12-02|4232
192|2024-12-03|2823
192|2024-12-04|2749
192|2024-12-05|2645
192|2024-12-06|1950
192|2024-12-09|3819
192|2024-12-10|2837
192|2024-12-11|2615
192|2024-12-12|2543
192|2024-12-13|1961
192|2024-12-16|3827
192|2024-12-17|2434
192|2024-12-18|2443
192|2024-12-19|2440
192|2024-12-20|1829
192|2024-12-23|3489
192|2024-12-24|1312
192|2024-12-26|3100
192|2024-12-27|2155
192|2024-12-30|3628
192|2025-01-02|3718
192|2025-01-03|2199
192|2025-01-06|4142
192|2025-01-07|2677
192|2025-01-08|2511
192|2025-01-09|2509
192|2025-01-10|2017
192|2025-01-13|4058
192|2025-01-14|2682
192|2025-01-15|2470
192|2025-01-16|2684
192|2025-01-17|2083
192|2025-01-20|3969
192|2025-01-21|2655
192|2025-01-22|2530
192|2025-01-23|2472
192|2025-01-24|2013
192|2025-01-27|3431
192|2025-01-28|2232
192|2025-01-29|2038
192|2025-01-30|2593
192|2025-01-31|2968
192|2025-02-03|5166
192|2025-02-04|2918
192|2025-02-05|2763
192|2025-02-06|2614
192|2025-02-07|2187
192|2025-02-10|4140
192|2025-02-11|2678
192|2025-02-12|2366
192|2025-02-13|2529
192|2025-02-14|1920
192|2025-02-17|3707
192|2025-02-18|2522
192|2025-02-19|2470
192|2025-02-20|2420
192|2025-02-21|2054
192|2025-02-24|4547
192|2025-02-25|1743
192|2025-02-26|2571
192|2025-02-27|2587
192|2025-02-28|1593
192|2025-03-03|5276
192|2025-03-04|3857
192|2025-03-05|4085
192|2025-03-06|3984
192|2025-03-07|3128
192|2025-03-10|5262
192|2025-03-11|3685
192|2025-03-12|3652
192|2025-03-13|3502
192|2025-03-14|2273
192|2025-03-17|4682
192|2025-03-18|2965
192|2025-03-19|3444
192|2025-03-20|3622
192|2025-03-21|2508
192|2025-03-24|4680
192|2025-03-25|3027
192|2025-03-26|2991
192|2025-03-27|2901
192|2025-03-28|2970
192|2025-03-31|4422
192|2025-04-01|2674
192|2025-04-02|3546
192|2025-04-03|2353
192|2025-04-04|2249
192|2025-04-09|2738
192|2025-04-10|2249
192|2025-04-11|2121
192|2025-04-14|3882
192|2025-04-15|2861
192|2025-04-16|3743
192|2025-04-17|2118
192|2025-04-21|5557
192|2025-04-22|2270
192|2025-04-23|2541
192|2025-04-24|2337
192|2025-04-25|1917
192|2025-04-28|3846
192|2025-04-29|3084
192|2025-04-30|2862
192|2025-05-02|3078
192|2025-05-05|4049
192|2025-05-06|2684
192|2025-05-07|2975
192|2025-05-08|2451
192|2025-05-09|1960
192|2025-05-12|8073
192|2025-05-13|2338
192|2025-05-14|2435
192|2025-05-15|2823
192|2025-05-16|2029
192|2025-05-19|3908
192|2025-05-20|2491
192|2025-05-22|2341715
192|2025-05-23|3662
192|2025-05-26|6970
192|2025-05-27|4152
192|2025-05-28|4090
192|2025-05-29|3851
192|2025-05-30|3480
192|2025-06-02|7088
192|2025-06-03|3989
192|2025-06-04|4244
192|2025-06-05|4022
192|2025-06-06|3402
192|2025-06-09|6630
192|2025-06-10|4067
192|2025-06-11|3890
192|2025-06-12|3824
192|2025-06-13|3380
192|2025-06-16|6347
192|2025-06-17|3928
192|2025-06-18|3897
192|2025-06-19|3641
192|2025-06-23|7534
192|2025-06-24|4102
192|2025-06-25|4015
192|2025-06-26|3964
192|2025-06-27|3388
192|2025-06-30|6433
192|2025-07-01|3601
192|2025-07-02|4147
192|2025-07-03|3967
192|2025-07-04|3304
192|2025-07-07|6650
192|2025-07-08|4024
192|2025-07-09|4223
192|2025-07-10|3966
192|2025-07-11|3226
192|2025-07-14|6341
192|2025-07-15|3582
192|2025-07-17|6137
192|2025-07-18|3544
192|2025-07-21|6672
192|2025-07-22|4155
192|2025-07-23|3933
192|2025-07-24|3651
192|2025-07-25|3133
192|2025-07-28|6304
192|2025-07-29|3605
192|2025-07-30|3504
192|2025-07-31|3634
192|2025-08-01|3274
192|2025-08-04|6158
192|2025-08-05|3777
192|2025-08-06|4244
192|2025-08-07|3957
192|2025-08-08|3162
192|2025-08-11|5917
192|2025-08-12|4509
192|2025-08-13|4024
192|2025-08-14|3511
192|2025-08-18|7778
192|2025-08-19|3866
192|2025-08-20|3781
192|2025-08-21|3664
192|2025-08-22|3294
192|2025-08-25|6672
192|2025-08-26|4122
192|2025-08-27|3837
192|2025-08-28|4020
192|2025-08-29|3400
192|2025-09-01|7073
192|2025-09-02|4067
192|2025-09-03|3920
192|2025-09-04|3813
192|2025-09-05|3116
192|2025-09-08|6669
192|2025-09-09|4009
192|2025-09-10|3877
192|2025-09-11|3776
192|2025-09-12|3059
192|2025-09-15|6395
192|2025-09-16|3252
192|2025-09-17|2386
192|2025-09-22|8201
192|2025-09-23|3849
192|2025-09-24|3814
192|2025-09-25|3595
192|2025-09-26|3199
192|2025-09-29|6237
192|2025-09-30|3863
192|2025-10-01|3841
192|2025-10-02|3429
192|2025-10-03|2999
192|2025-10-06|6078
192|2025-10-07|3693
192|2025-10-08|3948
192|2025-10-09|3842
192|2025-10-10|3214
192|2025-10-13|6331
192|2025-10-14|3858
192|2025-10-15|3962
192|2025-10-16|3817
192|2025-10-17|3160
192|2025-10-20|6499
192|2025-10-21|4001
192|2025-10-22|3802
192|2025-10-23|3531
192|2025-10-24|3060
192|2025-10-27|6258
192|2025-10-28|3735
192|2025-10-29|3591
192|2025-10-30|3238
192|2025-11-03|6622
192|2025-11-04|3632
192|2025-11-05|3425
192|2025-11-06|3407
192|2025-11-07|3107
192|2025-11-10|5936
192|2025-11-11|3722
192|2025-11-12|3443
192|2025-11-13|3438
192|2025-11-14|2948
192|2025-11-17|5558
192|2025-11-18|3536
192|2025-11-19|3476
192|2025-11-20|3189
192|2025-11-21|2794
192|2025-11-24|5105
192|2025-11-25|3442
192|2025-11-26|3830
192|2025-11-27|3451
192|2025-11-28|3060
192|2025-12-01|5717
192|2025-12-02|3586
192|2025-12-03|3432
192|2025-12-04|3309
192|2025-12-05|2780
192|2025-12-09|7103
192|2025-12-10|3727
192|2025-12-11|3430
192|2025-12-12|3184
192|2025-12-15|6178
192|2025-12-16|3679
192|2025-12-17|3494
192|2025-12-18|3544
192|2025-12-19|3229
192|2025-12-22|6155
192|2025-12-23|2943
192|2025-12-24|1852
192|2025-12-26|4536
192|2025-12-29|6098
192|2025-12-30|3028
192|2026-01-02|5276
192|2026-01-05|5991
192|2026-01-06|3836
192|2026-01-07|3829
192|2026-01-08|3753
192|2026-01-09|3250
192|2026-01-12|5974
192|2026-01-13|4043
192|2026-01-14|4010
192|2026-01-15|3893
192|2026-01-16|3322
192|2026-01-19|5948
192|2026-01-20|3774
192|2026-01-21|3939
192|2026-01-22|3610
192|2026-01-23|3228
192|2026-01-26|5939
192|2026-01-27|3693
192|2026-01-28|3853
192|2026-01-29|3681
192|2026-01-30|3175
192|2026-02-02|6028
192|2026-02-03|3635
192|2026-02-04|3602
192|2026-02-05|3585
192|2026-02-06|3316
192|2026-02-09|5570
192|2026-02-10|3363
192|2026-02-11|3674
192|2026-02-12|3421
192|2026-02-13|2951
192|2026-02-16|5502
192|2026-02-17|3367
192|2026-02-18|3515
192|2026-02-19|3307
192|2026-02-20|2795
192|2026-02-23|5448
192|2026-02-24|2543
192|2026-02-25|3697
192|2026-02-26|3615
192|2026-02-27|3254
192|2026-03-02|5790
192|2026-03-03|4585
192|2026-03-04|4320
192|2026-03-05|3924
192|2026-03-06|3404
192|2026-03-09|6027
192|2026-03-10|4239
192|2026-03-11|3975
192|2026-03-12|3651
192|2026-03-13|3116
192|2026-03-16|6045
192|2026-03-17|3664
192|2026-03-18|3804
192|2026-03-19|3653
192|2026-03-20|3063
192|2026-03-23|5603
192|2026-03-24|3959
192|2026-03-25|3913
192|2026-03-26|3781
192|2026-03-27|2911
192|2026-03-30|6230
192|2026-03-31|3471
192|2026-04-01|3216
192|2026-04-02|3387
192|2026-04-06|6925
192|2026-04-07|3745
192|2026-04-08|3504
192|2026-04-09|3435
192|2026-04-10|3186
192|2026-04-13|5677
192|2026-04-14|8763
192|2026-04-15|67122
192|2026-04-16|3523
192|2026-04-17|3096
192|2026-04-20|5700
192|2026-04-21|3724
192|2026-04-22|3508
192|2026-04-23|3334
192|2026-04-24|2915
192|2026-04-27|5419
192|2026-04-28|3597
193|2025-05-23|291
193|2025-05-26|341
193|2025-05-27|337
193|2025-05-28|331
193|2025-05-29|333
193|2025-05-30|267
193|2025-06-02|274
193|2025-06-03|246
193|2025-06-04|291
193|2025-06-05|273
193|2025-06-06|265
193|2025-06-09|275
193|2025-06-10|301
193|2025-06-11|273
193|2025-06-12|333
193|2025-06-13|288
193|2025-06-16|293
193|2025-06-17|299
193|2025-06-18|281
193|2025-06-19|288
193|2025-06-23|291
193|2025-06-24|312
193|2025-06-25|301
193|2025-06-26|295
193|2025-06-27|270
193|2025-06-30|277
193|2025-07-01|221
193|2025-07-02|234
193|2025-07-03|228
193|2025-07-04|207
193|2025-07-07|235
193|2025-07-08|247
193|2025-07-09|277
193|2025-07-10|199
193|2025-07-11|198
193|2025-07-14|276
193|2025-07-15|233
193|2025-07-17|291
193|2025-07-18|243
193|2025-07-21|321
193|2025-07-22|321
193|2025-07-23|294
193|2025-07-24|274
193|2025-07-25|262
193|2025-07-28|335
193|2025-07-29|260
193|2025-07-30|222
193|2025-07-31|183
193|2025-08-01|118
193|2025-08-04|155
193|2025-08-05|157
193|2025-08-06|168
193|2025-08-07|181
193|2025-08-08|164
193|2025-08-11|165
193|2025-08-12|163
193|2025-08-13|212
193|2025-08-14|163
193|2025-08-18|218
193|2025-08-19|208
193|2025-08-20|163
193|2025-08-21|205
193|2025-08-22|192
193|2025-08-25|218
193|2025-08-26|228
193|2025-08-27|227
193|2025-08-28|277
193|2025-08-29|239
193|2025-09-01|255
193|2025-09-02|217
193|2025-09-03|225
193|2025-09-04|206
193|2025-09-05|171
193|2025-09-08|287
193|2025-09-09|244
193|2025-09-10|263
193|2025-09-11|214
193|2025-09-12|179
193|2025-09-15|211
193|2025-09-16|226
193|2025-09-17|150
193|2025-09-22|205
193|2025-09-23|168
193|2025-09-24|254
193|2025-09-25|215
193|2025-09-26|193
193|2025-09-29|246
193|2025-09-30|197
193|2025-10-01|197
193|2025-10-02|213
193|2025-10-03|178
193|2025-10-06|126
193|2025-10-07|151
193|2025-10-08|207
193|2025-10-09|202
193|2025-10-10|239
193|2025-10-13|263
193|2025-10-14|244
193|2025-10-15|260
193|2025-10-16|192
193|2025-10-17|194
193|2025-10-20|206
193|2025-10-21|191
193|2025-10-22|208
193|2025-10-23|199
193|2025-10-24|185
193|2025-10-27|223
193|2025-10-28|198
193|2025-10-29|226
193|2025-10-30|210
193|2025-11-03|181
193|2025-11-04|207
193|2025-11-05|185
193|2025-11-06|221
193|2025-11-07|191
193|2025-11-10|205
193|2025-11-11|218
193|2025-11-12|199
193|2025-11-13|159
193|2025-11-14|179
193|2025-11-17|227
193|2025-11-18|183
193|2025-11-19|188
193|2025-11-20|189
193|2025-11-21|160
193|2025-11-24|204
193|2025-11-25|180
193|2025-11-26|193
193|2025-11-27|158
193|2025-11-28|158
193|2025-12-01|154
193|2025-12-02|164
193|2025-12-03|172
193|2025-12-04|134
193|2025-12-05|185
193|2025-12-09|197
193|2025-12-10|234
193|2025-12-11|177
193|2025-12-12|175
193|2025-12-15|172
193|2025-12-16|165
193|2025-12-17|134
193|2025-12-18|199
193|2025-12-19|166
193|2025-12-22|198
193|2025-12-23|166
193|2025-12-24|145
193|2025-12-26|95
193|2025-12-29|159
193|2025-12-30|145
193|2026-01-02|98
193|2026-01-05|151
193|2026-01-06|167
193|2026-01-07|155
193|2026-01-08|158
193|2026-01-09|162
193|2026-01-12|164
193|2026-01-13|152
193|2026-01-14|187
193|2026-01-15|148
193|2026-01-16|134
193|2026-01-19|154
193|2026-01-20|164
193|2026-01-21|136
193|2026-01-22|171
193|2026-01-23|133
193|2026-01-26|128
193|2026-01-27|148
193|2026-01-28|136
193|2026-01-29|146
193|2026-01-30|107
193|2026-02-02|144
193|2026-02-03|128
193|2026-02-04|154
193|2026-02-05|151
193|2026-02-06|144
193|2026-02-09|152
193|2026-02-10|152
193|2026-02-11|161
193|2026-02-12|154
193|2026-02-13|174
193|2026-02-16|169
193|2026-02-17|159
193|2026-02-18|154
193|2026-02-19|152
193|2026-02-20|135
193|2026-02-23|152
193|2026-02-24|89
193|2026-02-25|136
193|2026-02-26|184
193|2026-02-27|147
193|2026-03-02|137
193|2026-03-03|148
193|2026-03-04|143
193|2026-03-05|135
193|2026-03-06|134
193|2026-03-09|159
193|2026-03-10|153
193|2026-03-11|149
193|2026-03-12|164
193|2026-03-13|166
193|2026-03-16|176
193|2026-03-17|197
193|2026-03-18|217
193|2026-03-19|173
193|2026-03-20|179
193|2026-03-23|172
193|2026-03-24|248
193|2026-03-25|237
193|2026-03-26|181
193|2026-03-27|162
193|2026-03-30|241
193|2026-03-31|206
193|2026-04-01|165
193|2026-04-02|123
193|2026-04-06|176
193|2026-04-07|177
193|2026-04-08|165
193|2026-04-09|167
193|2026-04-10|152
193|2026-04-13|270
193|2026-04-14|183
193|2026-04-15|179
193|2026-04-16|195
193|2026-04-17|153
193|2026-04-20|218
193|2026-04-21|193
193|2026-04-22|35
193|2026-04-23|338
193|2026-04-24|189
193|2026-04-27|253
193|2026-04-28|205
194|2023-09-28|-
194|2023-09-29|-
194|2023-10-02|2006
194|2023-10-03|1657
194|2023-10-04|1569
194|2023-10-05|2552
194|2023-10-06|2256
194|2023-10-10|2510
194|2023-10-11|1992
194|2023-10-12|2142
194|2023-10-13|2230
194|2023-10-16|1876
194|2023-10-17|1746
194|2023-10-18|1981
194|2023-10-19|1979
194|2023-10-20|2184
194|2023-10-23|2092
194|2023-10-24|2073
194|2023-10-25|2125
194|2023-10-26|2609
194|2023-10-30|2579
194|2023-10-31|2450
194|2023-11-03|2244
194|2023-11-04|2502
194|2023-11-06|2060
194|2023-11-08|1956
194|2023-11-09|2118
194|2023-11-10|2016
194|2023-11-11|2058
194|2023-11-13|1948
194|2023-11-14|2110
194|2023-11-15|1896
194|2023-11-16|2031
194|2023-11-17|2543
194|2023-11-20|2053
194|2023-11-21|1847
194|2023-11-23|1094
194|2023-11-28|2270
194|2023-11-29|2528
194|2023-11-30|2131
194|2023-12-01|2324
194|2023-12-04|2579
194|2023-12-05|2073
194|2023-12-06|2131
194|2023-12-07|2757
194|2023-12-11|2154
194|2023-12-12|1864
194|2023-12-13|2161
194|2023-12-14|2177
194|2023-12-15|2332
194|2023-12-18|2329
194|2023-12-19|2459
194|2023-12-20|2510
194|2023-12-21|2635
194|2023-12-22|2776
194|2023-12-26|1932
194|2023-12-27|2449
194|2024-12-28|3206
194|2024-12-29|2053
194|2024-01-02|1892
194|2024-01-03|1759
194|2024-01-04|2169
194|2024-01-05|2228
194|2024-01-08|1912
194|2024-01-09|2060
194|2024-01-10|1881
194|2024-01-11|1915
194|2024-01-12|2576
194|2024-01-15|922
194|2024-01-16|2187
194|2024-01-17|2340
194|2024-01-18|2061
194|2024-01-19|4578
194|2024-01-22|2045
194|2024-01-23|1927
194|2024-01-24|2336
194|2024-01-25|2227
194|2024-01-26|2497
194|2024-01-29|2657
194|2024-01-30|2368
194|2024-01-31|2222
194|2024-02-01|2469
194|2024-02-02|2693
194|2024-02-05|2076
194|2024-02-06|1829
194|2024-02-07|2055
194|2024-02-08|1653
194|2024-02-09|2531
194|2024-02-12|1635
194|2024-02-13|1383
194|2024-02-14|2043
194|2024-02-15|1992
194|2024-02-16|2047
194|2024-02-19|784
194|2024-02-20|2900
194|2024-02-21|1826
194|2024-02-22|2314
194|2024-02-23|2308
194|2024-02-26|2032
194|2024-02-27|2206
194|2024-02-28|2536
194|2024-02-29|2498
194|2024-03-01|2613
194|2024-03-04|2390
194|2024-03-05|2049
194|2024-03-06|2055
194|2024-03-07|2507
194|2024-03-08|2367
194|2024-03-11|2103
194|2024-03-12|1912
194|2024-03-13|2364
194|2024-03-14|2249
194|2024-03-15|2574
194|2024-03-18|2064
194|2024-03-19|2233
194|2024-03-20|2066
194|2024-03-21|2101
194|2024-03-22|2670
194|2024-03-25|2310
194|2024-03-26|2284
194|2024-03-27|2937
194|2024-03-28|2359
194|2024-04-01|2440
194|2024-04-02|2157
194|2024-04-03|2353
194|2024-04-04|2395
194|2024-04-05|2419
194|2024-04-08|2225
194|2024-04-09|2304
194|2024-04-10|2056
194|2024-04-11|2201
194|2024-04-12|2573
194|2024-04-15|2076
194|2024-04-16|1926
194|2024-04-17|2144
194|2024-04-18|2207
194|2024-04-19|2344
194|2024-04-22|2080
194|2024-04-23|1942
194|2024-04-24|2312
194|2024-04-25|2376
194|2024-04-26|2700
194|2024-04-29|2828
194|2024-04-30|2433
194|2024-05-02|2968
194|2024-05-07|2139
194|2024-05-08|2297
194|2024-05-09|2227
194|2024-05-10|2493
194|2024-05-13|2072
194|2024-05-14|2162
194|2024-05-15|2167
194|2024-05-16|2312
194|2024-05-17|2638
194|2024-05-20|1985
194|2024-05-22|2883
194|2024-05-23|2564
194|2024-05-24|2725
194|2024-05-27|1130
194|2024-05-28|3033
194|2024-05-29|2722
194|2024-05-30|2598
194|2024-05-31|2690
194|2024-06-03|2488
194|2024-06-04|2192
194|2024-06-05|2163
194|2024-06-06|2293
194|2024-06-07|2584
194|2024-06-10|1940
194|2024-06-11|2043
194|2024-06-12|2207
194|2024-06-13|2275
194|2024-06-14|2490
194|2024-06-17|1942
194|2024-06-18|2080
194|2024-06-19|1065
194|2024-06-21|4318
194|2024-06-24|2305
194|2024-06-25|2375
194|2024-06-26|2368
194|2024-06-27|3075
194|2024-06-28|2799
194|2024-07-01|2419
194|2024-07-02|2158
194|2024-07-03|2354
194|2024-07-04|1070
194|2024-07-05|3240
194|2024-07-08|2258
194|2024-07-09|2269
194|2024-07-10|1908
194|2024-07-11|2186
194|2024-07-12|2796
194|2024-07-15|2106
194|2024-07-17|2773
194|2024-07-18|2426
194|2024-07-19|2146
194|2024-07-22|2040
194|2024-07-23|1950
194|2024-07-24|2214
194|2024-07-25|2225
194|2024-07-26|2536
194|2024-07-29|2587
194|2024-07-30|2421
194|2024-07-31|2205
194|2024-08-01|2294
194|2024-08-02|2503
194|2024-08-05|2004
194|2024-08-06|1826
194|2024-08-07|2151
194|2024-08-08|2244
194|2024-08-09|2461
194|2024-08-12|2012
194|2024-08-13|2003
194|2024-08-14|2417
194|2024-08-16|3299
194|2024-08-19|1979
194|2024-08-20|2208
194|2024-08-21|2036
194|2024-08-22|2583
194|2024-08-23|2520
194|2024-08-26|2158
194|2024-08-27|2307
194|2024-08-28|2568
194|2024-08-29|2657
194|2024-08-30|2708
194|2024-09-02|981
194|2024-09-03|2740
194|2024-09-04|2297
194|2024-09-05|2148
194|2024-09-06|2571
194|2024-09-09|2266
194|2024-09-10|2170
194|2024-09-11|2130
194|2024-09-12|2589
194|2024-09-13|2629
194|2024-09-16|2066
194|2024-09-17|1864
194|2024-09-23|4763
194|2024-09-24|2379
194|2024-09-25|2606
194|2024-09-26|2832
194|2024-09-27|3304
194|2024-09-30|2234
194|2024-10-01|2520
194|2024-10-02|2343
194|2024-10-03|2227
194|2024-10-04|2370
194|2024-10-07|2267
194|2024-10-08|1921
194|2024-10-09|2463
194|2024-10-10|2347
194|2024-10-11|2293
194|2024-10-14|928
194|2024-10-15|3268
194|2024-10-16|2217
194|2024-10-17|2468
194|2024-10-18|2133
194|2024-10-21|2124
194|2024-10-22|2191
194|2024-10-23|2187
194|2024-10-24|2461
194|2024-10-25|2503
194|2024-10-28|2371
194|2024-10-29|3004
194|2024-10-30|2683
194|2024-11-04|4273
194|2024-11-05|2093
194|2024-11-06|2340
194|2024-11-07|2670
194|2024-11-08|2408
194|2024-11-11|1114
194|2024-11-12|2962
194|2024-11-13|2456
194|2024-11-14|2309
194|2024-11-15|2428
194|2024-11-18|1966
194|2024-11-19|2312
194|2024-11-20|1935
194|2024-11-21|2297
194|2024-11-22|2742
194|2024-11-25|2271
194|2024-11-26|2149
194|2024-11-27|2818
194|2024-11-28|1158
194|2024-11-29|3453
194|2024-12-02|2600
194|2024-12-03|2365
194|2024-12-04|2505
194|2024-12-05|2407
194|2024-12-06|2491
194|2024-12-09|2361
194|2024-12-10|2206
194|2024-12-11|2138
194|2024-12-12|2789
194|2024-12-13|2762
194|2024-12-16|2269
194|2024-12-17|2243
194|2024-12-18|2661
194|2024-12-19|2659
194|2024-12-20|3160
194|2024-12-23|2930
194|2024-12-24|2233
194|2024-12-26|2152
194|2024-12-27|3311
194|2024-12-30|2862
194|2025-01-02|3059
194|2025-01-03|2232
194|2025-01-06|2224
194|2025-01-07|2161
194|2025-01-08|2349
194|2025-01-09|2309
194|2025-01-10|2531
194|2025-01-13|2153
194|2025-01-14|2474
194|2025-01-15|2194
194|2025-01-16|2318
194|2025-01-17|2776
194|2025-01-20|911
194|2025-01-21|2825
194|2025-01-22|2599
194|2025-01-23|2352
194|2025-01-24|2589
194|2025-01-27|2082
194|2025-01-28|2033
194|2025-01-29|2392
194|2025-01-30|2437
194|2025-01-31|2387
194|2025-02-03|2334
194|2025-02-04|2260
194|2025-02-05|2101
194|2025-02-06|2204
194|2025-02-07|2641
194|2025-02-10|2133
194|2025-02-11|1937
194|2025-02-12|2241
194|2025-02-13|2093
194|2025-02-14|2399
194|2025-02-17|882
194|2025-02-18|2732
194|2025-02-19|2274
194|2025-02-20|2280
194|2025-02-21|2263
194|2025-02-24|2412
194|2025-02-25|1840
194|2025-02-26|2500
194|2025-02-27|2822
194|2025-02-28|2608
194|2025-03-03|2359
194|2025-03-04|2060
194|2025-03-05|2100
194|2025-03-06|2361
194|2025-03-07|2859
194|2025-03-10|2258
194|2025-03-11|2068
194|2025-03-12|2292
194|2025-03-13|2292
194|2025-03-14|2576
194|2025-03-17|2194
194|2025-03-18|2062
194|2025-03-19|2454
194|2025-03-21|2551
194|2025-03-24|2471
194|2025-03-25|2339
194|2025-03-26|2191
194|2025-03-27|2880
194|2025-03-28|2818
194|2025-03-31|2388
194|2025-04-01|2473
194|2025-04-02|2241
194|2025-04-03|2261
194|2025-04-04|2299
194|2025-04-07|2252
194|2025-04-08|2005
194|2025-04-09|2356
194|2025-04-10|2261
194|2025-04-11|2359
194|2025-04-14|2427
194|2025-04-15|2095
194|2025-04-16|2423
194|2025-04-17|2475
194|2025-04-21|2177
194|2025-04-22|2213
194|2025-04-23|2487
194|2025-04-24|2578
194|2025-04-25|2771
194|2025-04-28|2493
194|2025-04-29|2932
194|2025-04-30|2816
194|2025-05-02|2816
194|2025-05-05|2250
194|2025-05-06|2317
194|2025-05-07|2451
194|2025-05-08|2367
194|2025-05-09|2626
194|2025-05-12|2279
194|2025-05-13|2150
194|2025-05-14|2340
194|2025-05-15|2363
194|2025-05-16|2731
194|2025-05-19|2298
194|2025-05-20|2251
194|2025-05-22|3340
194|2025-05-23|2932
194|2025-05-26|1007
194|2025-05-27|3190
194|2025-05-28|2767
194|2025-05-29|2889
194|2025-05-30|2768
194|2025-06-02|2430
194|2025-06-03|2149
194|2025-06-04|2440
194|2025-06-05|2426
194|2025-06-06|2450
194|2025-06-09|2518
194|2025-06-10|2070
194|2025-06-11|2080
194|2025-06-12|2558
194|2025-06-13|2560
194|2025-06-16|2080
194|2025-06-17|1951
194|2025-06-18|2402
194|2025-06-19|1180
194|2025-06-23|4217
194|2025-06-24|2286
194|2025-06-25|2626
194|2025-06-26|2654
194|2025-06-27|3019
194|2025-06-30|2668
194|2025-07-01|2100
194|2025-07-02|2560
194|2025-07-03|2533
194|2025-07-04|1054
194|2025-07-07|2924
194|2025-07-08|2173
194|2025-07-09|2267
194|2025-07-10|2267
194|2025-07-11|2444
194|2025-07-14|2282
194|2025-07-15|2140
194|2025-07-17|3143
194|2025-07-18|2749
194|2025-07-21|2134
194|2025-07-22|2069
194|2025-07-23|2278
194|2025-07-24|2313
194|2025-07-25|2519
194|2025-07-28|2300
194|2025-07-29|2461
194|2025-07-30|2411
194|2025-07-31|2383
194|2025-08-01|2645
194|2025-08-04|2305
194|2025-08-05|2088
194|2025-08-06|1956
194|2025-08-07|2461
194|2025-08-08|2594
194|2025-08-11|2147
194|2025-08-12|2014
194|2025-08-13|2267
194|2025-08-14|2469
194|2025-08-18|2973
194|2025-08-19|2009
194|2025-08-20|2295
194|2025-08-21|2263
194|2025-08-22|2663
194|2025-08-25|2163
194|2025-08-26|2140
194|2025-08-27|2600
194|2025-08-28|2757
194|2025-08-29|2769
194|2025-09-01|1067
194|2025-09-02|3015
194|2025-09-03|2437
194|2025-09-04|2354
194|2025-09-05|2282
194|2025-09-08|2301
194|2025-09-09|2314
194|2025-09-10|2082
194|2025-09-11|2311
194|2025-09-12|2657
194|2025-09-15|2306
194|2025-09-16|2254
194|2025-09-17|2018
194|2025-09-22|3739
194|2025-09-23|2066
194|2025-09-24|2356
194|2025-09-25|2454
194|2025-09-26|2918
194|2025-09-29|3043
194|2025-09-30|2129
194|2025-10-01|2502
194|2025-10-02|2455
194|2025-10-03|2406
194|2025-10-06|2152
194|2025-10-07|1877
194|2025-10-08|2302
194|2025-10-09|2333
194|2025-10-10|2376
194|2025-10-13|857
194|2025-10-14|3025
194|2025-10-15|2210
194|2025-10-16|2287
194|2025-10-17|2578
194|2025-10-20|2022
194|2025-10-21|2000
194|2025-10-22|2447
194|2025-10-23|2337
194|2025-10-24|2478
194|2025-10-27|2378
194|2025-10-28|2346
194|2025-10-29|2726
194|2025-10-30|2750
194|2025-11-03|3471
194|2025-11-04|2190
194|2025-11-05|2313
194|2025-11-06|2356
194|2025-11-07|2797
194|2025-11-10|2358
194|2025-11-11|916
194|2025-11-12|2692
194|2025-11-13|2826
194|2025-11-14|2650
194|2025-11-17|2093
194|2025-11-18|2054
194|2025-11-19|2352
194|2025-11-20|2266
194|2025-11-21|2350
194|2025-11-24|1845
194|2025-11-25|2164
194|2025-11-26|2593
194|2025-11-27|1204
194|2025-11-28|3696
194|2025-12-01|2871
194|2025-12-02|2304
194|2025-12-03|2398
194|2025-12-04|2298
194|2025-12-05|2654
194|2025-12-09|2876
194|2025-12-10|2559
194|2025-12-11|2478
194|2025-12-12|2918
194|2025-12-15|2438
194|2025-12-16|2408
194|2025-12-17|2582
194|2025-12-18|2667
194|2025-12-19|2873
194|2025-12-22|2880
194|2025-12-23|2944
194|2025-12-24|2390
194|2025-12-26|1970
194|2025-12-29|2975
194|2025-12-30|2864
194|2026-01-02|2799
194|2026-01-05|1981
194|2026-01-06|2282
194|2026-01-07|2301
194|2026-01-08|2319
194|2026-01-09|2532
194|2026-01-12|2208
194|2026-01-13|2117
194|2026-01-14|2343
194|2026-01-15|2367
194|2026-01-16|2414
194|2026-01-19|849
194|2026-01-20|3258
194|2026-01-21|2109
194|2026-01-22|2610
194|2026-01-23|2425
194|2026-01-26|2193
194|2026-01-27|2393
194|2026-01-28|2769
194|2026-01-29|2989
194|2026-01-30|2575
194|2026-02-02|2338
194|2026-02-03|2131
194|2026-02-04|2369
194|2026-02-05|2329
194|2026-02-06|2453
194|2026-02-09|2429
194|2026-02-10|2086
194|2026-02-11|1870
194|2026-02-12|2362
194|2026-02-13|2168
194|2026-02-16|698
194|2026-02-17|2129
194|2026-02-18|2042
194|2026-02-19|1882
194|2026-02-20|2122
194|2026-02-23|1887
194|2026-02-24|1011
194|2026-02-25|3597
194|2026-02-26|2548
194|2026-02-27|2861
194|2026-03-02|2532
194|2026-03-03|2080
194|2026-03-04|2311
194|2026-03-05|2028
194|2026-03-06|2633
194|2026-03-09|2532
194|2026-03-10|2131
194|2026-03-11|1994
194|2026-03-12|2533
194|2026-03-13|2442
194|2026-03-16|2123
194|2026-03-17|1946
194|2026-03-18|2350
194|2026-03-19|2003
194|2026-03-20|2428
194|2026-03-23|2055
194|2026-03-24|2243
194|2026-03-25|2273
194|2026-03-26|5461
194|2026-03-27|7286
194|2026-03-30|7370
194|2026-03-31|6743
194|2026-04-01|7863
194|2026-04-02|19605
194|2026-04-06|7383
194|2026-04-07|6411
194|2026-04-08|5997
194|2026-04-09|6243
194|2026-04-10|26078
194|2026-04-13|5968
194|2026-04-14|5658
194|2026-04-15|6215
194|2026-04-16|5841
194|2026-04-17|6050
194|2026-04-20|6598
194|2026-04-21|5210
194|2026-04-22|5051
194|2026-04-23|5341
194|2026-04-24|5890
194|2026-04-27|6341
194|2026-04-28|6152
195|2023-09-28|611
195|2023-09-29|87
195|2023-10-02|87
195|2023-10-03|87
195|2023-10-04|87
195|2023-10-05|87
195|2023-10-06|87
195|2023-10-10|87
195|2023-10-11|87
195|2023-10-12|87
195|2023-10-13|87
195|2023-10-16|87
195|2023-10-17|87
195|2023-10-18|87
195|2023-10-19|87
195|2023-10-20|87
195|2023-10-23|87
195|2023-10-24|87
195|2023-10-25|87
195|2023-10-26|87
195|2023-10-30|87
195|2023-10-31|87
195|2023-11-03|87
195|2023-11-04|87
195|2023-11-06|87
195|2023-11-08|87
195|2023-11-09|87
195|2023-11-10|87
195|2023-11-11|87
195|2023-11-13|87
195|2023-11-14|87
195|2023-11-15|87
195|2023-11-16|87
195|2023-11-17|87
195|2023-11-20|87
195|2023-11-21|87
195|2023-11-22|87
195|2023-11-23|87
195|2023-11-24|87
195|2023-11-27|87
195|2023-11-28|87
195|2023-11-29|87
195|2023-11-30|87
195|2023-12-01|87
195|2023-12-04|87
195|2023-12-05|87
195|2023-12-06|87
195|2023-12-07|87
195|2023-12-11|87
195|2023-12-12|87
195|2023-12-13|87
195|2023-12-14|87
195|2023-12-15|87
195|2023-12-18|87
195|2023-12-19|87
195|2023-12-20|87
195|2023-12-21|87
195|2023-12-22|87
195|2023-12-26|87
195|2023-12-27|87
195|2024-12-28|87
195|2024-12-29|87
195|2024-01-02|87
195|2024-01-03|87
195|2024-01-04|87
195|2024-01-05|87
195|2024-01-08|87
195|2024-01-09|87
195|2024-01-10|87
195|2024-01-11|87
195|2024-01-12|87
195|2024-01-15|87
195|2024-01-16|87
195|2024-01-17|87
195|2024-01-18|87
195|2024-01-19|87
195|2024-01-22|87
195|2024-01-23|87
195|2024-01-24|87
195|2024-01-25|87
195|2024-01-26|87
195|2024-01-29|87
195|2024-01-30|87
195|2024-01-31|87
195|2024-02-01|87
195|2024-02-02|87
195|2024-02-05|87
195|2024-02-06|87
195|2024-02-07|87
195|2024-02-08|87
195|2024-02-09|87
195|2024-02-12|87
195|2024-02-13|87
195|2024-02-14|87
195|2024-02-15|87
195|2024-02-16|87
195|2024-02-19|87
195|2024-02-20|87
195|2024-02-21|87
195|2024-02-22|87
195|2024-02-23|87
195|2024-02-26|87
195|2024-02-27|87
195|2024-02-28|87
195|2024-02-29|87
195|2024-03-01|87
195|2024-03-04|87
195|2024-03-05|87
195|2024-03-06|87
195|2024-03-07|87
195|2024-03-08|87
195|2024-03-11|87
195|2024-03-12|87
195|2024-03-13|87
195|2024-03-14|87
195|2024-03-15|87
195|2024-03-18|87
195|2024-03-19|87
195|2024-03-20|87
195|2024-03-21|87
195|2024-03-22|87
195|2024-03-25|87
195|2024-03-26|87
195|2024-03-27|87
195|2024-03-28|87
195|2024-04-01|87
195|2024-04-02|87
195|2024-04-03|87
195|2024-04-04|87
195|2024-04-05|87
195|2024-04-08|87
195|2024-04-09|87
195|2024-04-10|87
195|2024-04-11|87
195|2024-04-12|87
195|2024-04-15|87
195|2024-04-16|87
195|2024-04-17|87
195|2024-04-18|87
195|2024-04-19|87
195|2024-04-22|87
195|2024-04-23|87
195|2024-04-24|87
195|2024-04-25|87
195|2024-04-26|87
195|2024-04-29|87
195|2024-04-30|87
195|2024-05-02|87
195|2024-05-03|87
195|2024-05-06|87
195|2024-05-07|87
195|2024-05-08|87
195|2024-05-09|87
195|2024-05-10|87
195|2024-05-13|87
195|2024-05-14|87
195|2024-05-15|87
195|2024-05-16|87
195|2024-05-17|87
195|2024-05-20|87
195|2024-05-22|87
195|2024-05-23|87
195|2024-05-24|87
195|2024-05-27|87
195|2024-05-28|87
195|2024-05-29|87
195|2024-05-30|87
195|2024-05-31|87
195|2024-06-03|87
195|2024-06-04|87
195|2024-06-05|87
195|2024-06-06|87
195|2024-06-07|87
195|2024-06-10|87
195|2024-06-11|87
195|2024-06-12|87
195|2024-06-13|87
195|2024-06-14|87
195|2024-06-17|87
195|2024-06-18|87
195|2024-06-19|87
195|2024-06-21|87
195|2024-06-24|87
195|2024-06-25|87
195|2024-06-26|87
195|2024-06-27|87
195|2024-06-28|87
195|2024-07-01|87
195|2024-07-02|87
195|2024-07-03|87
195|2024-07-04|87
195|2024-07-05|87
195|2024-07-08|87
195|2024-07-09|87
195|2024-07-10|87
195|2024-07-11|87
195|2024-07-12|87
195|2024-07-15|87
195|2024-07-17|87
195|2024-07-18|87
195|2024-07-19|87
195|2024-07-22|87
195|2024-07-23|87
195|2024-07-24|87
195|2024-07-25|87
195|2024-07-26|87
195|2024-07-29|87
195|2024-07-30|87
195|2024-07-31|87
195|2024-08-01|87
195|2024-08-02|87
195|2024-08-05|87
195|2024-08-06|87
195|2024-08-07|87
195|2024-08-08|87
195|2024-08-09|87
195|2024-08-12|87
195|2024-08-13|87
195|2024-08-14|87
195|2024-08-16|87
195|2024-08-19|87
195|2024-08-20|87
195|2024-08-21|87
195|2024-08-22|87
195|2024-08-23|87
195|2024-08-26|87
195|2024-08-27|87
195|2024-08-28|87
195|2024-08-29|87
195|2024-08-30|87
195|2024-09-02|87
195|2024-09-03|87
195|2024-09-04|87
195|2024-09-05|87
195|2024-09-06|87
195|2024-09-09|87
195|2024-09-10|87
195|2024-09-11|87
195|2024-09-12|87
195|2024-09-13|87
195|2024-09-16|87
195|2024-09-17|87
195|2024-09-23|87
195|2024-09-24|87
195|2024-09-25|87
195|2024-09-26|87
195|2024-09-27|87
195|2024-09-30|87
195|2024-10-01|87
195|2024-10-02|87
195|2024-10-03|87
195|2024-10-04|87
195|2024-10-07|87
195|2024-10-08|87
195|2024-10-09|87
195|2024-10-10|87
195|2024-10-11|87
195|2024-10-14|87
195|2024-10-15|87
195|2024-10-16|87
195|2024-10-17|87
195|2024-10-18|87
195|2024-10-21|87
195|2024-10-22|87
195|2024-10-23|87
195|2024-10-24|87
195|2024-10-25|87
195|2024-10-28|87
195|2024-10-29|87
195|2024-10-30|87
195|2024-11-04|87
195|2024-11-05|87
195|2024-11-06|87
195|2024-11-07|87
195|2024-11-08|87
195|2024-11-11|87
195|2024-11-12|87
195|2024-11-13|87
195|2024-11-14|87
195|2024-11-15|87
195|2024-11-18|87
195|2024-11-19|87
195|2024-11-20|87
195|2024-11-21|87
195|2024-11-22|87
195|2024-11-25|87
195|2024-11-26|87
195|2024-11-27|87
195|2024-11-28|87
195|2024-11-29|87
195|2024-12-02|87
195|2024-12-03|87
195|2024-12-04|87
195|2024-12-05|87
195|2024-12-06|87
195|2024-12-09|87
195|2024-12-10|87
195|2024-12-11|87
195|2024-12-12|87
195|2024-12-13|87
195|2024-12-16|87
195|2024-12-17|87
195|2024-12-18|87
195|2024-12-19|87
195|2024-12-20|87
195|2024-12-23|87
195|2024-12-24|87
195|2024-12-26|87
195|2024-12-27|87
195|2024-12-30|87
195|2025-01-02|87
195|2025-01-03|87
195|2025-01-06|87
195|2025-01-07|87
195|2025-01-08|87
195|2025-01-09|87
195|2025-01-10|87
195|2025-01-13|87
195|2025-01-14|87
195|2025-01-15|87
195|2025-01-16|87
195|2025-01-17|87
195|2025-01-20|87
195|2025-01-21|87
195|2025-01-22|87
195|2025-01-23|87
195|2025-01-24|87
195|2025-01-27|87
195|2025-01-28|87
195|2025-01-29|87
195|2025-01-30|87
195|2025-01-31|87
195|2025-02-03|87
195|2025-02-04|87
195|2025-02-05|87
195|2025-02-06|87
195|2025-02-07|87
195|2025-02-10|87
195|2025-02-11|87
195|2025-02-12|87
195|2025-02-13|87
195|2025-02-14|87
195|2025-02-17|87
195|2025-02-18|87
195|2025-02-19|87
195|2025-02-20|87
195|2025-02-21|87
195|2025-02-24|87
195|2025-02-25|87
195|2025-02-26|87
195|2025-02-27|87
195|2025-02-28|87
195|2025-03-03|87
195|2025-03-04|87
195|2025-03-05|87
195|2025-03-07|87
195|2025-03-10|87
195|2025-03-11|87
195|2025-03-12|87
195|2025-03-13|87
195|2025-03-14|87
195|2025-03-17|87
195|2025-03-18|87
195|2025-03-19|87
195|2025-03-20|87
195|2025-03-21|87
195|2025-03-24|87
195|2025-03-25|87
195|2025-03-26|87
195|2025-03-27|87
195|2025-03-28|87
195|2025-03-31|87
195|2025-04-01|87
195|2025-04-02|87
195|2025-04-03|87
195|2025-04-04|87
195|2025-04-07|87
195|2025-04-08|87
195|2025-04-09|87
195|2025-04-10|87
195|2025-04-11|87
195|2025-04-14|87
195|2025-04-15|87
195|2025-04-16|87
195|2025-04-17|87
195|2025-04-21|87
195|2025-04-22|87
195|2025-04-23|87
195|2025-04-24|87
195|2025-04-25|87
195|2025-04-28|87
195|2025-04-29|87
195|2025-04-30|87
195|2025-05-02|87
195|2025-05-05|87
195|2025-05-06|87
195|2025-05-07|87
195|2025-05-08|87
195|2025-05-09|87
195|2025-05-12|87
195|2025-05-13|87
195|2025-05-14|87
195|2025-05-15|87
195|2025-05-16|87
195|2025-05-19|87
195|2025-05-20|87
195|2025-05-22|87
195|2025-05-23|87
195|2025-05-26|87
195|2025-05-27|87
195|2025-05-28|87
195|2025-05-29|87
195|2025-05-30|87
195|2025-06-02|87
195|2025-06-03|87
195|2025-06-04|87
195|2025-06-05|87
195|2025-06-06|87
195|2025-06-09|87
195|2025-06-10|87
195|2025-06-11|87
195|2025-06-12|87
195|2025-06-13|87
195|2025-06-16|87
195|2025-06-17|87
195|2025-06-18|87
195|2025-06-19|87
195|2025-06-23|87
195|2025-06-24|87
195|2025-06-25|87
195|2025-06-26|87
195|2025-06-27|87
195|2025-06-30|87
195|2025-07-01|87
195|2025-07-02|87
195|2025-07-03|87
195|2025-07-04|87
195|2025-07-07|87
195|2025-07-08|87
195|2025-07-09|87
195|2025-07-10|87
195|2025-07-11|87
195|2025-07-14|87
195|2025-07-15|87
195|2025-07-17|87
195|2025-07-18|87
195|2025-07-21|87
195|2025-07-22|87
195|2025-07-23|87
195|2025-07-24|87
195|2025-07-25|87
195|2025-07-28|87
195|2025-07-29|87
195|2025-07-30|87
195|2025-07-31|87
195|2025-08-01|87
195|2025-08-04|87
195|2025-08-05|87
195|2025-08-06|87
195|2025-08-07|87
195|2025-08-08|87
195|2025-08-11|87
195|2025-08-12|87
195|2025-08-13|87
195|2025-08-14|87
195|2025-08-18|87
195|2025-08-19|87
195|2025-08-20|87
195|2025-08-21|87
195|2025-08-22|87
195|2025-08-25|87
195|2025-08-26|87
195|2025-08-27|87
195|2025-08-28|87
195|2025-08-29|87
195|2025-09-01|87
195|2025-09-02|87
195|2025-09-03|87
195|2025-09-04|87
195|2025-09-05|87
195|2025-09-08|87
195|2025-09-09|87
195|2025-09-10|87
195|2025-09-11|87
195|2025-09-12|87
195|2025-09-15|87
195|2025-09-16|87
195|2025-09-17|87
195|2025-09-22|87
195|2025-09-23|87
195|2025-09-24|87
195|2025-09-25|87
195|2025-09-26|87
195|2025-09-29|87
195|2025-09-30|87
195|2025-10-01|87
195|2025-10-02|87
195|2025-10-03|87
195|2025-10-06|87
195|2025-10-07|87
195|2025-10-08|87
195|2025-10-09|87
195|2025-10-10|87
195|2025-10-13|87
195|2025-10-14|87
195|2025-10-15|87
195|2025-10-16|87
195|2025-10-17|87
195|2025-10-20|87
195|2025-10-21|87
195|2025-10-22|87
195|2025-10-23|87
195|2025-10-24|87
195|2025-10-27|87
195|2025-10-28|87
195|2025-10-29|87
195|2025-10-30|87
195|2025-11-03|87
195|2025-11-04|87
195|2025-11-05|87
195|2025-11-06|87
195|2025-11-07|87
195|2025-11-10|87
195|2025-11-11|87
195|2025-11-12|87
195|2025-11-13|87
195|2025-11-14|87
195|2025-11-17|87
195|2025-11-18|87
195|2025-11-19|87
195|2025-11-20|87
195|2025-11-21|87
195|2025-11-24|87
195|2025-11-25|87
195|2025-11-26|87
195|2025-11-27|87
195|2025-11-28|87
195|2025-12-01|87
195|2025-12-02|87
195|2025-12-03|87
195|2025-12-04|87
195|2025-12-05|87
195|2025-12-09|87
195|2025-12-10|87
195|2025-12-11|87
195|2025-12-12|87
195|2025-12-15|87
195|2025-12-16|87
195|2025-12-17|87
195|2025-12-18|87
195|2025-12-19|87
195|2025-12-22|87
195|2025-12-23|87
195|2025-12-24|87
195|2025-12-26|87
195|2025-12-29|87
195|2025-12-30|87
195|2026-01-02|87
195|2026-01-05|87
195|2026-01-06|87
195|2026-01-07|87
195|2026-01-08|87
195|2026-01-09|87
195|2026-01-12|87
195|2026-01-13|87
195|2026-01-14|87
195|2026-01-15|87
195|2026-01-16|87
195|2026-01-19|87
195|2026-01-20|87
195|2026-01-21|87
195|2026-01-22|87
195|2026-01-23|87
195|2026-01-26|87
195|2026-01-27|87
195|2026-01-28|87
195|2026-01-29|87
195|2026-01-30|87
195|2026-02-02|87
195|2026-02-03|87
195|2026-02-04|87
195|2026-02-05|87
195|2026-02-06|87
195|2026-02-09|87
195|2026-02-10|87
195|2026-02-11|87
195|2026-02-12|87
195|2026-02-13|87
195|2026-02-16|87
195|2026-02-17|87
195|2026-02-18|87
195|2026-02-19|87
195|2026-02-20|87
195|2026-02-23|87
195|2026-02-24|87
195|2026-02-25|87
195|2026-02-26|87
195|2026-02-27|87
195|2026-03-02|87
195|2026-03-03|87
195|2026-03-04|87
195|2026-03-05|87
195|2026-03-06|87
195|2026-03-09|87
195|2026-03-10|87
195|2026-03-11|87
195|2026-03-12|87
195|2026-03-13|87
195|2026-03-16|87
195|2026-03-17|87
195|2026-03-18|87
195|2026-03-19|87
195|2026-03-20|87
195|2026-03-23|87
195|2026-03-24|87
195|2026-03-25|87
195|2026-03-26|87
195|2026-03-27|87
195|2026-03-30|87
195|2026-03-31|87
195|2026-04-01|87
195|2026-04-02|87
195|2026-04-06|87
195|2026-04-07|87
195|2026-04-08|87
195|2026-04-09|87
195|2026-04-10|87
195|2026-04-13|87
195|2026-04-14|87
195|2026-04-15|87
195|2026-04-16|87
195|2026-04-17|87
195|2026-04-20|87
195|2026-04-21|87
195|2026-04-22|87
195|2026-04-23|87
195|2026-04-24|87
195|2026-04-27|87
195|2026-04-28|87
196|2023-09-28|2542
196|2023-09-29|4285
196|2023-10-02|4285
196|2023-10-03|4285
196|2023-10-04|4285
196|2023-10-05|4285
196|2023-10-06|4285
196|2023-10-10|4285
196|2023-10-11|4285
196|2023-10-12|4285
196|2023-10-13|4285
196|2023-10-16|4285
196|2023-10-17|4287
196|2023-10-18|4287
196|2023-10-19|4287
196|2023-10-20|4287
196|2023-10-23|4289
196|2023-10-24|4294
196|2023-10-25|4294
196|2023-10-26|4294
196|2023-10-30|4294
196|2023-10-31|4294
196|2023-11-03|4294
196|2023-11-04|4294
196|2023-11-06|4294
196|2023-11-08|4294
196|2023-11-09|4294
196|2023-11-10|4294
196|2023-11-11|4294
196|2023-11-13|4294
196|2023-11-14|4294
196|2023-11-15|4294
196|2023-11-16|4294
196|2023-11-17|4294
196|2023-11-20|4294
196|2023-11-21|4294
196|2023-11-22|4294
196|2023-11-23|4296
196|2023-11-24|4296
196|2023-11-27|4296
196|2023-11-28|4296
196|2023-11-29|4296
196|2023-11-30|4296
196|2023-12-01|4296
196|2023-12-04|4296
196|2023-12-05|4296
196|2023-12-06|4296
196|2023-12-07|4296
196|2023-12-11|4296
196|2023-12-12|4296
196|2023-12-13|4296
196|2023-12-14|4296
196|2023-12-15|4296
196|2023-12-18|4296
196|2023-12-19|4296
196|2023-12-20|4296
196|2023-12-21|4296
196|2023-12-22|4296
196|2023-12-26|4296
196|2023-12-27|4296
196|2024-12-28|4296
196|2024-12-29|4296
196|2024-01-02|4296
196|2024-01-03|4296
196|2024-01-04|4300
196|2024-01-05|4300
196|2024-01-08|4300
196|2024-01-09|4300
196|2024-01-10|4300
196|2024-01-11|4300
196|2024-01-12|4300
196|2024-01-15|4300
196|2024-01-16|4300
196|2024-01-17|4300
196|2024-01-18|4300
196|2024-01-19|4300
196|2024-01-22|4300
196|2024-01-23|4300
196|2024-01-24|4300
196|2024-01-25|4300
196|2024-01-26|4300
196|2024-01-29|4300
196|2024-01-30|4300
196|2024-01-31|4300
196|2024-02-01|4300
196|2024-02-02|4306
196|2024-02-05|4306
196|2024-02-06|4306
196|2024-02-07|4306
196|2024-02-08|4306
196|2024-02-09|4306
196|2024-02-12|4306
196|2024-02-13|4306
196|2024-02-14|4306
196|2024-02-15|4306
196|2024-02-16|4306
196|2024-02-19|4306
196|2024-02-20|4306
196|2024-02-21|4306
196|2024-02-22|4306
196|2024-02-23|4306
196|2024-02-26|4306
196|2024-02-27|4306
196|2024-02-28|4306
196|2024-02-29|4306
196|2024-03-01|4306
196|2024-03-04|4306
196|2024-03-05|4306
196|2024-03-06|4306
196|2024-03-07|4306
196|2024-03-08|4306
196|2024-03-11|4306
196|2024-03-12|4306
196|2024-03-13|4306
196|2024-03-14|4306
196|2024-03-15|4311
196|2024-03-18|4311
196|2024-03-19|4313
196|2024-03-20|4313
196|2024-03-21|4311
196|2024-03-22|4311
196|2024-03-25|4311
196|2024-03-26|4311
196|2024-03-27|4311
196|2024-03-28|4311
196|2024-04-01|4313
196|2024-04-02|4313
196|2024-04-03|4313
196|2024-04-04|4313
196|2024-04-05|4313
196|2024-04-08|4313
196|2024-04-09|4314
196|2024-04-10|4314
196|2024-04-11|4316
196|2024-04-12|4316
196|2024-04-15|4316
196|2024-04-16|4316
196|2024-04-17|4316
196|2024-04-18|4316
196|2024-04-19|4316
196|2024-04-22|4316
196|2024-04-23|4316
196|2024-04-24|4316
196|2024-04-25|4316
196|2024-04-26|4316
196|2024-04-29|4316
196|2024-04-30|4316
196|2024-05-02|4316
196|2024-05-03|4316
196|2024-05-06|4316
196|2024-05-07|4316
196|2024-05-08|4316
196|2024-05-09|4316
196|2024-05-10|4316
196|2024-05-13|4316
196|2024-05-14|4316
196|2024-05-15|4316
196|2024-05-16|4316
196|2024-05-17|4316
196|2024-05-20|4316
196|2024-05-22|4316
196|2024-05-23|4316
196|2024-05-24|4316
196|2024-05-27|4316
196|2024-05-28|4316
196|2024-05-29|4316
196|2024-05-30|4316
196|2024-05-31|4316
196|2024-06-03|4316
196|2024-06-04|4316
196|2024-06-05|4316
196|2024-06-06|4316
196|2024-06-07|4316
196|2024-06-10|4316
196|2024-06-11|4316
196|2024-06-12|4316
196|2024-06-13|4316
196|2024-06-14|4316
196|2024-06-17|4318
196|2024-06-18|4318
196|2024-06-19|4318
196|2024-06-21|4318
196|2024-06-24|4318
196|2024-06-25|4318
196|2024-06-26|4318
196|2024-06-27|4318
196|2024-06-28|4318
196|2024-07-01|4318
196|2024-07-02|4318
196|2024-07-03|4318
196|2024-07-04|4318
196|2024-07-05|4318
196|2024-07-08|4318
196|2024-07-09|4318
196|2024-07-10|4318
196|2024-07-11|4318
196|2024-07-12|4318
196|2024-07-15|4318
196|2024-07-17|4318
196|2024-07-18|4318
196|2024-07-19|4318
196|2024-07-22|4318
196|2024-07-23|4318
196|2024-07-24|4318
196|2024-07-25|4318
196|2024-07-26|4318
196|2024-07-29|4318
196|2024-07-30|4318
196|2024-07-31|4318
196|2024-08-01|4318
196|2024-08-02|4318
196|2024-08-05|4318
196|2024-08-06|4318
196|2024-08-07|4318
196|2024-08-08|4318
196|2024-08-09|4318
196|2024-08-12|4318
196|2024-08-13|4318
196|2024-08-14|4318
196|2024-08-16|4318
196|2024-08-19|4318
196|2024-08-20|4318
196|2024-08-21|4318
196|2024-08-22|4318
196|2024-08-23|4318
196|2024-08-26|4318
196|2024-08-27|4318
196|2024-08-28|4318
196|2024-08-29|4318
196|2024-08-30|4318
196|2024-09-02|4318
196|2024-09-03|4318
196|2024-09-04|4318
196|2024-09-05|4318
196|2024-09-06|4318
196|2024-09-09|4318
196|2024-09-10|4319
196|2024-09-11|4319
196|2024-09-12|4319
196|2024-09-13|4319
196|2024-09-16|4319
196|2024-09-17|4319
196|2024-09-23|4319
196|2024-09-24|4319
196|2024-09-25|4319
196|2024-09-26|4319
196|2024-09-27|4319
196|2024-09-30|4319
196|2024-10-01|4319
196|2024-10-02|4320
196|2024-10-03|4320
196|2024-10-04|4320
196|2024-10-07|4320
196|2024-10-08|4320
196|2024-10-09|4320
196|2024-10-10|4320
196|2024-10-11|4320
196|2024-10-14|4320
196|2024-10-15|4320
196|2024-10-16|4320
196|2024-10-17|4320
196|2024-10-18|4320
196|2024-10-21|4320
196|2024-10-22|4320
196|2024-10-23|4320
196|2024-10-24|4320
196|2024-10-25|4320
196|2024-10-28|4320
196|2024-10-29|4320
196|2024-10-30|4320
196|2024-11-04|4320
196|2024-11-05|4320
196|2024-11-06|4320
196|2024-11-07|4320
196|2024-11-08|4320
196|2024-11-11|4320
196|2024-11-12|4320
196|2024-11-13|4320
196|2024-11-14|4320
196|2024-11-15|4320
196|2024-11-18|4320
196|2024-11-19|4320
196|2024-11-20|4320
196|2024-11-21|4320
196|2024-11-22|4320
196|2024-11-25|4320
196|2024-11-26|4320
196|2024-11-27|4320
196|2024-11-28|4320
196|2024-11-29|4320
196|2024-12-02|4320
196|2024-12-03|4320
196|2024-12-04|4320
196|2024-12-05|4320
196|2024-12-06|4320
196|2024-12-09|4320
196|2024-12-10|4320
196|2024-12-11|4320
196|2024-12-12|4320
196|2024-12-13|4320
196|2024-12-16|4320
196|2024-12-17|4320
196|2024-12-18|4320
196|2024-12-19|4320
196|2024-12-20|4320
196|2024-12-23|4320
196|2024-12-24|4320
196|2024-12-26|4320
196|2024-12-27|4320
196|2024-12-30|4320
196|2025-01-02|4320
196|2025-01-03|4320
196|2025-01-06|4320
196|2025-01-07|4320
196|2025-01-08|4320
196|2025-01-09|4320
196|2025-01-10|4320
196|2025-01-13|4320
196|2025-01-14|4320
196|2025-01-15|4320
196|2025-01-16|4320
196|2025-01-17|4320
196|2025-01-20|4320
196|2025-01-21|4320
196|2025-01-22|4320
196|2025-01-23|4320
196|2025-01-24|4320
196|2025-01-27|4320
196|2025-01-28|4320
196|2025-01-29|4320
196|2025-01-30|4320
196|2025-01-31|4320
196|2025-02-03|4320
196|2025-02-04|4320
196|2025-02-05|4320
196|2025-02-06|4320
196|2025-02-07|4320
196|2025-02-10|4320
196|2025-02-11|4320
196|2025-02-12|4320
196|2025-02-13|4320
196|2025-02-14|4320
196|2025-02-17|4320
196|2025-02-18|4320
196|2025-02-19|4320
196|2025-02-20|4320
196|2025-02-21|4320
196|2025-02-24|4320
196|2025-02-25|4329
196|2025-02-26|4329
196|2025-02-27|4329
196|2025-02-28|4329
196|2025-03-03|4329
196|2025-03-04|4329
196|2025-03-05|4329
196|2025-03-06|4329
196|2025-03-07|4329
196|2025-03-10|4329
196|2025-03-11|4329
196|2025-03-12|4329
196|2025-03-13|4329
196|2025-03-14|4329
196|2025-03-17|4329
196|2025-03-18|4329
196|2025-03-19|4329
196|2025-03-20|4329
196|2025-03-21|4329
196|2025-03-24|4329
196|2025-03-25|4329
196|2025-03-26|4329
196|2025-03-27|4329
196|2025-03-28|4329
196|2025-03-31|4329
196|2025-04-01|4329
196|2025-04-02|4331
196|2025-04-03|4331
196|2025-04-04|4331
196|2025-04-07|4331
196|2025-04-08|4331
196|2025-04-09|4331
196|2025-04-10|4331
196|2025-04-11|4331
196|2025-04-14|4331
196|2025-04-15|4331
196|2025-04-16|4331
196|2025-04-17|4331
196|2025-04-21|4331
196|2025-04-22|4331
196|2025-04-23|4331
196|2025-04-24|4331
196|2025-04-25|4331
196|2025-04-28|4331
196|2025-04-29|4331
196|2025-04-30|4331
196|2025-05-02|4331
196|2025-05-05|4331
196|2025-05-06|4331
196|2025-05-07|4331
196|2025-05-08|4331
196|2025-05-09|4331
196|2025-05-12|4331
196|2025-05-13|4331
196|2025-05-14|4331
196|2025-05-15|4331
196|2025-05-16|4331
196|2025-05-19|4331
196|2025-05-20|4331
196|2025-05-22|4331
196|2025-05-23|4331
196|2025-05-26|4331
196|2025-05-27|4331
196|2025-05-28|4331
196|2025-05-29|4331
196|2025-05-30|4331
196|2025-06-02|4331
196|2025-06-03|4331
196|2025-06-04|4331
196|2025-06-05|4331
196|2025-06-06|4331
196|2025-06-09|4331
196|2025-06-10|4331
196|2025-06-11|4331
196|2025-06-12|4331
196|2025-06-13|4331
196|2025-06-16|4331
196|2025-06-17|4331
196|2025-06-18|4331
196|2025-06-19|4331
196|2025-06-23|4331
196|2025-06-24|4331
196|2025-06-25|4331
196|2025-06-26|4331
196|2025-06-27|4331
196|2025-06-30|4331
196|2025-07-01|4331
196|2025-07-02|4331
196|2025-07-03|4336
196|2025-07-04|4336
196|2025-07-07|4336
196|2025-07-08|4336
196|2025-07-09|4336
196|2025-07-10|4336
196|2025-07-11|4336
196|2025-07-14|4336
196|2025-07-15|4336
196|2025-07-17|4336
196|2025-07-18|4336
196|2025-07-21|4336
196|2025-07-22|4336
196|2025-07-23|4336
196|2025-07-24|4336
196|2025-07-25|4336
196|2025-07-28|4336
196|2025-07-29|4336
196|2025-07-30|4336
196|2025-07-31|4336
196|2025-08-01|4336
196|2025-08-04|4336
196|2025-08-05|4336
196|2025-08-06|4336
196|2025-08-07|4336
196|2025-08-08|4336
196|2025-08-11|4336
196|2025-08-12|4336
196|2025-08-13|4336
196|2025-08-14|4336
196|2025-08-18|4336
196|2025-08-19|4336
196|2025-08-20|4336
196|2025-08-21|4336
196|2025-08-22|4336
196|2025-08-25|4336
196|2025-08-26|4336
196|2025-08-27|4336
196|2025-08-28|4336
196|2025-08-29|4336
196|2025-09-01|4336
196|2025-09-02|4336
196|2025-09-03|4336
196|2025-09-04|4336
196|2025-09-05|4336
196|2025-09-08|4336
196|2025-09-09|4336
196|2025-09-10|4339
196|2025-09-11|4339
196|2025-09-12|4339
196|2025-09-15|4339
196|2025-09-16|4339
196|2025-09-17|4339
196|2025-09-22|4339
196|2025-09-23|4342
196|2025-09-24|4342
196|2025-09-25|4342
196|2025-09-26|4342
196|2025-09-29|4342
196|2025-09-30|4342
196|2025-10-01|4342
196|2025-10-02|4342
196|2025-10-03|4342
196|2025-10-06|4342
196|2025-10-07|4342
196|2025-10-08|4342
196|2025-10-09|4342
196|2025-10-10|4342
196|2025-10-13|4342
196|2025-10-14|4342
196|2025-10-15|4342
196|2025-10-16|4342
196|2025-10-17|4342
196|2025-10-20|4342
196|2025-10-21|4342
196|2025-10-22|4342
196|2025-10-23|4342
196|2025-10-24|4342
196|2025-10-27|4342
196|2025-10-28|4342
196|2025-10-29|4342
196|2025-10-30|4342
196|2025-11-03|4342
196|2025-11-04|4342
196|2025-11-05|4342
196|2025-11-06|4342
196|2025-11-07|4342
196|2025-11-10|4342
196|2025-11-11|4342
196|2025-11-12|4342
196|2025-11-13|4342
196|2025-11-14|4342
196|2025-11-17|4342
196|2025-11-18|4342
196|2025-11-19|4342
196|2025-11-20|4342
196|2025-11-21|4342
196|2025-11-24|4342
196|2025-11-25|4342
196|2025-11-26|4343
196|2025-11-27|4343
196|2025-11-28|4343
196|2025-12-01|4343
196|2025-12-02|4343
196|2025-12-03|4343
196|2025-12-04|4343
196|2025-12-05|4343
196|2025-12-09|4343
196|2025-12-10|4343
196|2025-12-11|4343
196|2025-12-12|4343
196|2025-12-15|4343
196|2025-12-16|4343
196|2025-12-17|4343
196|2025-12-18|4343
196|2025-12-19|4343
196|2025-12-22|4343
196|2025-12-23|4343
196|2025-12-24|4343
196|2025-12-26|4343
196|2025-12-29|4343
196|2025-12-30|4343
196|2026-01-02|4343
196|2026-01-05|4343
196|2026-01-06|4343
196|2026-01-07|4343
196|2026-01-08|4343
196|2026-01-09|4343
196|2026-01-12|4343
196|2026-01-13|4343
196|2026-01-14|4343
196|2026-01-15|4343
196|2026-01-16|4343
196|2026-01-19|4343
196|2026-01-20|4343
196|2026-01-21|4343
196|2026-01-22|4343
196|2026-01-23|4343
196|2026-01-26|4343
196|2026-01-27|4343
196|2026-01-28|4343
196|2026-01-29|4343
196|2026-01-30|4343
196|2026-02-02|4343
196|2026-02-03|4343
196|2026-02-04|4343
196|2026-02-05|4343
196|2026-02-06|4343
196|2026-02-09|4343
196|2026-02-10|4343
196|2026-02-11|4343
196|2026-02-12|4343
196|2026-02-13|4343
196|2026-02-16|4343
196|2026-02-17|4343
196|2026-02-18|4343
196|2026-02-19|4343
196|2026-02-20|4343
196|2026-02-23|4343
196|2026-02-24|4343
196|2026-02-25|4343
196|2026-02-26|4343
196|2026-02-27|4343
196|2026-03-02|4344
196|2026-03-03|4344
196|2026-03-04|4344
196|2026-03-05|4344
196|2026-03-06|4344
196|2026-03-09|4344
196|2026-03-10|4344
196|2026-03-11|4344
196|2026-03-12|4344
196|2026-03-13|4344
196|2026-03-16|4344
196|2026-03-17|4344
196|2026-03-18|4344
196|2026-03-19|4344
196|2026-03-20|4344
196|2026-03-23|4344
196|2026-03-24|4344
196|2026-03-25|4344
196|2026-03-26|4344
196|2026-03-27|4344
196|2026-03-30|4344
196|2026-03-31|4344
196|2026-04-01|4344
196|2026-04-02|4344
196|2026-04-06|4344
196|2026-04-07|4345
196|2026-04-08|4345
196|2026-04-09|4345
196|2026-04-10|4345
196|2026-04-13|4345
196|2026-04-14|4345
196|2026-04-15|4345
196|2026-04-16|4345
196|2026-04-17|4345
196|2026-04-20|4345
196|2026-04-21|4345
196|2026-04-22|4345
196|2026-04-23|4345
196|2026-04-24|4345
196|2026-04-27|4345
196|2026-04-28|4345
197|2023-09-28|370
197|2023-09-29|292
197|2023-10-02|305
197|2023-10-03|363
197|2023-10-04|349
197|2023-10-05|310
197|2023-10-06|304
197|2023-10-10|313
197|2023-10-11|365
197|2023-10-12|356
197|2023-10-13|306
197|2023-10-16|345
197|2023-10-17|354
197|2023-10-18|364
197|2023-10-19|356
197|2023-10-20|315
197|2023-10-23|372
197|2023-10-24|361
197|2023-10-25|353
197|2023-10-26|340
197|2023-10-30|360
197|2023-10-31|308
197|2023-11-03|288
197|2023-11-04|270
197|2023-11-06|309
197|2023-11-08|340
197|2023-11-09|341
197|2023-11-10|350
197|2023-11-11|310
197|2023-11-13|350
197|2023-11-14|313
197|2023-11-15|315
197|2023-11-16|343
197|2023-11-17|304
197|2023-11-20|335
197|2023-11-21|372
197|2023-11-22|362
197|2023-11-23|355
197|2023-11-24|315
197|2023-11-27|368
197|2023-11-28|373
197|2023-11-29|368
197|2023-11-30|321
197|2023-12-01|270
197|2023-12-04|296
197|2023-12-05|345
197|2023-12-06|370
197|2023-12-07|348
197|2023-12-11|338
197|2023-12-12|355
197|2023-12-13|371
197|2023-12-14|345
197|2023-12-15|324
197|2023-12-18|342
197|2023-12-19|352
197|2023-12-20|362
197|2023-12-21|362
197|2023-12-22|282
197|2023-12-26|343
197|2023-12-27|363
197|2024-12-28|349
197|2024-12-29|280
197|2024-01-02|284
197|2024-01-03|298
197|2024-01-04|324
197|2024-01-05|299
197|2024-01-08|322
197|2024-01-09|336
197|2024-01-10|317
197|2024-01-11|322
197|2024-01-12|293
197|2024-01-15|308
197|2024-01-16|316
197|2024-01-17|317
197|2024-01-18|314
197|2024-01-19|265
197|2024-01-22|290
197|2024-01-23|309
197|2024-01-24|314
197|2024-01-25|314
197|2024-01-26|291
197|2024-01-29|291
197|2024-01-30|305
197|2024-01-31|305
197|2024-02-01|291
197|2024-02-02|270
197|2024-02-05|286
197|2024-02-06|292
197|2024-02-07|307
197|2024-02-08|315
197|2024-02-09|277
197|2024-02-12|321
197|2024-02-13|289
197|2024-02-14|293
197|2024-02-15|308
197|2024-02-16|278
197|2024-02-19|287
197|2024-02-20|306
197|2024-02-21|315
197|2024-02-22|330
197|2024-02-23|306
197|2024-02-26|334
197|2024-02-27|318
197|2024-02-28|353
197|2024-02-29|321
197|2024-03-01|257
197|2024-03-04|267
197|2024-03-05|315
197|2024-03-06|338
197|2024-03-07|340
197|2024-03-08|270
197|2024-03-11|339
197|2024-03-12|343
197|2024-03-13|331
197|2024-03-14|334
197|2024-03-15|297
197|2024-03-18|307
197|2024-03-19|330
197|2024-03-20|328
197|2024-03-21|297
197|2024-03-22|286
197|2024-03-25|322
197|2024-03-26|347
197|2024-03-27|354
197|2024-03-28|305
197|2024-04-01|277
197|2024-04-02|298
197|2024-04-03|303
197|2024-04-04|322
197|2024-04-05|294
197|2024-04-08|328
197|2024-04-09|306
197|2024-04-10|317
197|2024-04-11|335
197|2024-04-12|288
197|2024-04-15|314
197|2024-04-16|325
197|2024-04-17|328
197|2024-04-18|308
197|2024-04-19|265
197|2024-04-22|326
197|2024-04-23|302
197|2024-04-24|305
197|2024-04-25|321
197|2024-04-26|284
197|2024-04-29|339
197|2024-04-30|291
197|2024-05-02|277
197|2024-05-03|271
197|2024-05-06|315
197|2024-05-07|299
197|2024-05-08|314
197|2024-05-09|313
197|2024-05-10|284
197|2024-05-13|305
197|2024-05-14|328
197|2024-05-15|316
197|2024-05-16|333
197|2024-05-17|284
197|2024-05-20|283
197|2024-05-22|317
197|2024-05-23|304
197|2024-05-24|265
197|2024-05-27|309
197|2024-05-28|316
197|2024-05-29|307
197|2024-05-30|340
197|2024-05-31|263
197|2024-06-03|287
197|2024-06-04|313
197|2024-06-05|320
197|2024-06-06|322
197|2024-06-07|280
197|2024-06-10|328
197|2024-06-11|326
197|2024-06-12|325
197|2024-06-13|316
197|2024-06-14|315
197|2024-06-17|307
197|2024-06-18|297
197|2024-06-19|308
197|2024-06-21|268
197|2024-06-24|294
197|2024-06-25|307
197|2024-06-26|332
197|2024-06-27|299
197|2024-06-28|258
197|2024-07-01|249
197|2024-07-02|294
197|2024-07-03|314
197|2024-07-04|296
197|2024-07-05|254
197|2024-07-08|295
197|2024-07-09|282
197|2024-07-10|305
197|2024-07-11|319
197|2024-07-12|241
197|2024-07-15|268
197|2024-07-17|266
197|2024-07-18|310
197|2024-07-19|251
197|2024-07-22|309
197|2024-07-23|308
197|2024-07-24|320
197|2024-07-25|316
197|2024-07-26|280
197|2024-07-29|328
197|2024-07-30|323
197|2024-07-31|288
197|2024-08-01|258
197|2024-08-02|245
197|2024-08-05|260
197|2024-08-06|313
197|2024-08-07|307
197|2024-08-08|310
197|2024-08-09|293
197|2024-08-12|320
197|2024-08-13|304
197|2024-08-14|318
197|2024-08-16|282
197|2024-08-19|307
197|2024-08-20|315
197|2024-08-21|302
197|2024-08-22|323
197|2024-08-23|300
197|2024-08-26|299
197|2024-08-27|300
197|2024-08-28|327
197|2024-08-29|337
197|2024-08-30|263
197|2024-09-02|302
197|2024-09-03|296
197|2024-09-04|311
197|2024-09-05|314
197|2024-09-06|280
197|2024-09-09|317
197|2024-09-10|303
197|2024-09-11|331
197|2024-09-12|291
197|2024-09-13|241
197|2024-09-16|282
197|2024-09-17|228
197|2024-09-23|268
197|2024-09-24|290
197|2024-09-25|280
197|2024-09-26|306
197|2024-09-27|289
197|2024-09-30|274
197|2024-10-01|271
197|2024-10-02|284
197|2024-10-03|290
197|2024-10-04|263
197|2024-10-07|326
197|2024-10-08|323
197|2024-10-09|333
197|2024-10-10|354
197|2024-10-11|309
197|2024-10-14|336
197|2024-10-15|342
197|2024-10-16|353
197|2024-10-17|331
197|2024-10-18|280
197|2024-10-21|317
197|2024-10-22|334
197|2024-10-23|361
197|2024-10-24|336
197|2024-10-25|301
197|2024-10-28|342
197|2024-10-29|343
197|2024-10-30|346
197|2024-11-04|273
197|2024-11-05|346
197|2024-11-06|356
197|2024-11-07|348
197|2024-11-08|319
197|2024-11-11|332
197|2024-11-12|340
197|2024-11-13|349
197|2024-11-14|363
197|2024-11-15|321
197|2024-11-18|349
197|2024-11-19|353
197|2024-11-20|356
197|2024-11-21|354
197|2024-11-22|296
197|2024-11-25|329
197|2024-11-26|342
197|2024-11-27|345
197|2024-11-28|371
197|2024-11-29|284
197|2024-12-02|307
197|2024-12-03|350
197|2024-12-04|359
197|2024-12-05|345
197|2024-12-06|285
197|2024-12-09|343
197|2024-12-10|369
197|2024-12-11|375
197|2024-12-12|347
197|2024-12-13|303
197|2024-12-16|344
197|2024-12-17|352
197|2024-12-18|364
197|2024-12-19|350
197|2024-12-20|282
197|2024-12-23|340
197|2024-12-24|283
197|2024-12-26|315
197|2024-12-27|296
197|2024-12-30|273
197|2025-01-02|260
197|2025-01-03|275
197|2025-01-06|312
197|2025-01-07|294
197|2025-01-08|307
197|2025-01-09|297
197|2025-01-10|275
197|2025-01-13|309
197|2025-01-14|312
197|2025-01-15|320
197|2025-01-16|317
197|2025-01-17|280
197|2025-01-20|321
197|2025-01-21|330
197|2025-01-22|301
197|2025-01-23|306
197|2025-01-24|262
197|2025-01-27|274
197|2025-01-28|298
197|2025-01-29|300
197|2025-01-30|306
197|2025-01-31|242
197|2025-02-03|289
197|2025-02-04|302
197|2025-02-05|300
197|2025-02-06|301
197|2025-02-07|293
197|2025-02-10|295
197|2025-02-11|297
197|2025-02-12|296
197|2025-02-13|296
197|2025-02-14|264
197|2025-02-17|306
197|2025-02-18|306
197|2025-02-19|316
197|2025-02-20|313
197|2025-02-21|267
197|2025-02-24|324
197|2025-02-25|292
197|2025-02-26|283
197|2025-02-27|310
197|2025-02-28|242
197|2025-03-03|276
197|2025-03-04|296
197|2025-03-05|307
197|2025-03-06|320
197|2025-03-07|282
197|2025-03-10|343
197|2025-03-11|335
197|2025-03-12|333
197|2025-03-13|340
197|2025-03-14|288
197|2025-03-17|330
197|2025-03-18|332
197|2025-03-19|322
197|2025-03-20|333
197|2025-03-21|311
197|2025-03-24|333
197|2025-03-25|338
197|2025-03-26|314
197|2025-03-27|335
197|2025-03-28|307
197|2025-03-31|309
197|2025-04-01|290
197|2025-04-02|342
197|2025-04-03|340
197|2025-04-04|283
197|2025-04-07|323
197|2025-04-08|310
197|2025-04-09|319
197|2025-04-10|324
197|2025-04-11|287
197|2025-04-16|330
197|2025-04-17|288
197|2025-04-21|309
197|2025-04-22|309
197|2025-04-23|308
197|2025-04-24|325
197|2025-04-25|272
197|2025-04-28|310
197|2025-04-29|306
197|2025-04-30|286
197|2025-05-02|221
197|2025-05-05|292
197|2025-05-06|315
197|2025-05-07|317
197|2025-05-08|324
197|2025-05-09|280
197|2025-05-12|308
197|2025-05-13|311
197|2025-05-14|320
197|2025-05-15|302
197|2025-05-16|265
197|2025-05-19|304
197|2025-05-20|330
197|2025-05-22|324
198|2023-09-28|1166613
198|2023-09-29|1830504
198|2023-10-02|1563145
198|2023-10-03|1276173
198|2023-10-04|1219225
198|2023-10-05|1404297
198|2023-10-06|1329136
198|2023-10-10|1131006
198|2023-10-11|1018533
198|2023-10-12|1018083
198|2023-10-13|1248596
198|2023-10-16|1048375
198|2023-10-17|954634
198|2023-10-18|926785
198|2023-10-19|941188
198|2023-10-20|1148342
198|2023-10-23|902846
198|2023-10-24|898850
198|2023-10-25|978884
198|2023-10-26|1136207
198|2023-10-30|1285371
198|2023-10-31|1864222
198|2023-11-03|1411300
198|2023-11-04|1466397
198|2023-11-06|1296093
198|2023-11-08|1133033
198|2023-11-09|1065531
198|2023-11-10|1037202
198|2023-11-11|1131480
198|2023-11-13|987510
198|2023-11-14|961471
198|2023-11-15|1228448
198|2023-11-16|1026234
198|2023-11-17|1109582
198|2023-11-20|1136995
198|2023-11-21|619187
198|2023-11-23|999500
198|2023-11-28|1042604
198|2023-11-29|1121653
198|2023-11-30|1970867
198|2023-12-01|1748345
198|2023-12-04|2708452
198|2023-12-05|1946676
198|2023-12-06|1757820
198|2023-12-07|1717473
198|2023-12-11|2567470
198|2023-12-12|1440562
198|2023-12-13|1412920
198|2023-12-14|1417726
198|2023-12-15|1945609
198|2023-12-18|2240035
198|2023-12-19|1506275
198|2023-12-20|1586495
198|2023-12-21|1608312
198|2023-12-22|1770974
198|2023-12-26|2249835
198|2023-12-27|1374959
198|2024-12-28|1713945
198|2024-12-29|2326423
198|2024-01-02|2795223
198|2024-01-03|1520001
198|2024-01-04|1498702
198|2024-01-05|1790620
198|2024-01-08|2163140
198|2024-01-09|1324067
198|2024-01-10|1325458
198|2024-01-11|1271482
198|2024-01-12|1396862
198|2024-01-15|2031608
198|2024-01-16|1261989
198|2024-01-17|1225173
198|2024-01-18|1210140
198|2024-01-19|1389340
198|2024-01-22|1819108
198|2024-01-23|1135732
198|2024-01-24|1199035
198|2024-01-25|1245675
198|2024-01-26|1336086
198|2024-01-29|1867136
198|2024-01-30|1579887
198|2024-01-31|2175919
198|2024-02-01|1957443
198|2024-02-02|1800010
198|2024-02-05|2502157
198|2024-02-06|1530664
198|2024-02-07|1382873
198|2024-02-08|1303976
198|2024-02-09|1360487
198|2024-02-12|1855859
198|2024-02-13|1217811
198|2024-02-14|1203149
198|2024-02-15|1399473
198|2024-02-16|1398208
198|2024-02-19|1794508
198|2024-02-20|1224992
198|2024-02-21|1159477
198|2024-02-22|1132076
198|2024-02-23|1288809
198|2024-02-26|1795639
198|2024-02-27|1242241
198|2024-02-28|1501808
198|2024-02-29|2146955
198|2024-03-01|2128718
198|2024-03-04|2560352
198|2024-03-05|1846787
198|2024-03-06|1629014
198|2024-03-07|1479869
198|2024-03-08|1490278
198|2024-03-11|2043978
198|2024-03-12|1262219
198|2024-03-13|1280413
198|2024-03-14|1269951
198|2024-03-15|1649284
198|2024-03-18|1994273
198|2024-03-19|1289768
198|2024-03-20|1310452
198|2024-03-21|1262219
198|2024-03-22|1481672
198|2024-03-25|1992129
198|2024-03-26|1319542
198|2024-03-27|1524209
198|2024-03-28|2325205
198|2024-04-01|3132836
198|2024-04-02|1669917
198|2024-04-03|1533592
198|2024-04-04|1529840
198|2024-04-05|1905664
198|2024-04-08|2341851
198|2024-04-09|1366069
198|2024-04-10|1352135
198|2024-04-11|1298784
198|2024-04-12|1434192
198|2024-04-15|2137082
198|2024-04-16|1336876
198|2024-04-17|1247346
198|2024-04-18|1247203
198|2024-04-19|1455089
198|2024-04-22|1950261
198|2024-04-23|1206102
198|2024-04-24|1241181
198|2024-04-25|1288523
198|2024-04-26|1496888
198|2024-04-29|2275288
198|2024-04-30|2308589
198|2024-05-02|2538961
198|2024-05-07|1481786
198|2024-05-08|1393401
198|2024-05-09|1419273
198|2024-05-10|1552366
198|2024-05-13|2046438
198|2024-05-14|1295677
198|2024-05-15|1503843
198|2024-05-16|1358641
198|2024-05-17|1461980
198|2024-05-20|1913290
198|2024-05-22|1508329
198|2024-05-23|1169484
198|2024-05-24|1402882
198|2024-05-27|1923727
198|2024-05-28|1298537
198|2024-05-29|1317240
198|2024-05-30|1685489
198|2024-05-31|2363249
198|2024-06-03|2945424
198|2024-06-04|1729485
198|2024-06-05|1895844
198|2024-06-06|1620073
198|2024-06-07|1616550
198|2024-06-10|2140351
198|2024-06-11|1308497
198|2024-06-12|1246753
198|2024-06-13|1140112
198|2024-06-14|1409498
198|2024-06-17|2020761
198|2024-06-18|1226818
198|2024-06-19|1334860
198|2024-06-21|1652204
198|2024-06-24|1811855
198|2024-06-25|1253042
198|2024-06-26|1253688
198|2024-06-27|1454461
198|2024-06-28|2332328
198|2024-07-01|2881892
198|2024-07-02|1690005
198|2024-07-03|1561688
198|2024-07-04|1531943
198|2024-07-05|1865467
198|2024-07-08|3431015
198|2024-07-09|1367203
198|2024-07-10|1348989
198|2024-07-11|1324687
198|2024-07-12|1460207
198|2024-07-15|2084961
198|2024-07-17|1654193
198|2024-07-18|1281189
198|2024-07-19|1439614
198|2024-07-22|1989091
198|2024-07-23|1205357
198|2024-07-24|1251229
198|2024-07-25|1288044
198|2024-07-26|1412703
198|2024-07-29|2003368
198|2024-07-30|1638334
198|2024-07-31|2268031
198|2024-08-01|2060067
198|2024-08-02|1650967
198|2024-08-05|2706745
198|2024-08-06|1669286
198|2024-08-07|1504664
198|2024-08-08|1437759
198|2024-08-09|1511588
198|2024-08-12|2124805
198|2024-08-13|1340158
198|2024-08-14|1492200
198|2024-08-16|1848718
198|2024-08-19|2031774
198|2024-08-20|1360213
198|2024-08-21|1281343
198|2024-08-22|1262914
198|2024-08-23|1460942
198|2024-08-26|2022923
198|2024-08-27|1294389
198|2024-08-28|1366614
198|2024-08-29|1607291
198|2024-08-30|2413773
198|2024-09-02|3092170
198|2024-09-03|1753648
198|2024-09-04|1685412
198|2024-09-05|1878404
198|2024-09-06|1866233
198|2024-09-09|2346585
198|2024-09-10|1528065
198|2024-09-11|1452185
198|2024-09-12|1520477
198|2024-09-13|1823488
198|2024-09-16|2517165
198|2024-09-17|1586565
198|2024-09-23|2631963
198|2024-09-24|1301185
198|2024-09-25|1311096
198|2024-09-26|1336051
198|2024-09-27|1581989
198|2024-09-30|3136041
198|2024-10-01|2171857
198|2024-10-02|1865058
198|2024-10-03|1717009
198|2024-10-04|1889154
198|2024-10-07|2607911
198|2024-10-08|1457903
198|2024-10-09|1408717
198|2024-10-10|1443291
198|2024-10-11|1476991
198|2024-10-14|2028209
198|2024-10-15|1564421
198|2024-10-16|1377539
198|2024-10-17|1299180
198|2024-10-18|1379680
198|2024-10-21|1967272
198|2024-10-22|1279431
198|2024-10-23|1209748
198|2024-10-24|1299534
198|2024-10-25|1463101
198|2024-10-28|2010156
198|2024-10-29|1630149
198|2024-10-30|2433389
198|2024-11-04|3753369
198|2024-11-05|2012060
198|2024-11-06|1745871
198|2024-11-07|1541461
198|2024-11-08|1626436
198|2024-11-11|2146461
198|2024-11-12|1342288
198|2024-11-13|1312117
198|2024-11-14|1302513
198|2024-11-15|1690934
198|2024-11-18|2033791
198|2024-11-19|1330248
198|2024-11-20|1344605
198|2024-11-21|1291756
198|2024-11-22|1399938
198|2024-11-25|2015407
198|2024-11-26|1298393
198|2024-11-27|1308422
198|2024-11-28|1610980
198|2024-11-29|2378726
198|2024-12-02|3047293
198|2024-12-03|1757442
198|2024-12-04|1677172
198|2024-12-05|1883147
198|2024-12-06|1842493
198|2024-12-09|2290350
198|2024-12-10|1482670
198|2024-12-11|1430589
198|2024-12-12|1424119
198|2024-12-13|1745441
198|2024-12-16|2279154
198|2024-12-17|1424731
198|2024-12-18|1435132
198|2024-12-19|1500309
198|2024-12-20|1828912
198|2024-12-23|2466665
198|2024-12-24|1499146
198|2024-12-26|1452729
198|2024-12-27|1598647
198|2024-12-30|2911607
198|2025-01-02|2581002
198|2025-01-03|1688370
198|2025-01-06|2411108
198|2025-01-07|1466416
198|2025-01-08|1379836
198|2025-01-09|1325659
198|2025-01-10|1405098
198|2025-01-13|1924054
198|2025-01-14|1246648
198|2025-01-15|1478170
198|2025-01-16|1327414
198|2025-01-17|1398413
198|2025-01-20|1957977
198|2025-01-21|1233685
198|2025-01-22|1172731
198|2025-01-23|1162915
198|2025-01-24|1366939
198|2025-01-27|1780534
198|2025-01-28|1284913
198|2025-01-29|1275124
198|2025-01-30|1643666
198|2025-01-31|2326416
198|2025-02-03|2747472
198|2025-02-04|1642973
198|2025-02-05|1772297
198|2025-02-06|1580177
198|2025-02-07|918153
198|2025-02-10|2030503
198|2025-02-11|1257824
198|2025-02-12|1204668
198|2025-02-13|1237700
198|2025-02-14|1500267
198|2025-02-17|1858772
198|2025-02-18|1162934
198|2025-02-19|1189828
198|2025-02-20|1238859
198|2025-02-21|1267169
198|2025-02-24|1793872
198|2025-02-25|978551
198|2025-02-26|1117908
198|2025-02-27|1514231
198|2025-02-28|2180908
198|2025-03-03|2871143
198|2025-03-04|1673911
198|2025-03-05|1836919
198|2025-03-07|1586055
198|2025-03-10|2173104
198|2025-03-11|1318230
198|2025-03-12|1252200
198|2025-03-13|1274212
198|2025-03-14|1552589
198|2025-03-17|2036141
198|2025-03-18|1230963
198|2025-03-19|1296381
198|2025-03-20|1329256
198|2025-03-21|1398125
198|2025-03-24|1956389
198|2025-03-25|1259869
198|2025-03-26|1231134
198|2025-03-27|1304977
198|2025-03-28|1746043
198|2025-03-31|3023318
198|2025-04-01|1995478
198|2025-04-02|1706631
198|2025-04-03|1568708
198|2025-04-04|1834552
198|2025-04-07|2533609
198|2025-04-08|1399593
198|2025-04-09|1355261
198|2025-04-10|1376180
198|2025-04-11|1417840
198|2025-04-14|2026623
198|2025-04-15|1479145
198|2025-04-16|1405346
198|2025-04-17|1525934
198|2025-04-21|2213192
198|2025-04-22|1238702
198|2025-04-23|1183893
198|2025-04-24|1264588
198|2025-04-25|1473762
198|2025-04-28|2076517
198|2025-04-29|1602195
198|2025-04-30|2411003
198|2025-05-02|2492474
198|2025-05-05|2908912
198|2025-05-06|1759044
198|2025-05-07|1523527
198|2025-05-08|1414272
198|2025-05-09|1553256
198|2025-05-12|2209870
198|2025-05-13|1317672
198|2025-05-14|1294478
198|2025-05-15|1486630
198|2025-05-16|1551407
198|2025-05-19|2044589
198|2025-05-20|1362058
198|2025-05-22|1639986
198|2025-05-23|1416021
198|2025-05-26|1958447
198|2025-05-27|1214395
198|2025-05-28|1300582
198|2025-05-29|1537105
198|2025-05-30|2406950
198|2025-06-02|3061752
198|2025-06-03|1704939
198|2025-06-04|1662373
198|2025-06-05|1842515
198|2025-06-06|1769089
198|2025-06-09|2233685
198|2025-06-10|1413198
198|2025-06-11|1315013
198|2025-06-12|1248140
198|2025-06-13|1569017
198|2025-06-16|2029770
198|2025-06-17|1250124
198|2025-06-18|1252374
198|2025-06-19|1496441
198|2025-06-23|2321676
198|2025-06-24|1277299
198|2025-06-25|1275184
198|2025-06-26|1279765
198|2025-06-27|1638928
198|2025-06-30|2983584
198|2025-07-01|1907118
198|2025-07-02|1758666
198|2025-07-03|1627448
198|2025-07-04|1826987
198|2025-07-07|2552135
198|2025-07-08|1465760
198|2025-07-09|1361009
198|2025-07-10|1374646
198|2025-07-11|1439224
198|2025-07-14|2042233
198|2025-07-15|1556595
198|2025-07-17|1726654
198|2025-07-18|1478568
198|2025-07-21|2072709
198|2025-07-22|1264107
198|2025-07-23|1220161
198|2025-07-24|1279580
198|2025-07-25|1397303
198|2025-07-28|2027302
198|2025-07-29|1309170
198|2025-07-30|1626027
198|2025-07-31|2306858
198|2025-08-01|2207839
198|2025-08-04|2801915
198|2025-08-05|1948005
198|2025-08-06|1716269
198|2025-08-07|1557222
198|2025-08-08|1588833
198|2025-08-11|2233724
198|2025-08-12|1341318
198|2025-08-13|1339040
198|2025-08-14|1635889
198|2025-08-18|2484681
198|2025-08-19|1360487
198|2025-08-20|1386862
198|2025-08-21|1287626
198|2025-08-22|1327484
198|2025-08-25|2075294
198|2025-08-26|1312145
198|2025-08-27|1337861
198|2025-08-28|1640894
198|2025-08-29|2384212
198|2025-09-01|3161474
198|2025-09-02|1789645
198|2025-09-03|1655538
198|2025-09-04|1655484
198|2025-09-05|2078834
198|2025-09-08|2528121
198|2025-09-09|1488778
198|2025-09-10|1512229
198|2025-09-11|1482632
198|2025-09-12|1662930
198|2025-09-15|2590531
198|2025-09-16|1800687
198|2025-09-17|1700733
198|2025-09-22|2444013
198|2025-09-23|1282913
198|2025-09-24|1277977
198|2025-09-25|1317208
198|2025-09-26|1484758
198|2025-09-29|2367108
198|2025-09-30|2402946
198|2025-10-01|2234603
198|2025-10-02|1892475
198|2025-10-03|1981984
198|2025-10-06|2847704
198|2025-10-07|1661290
198|2025-10-08|1564579
198|2025-10-09|1469986
198|2025-10-10|1562323
198|2025-10-13|2169115
198|2025-10-14|1345688
198|2025-10-15|1575344
198|2025-10-16|1424923
198|2025-10-17|1514643
198|2025-10-20|2202402
198|2025-10-21|1378106
198|2025-10-22|1299064
198|2025-10-23|1275857
198|2025-10-24|1449392
198|2025-10-27|2052435
198|2025-10-28|1392387
198|2025-10-29|1652182
198|2025-10-30|2441023
198|2025-11-03|3514342
198|2025-11-04|1788323
198|2025-11-05|1961591
198|2025-11-06|1742720
198|2025-11-07|1687772
198|2025-11-10|2327311
198|2025-11-11|1403914
198|2025-11-12|1338970
198|2025-11-13|1357545
198|2025-11-14|1655562
198|2025-11-17|2134778
198|2025-11-18|1325689
198|2025-11-19|1392017
198|2025-11-20|1406284
198|2025-11-21|1479076
198|2025-11-24|2067118
198|2025-11-25|1377859
198|2025-11-26|1378078
198|2025-11-27|1580159
198|2025-11-28|2451957
198|2025-12-01|3210221
198|2025-12-02|1836045
198|2025-12-03|1665723
198|2025-12-04|1723811
198|2025-12-05|2089338
198|2025-12-09|2937533
198|2025-12-10|1592435
198|2025-12-11|1509849
198|2025-12-12|1632641
198|2025-12-15|2531000
198|2025-12-16|1571629
198|2025-12-17|1476701
198|2025-12-18|1498234
198|2025-12-19|1771307
198|2025-12-22|2585762
198|2025-12-23|1746067
198|2025-12-24|1633000
198|2025-12-26|1535051
198|2025-12-29|2346330
198|2025-12-30|2403493
198|2026-01-02|2740798
198|2026-01-05|2671641
198|2026-01-06|1727058
198|2026-01-07|1537577
198|2026-01-08|1435280
198|2026-01-09|1508941
198|2026-01-12|2099404
198|2026-01-13|1318418
198|2026-01-14|1295288
198|2026-01-15|1539940
198|2026-01-16|1528281
198|2026-01-19|2063161
198|2026-01-20|1378855
198|2026-01-21|1296491
198|2026-01-22|1254565
198|2026-01-23|1421329
198|2026-01-26|1956045
198|2026-01-27|1277305
198|2026-01-28|1336897
198|2026-01-29|1551967
198|2026-01-30|2312059
198|2026-02-02|2856681
198|2026-02-03|1626054
198|2026-02-04|1569093
198|2026-02-05|1795014
198|2026-02-06|1729026
198|2026-02-09|2141533
198|2026-02-10|1354131
198|2026-02-11|1277223
198|2026-02-12|1266329
198|2026-02-13|1531340
198|2026-02-16|2030547
198|2026-02-17|1216628
198|2026-02-18|1200277
198|2026-02-19|1253510
198|2026-02-20|1403782
198|2026-02-23|1910341
198|2026-02-24|1213610
198|2026-02-25|1333182
198|2026-02-26|1485325
198|2026-02-27|2298547
198|2026-03-02|2958061
198|2026-03-03|1739090
198|2026-03-04|1631087
198|2026-03-05|1860733
198|2026-03-06|1815165
198|2026-03-09|2293283
198|2026-03-10|1435858
198|2026-03-11|1315523
198|2026-03-12|1297301
198|2026-03-13|1593912
198|2026-03-16|2142040
198|2026-03-17|1295149
198|2026-03-18|1269376
198|2026-03-19|1345629
198|2026-03-20|1501713
198|2026-03-23|2028995
198|2026-03-24|1336423
198|2026-03-25|2832484
198|2026-03-26|1328432
198|2026-03-27|1458258
198|2026-03-30|2533165
198|2026-03-31|2388349
198|2026-04-01|2205528
198|2026-04-02|2133892
198|2026-04-06|3141460
198|2026-04-07|1594564
198|2026-04-08|1491091
198|2026-04-09|1414855
198|2026-04-10|1559009
198|2026-04-13|2139718
198|2026-04-14|1307706
198|2026-04-15|1543756
198|2026-04-16|1411035
198|2026-04-17|1514533
198|2026-04-20|2192365
198|2026-04-21|1318725
198|2026-04-22|1273322
198|2026-04-23|1261348
198|2026-04-24|1494479
198|2026-04-27|2130882
198|2026-04-28|1408554
199|2023-09-28|1104035
199|2023-09-29|1222446
199|2023-10-02|1197872
199|2023-10-03|1184898
199|2023-10-04|1254205
199|2023-10-05|1150451
199|2023-10-06|1196910
199|2023-10-10|1022083
199|2023-10-11|1016343
199|2023-10-12|1091637
199|2023-10-13|1131988
199|2023-10-16|1006307
199|2023-10-17|1024840
199|2023-10-18|1024083
199|2023-10-19|1039877
199|2023-10-20|1113296
199|2023-10-23|959725
199|2023-10-24|998891
199|2023-10-25|1045300
199|2023-10-26|1117169
199|2023-10-30|1049293
199|2023-10-31|1168473
199|2023-11-03|1162588
199|2023-11-04|1262492
199|2023-11-06|1062320
199|2023-11-08|1067443
199|2023-11-09|1099063
199|2023-11-10|1109250
199|2023-11-11|1091327
199|2023-11-13|1020633
199|2023-11-14|1014213
199|2023-11-15|1058904
199|2023-11-16|1121782
199|2023-11-17|1126392
199|2023-11-20|993847
199|2023-11-21|1022594
199|2023-11-22|1680227
199|2023-11-23|1094264
199|2023-11-24|1250250
199|2023-11-27|1047642
199|2023-11-28|1058948
199|2023-11-29|1109952
199|2023-11-30|1258894
199|2023-12-01|1341980
199|2023-12-04|1249550
199|2023-12-05|1214072
199|2023-12-06|1242961
199|2023-12-07|1306126
199|2023-12-11|1149367
199|2023-12-12|1172704
199|2023-12-13|1202337
199|2023-12-14|1207834
199|2023-12-15|1332627
199|2023-12-18|1251455
199|2023-12-19|1282528
199|2023-12-20|1287888
199|2023-12-21|1347861
199|2023-12-22|1462627
199|2023-12-26|1064219
199|2023-12-27|1112065
199|2024-12-28|1217245
199|2024-12-29|1371894
199|2024-01-02|1128633
199|2024-01-03|1193735
199|2024-01-04|1234654
199|2024-01-05|1239819
199|2024-01-08|1104991
199|2024-01-09|1099712
199|2024-01-10|1127998
199|2024-01-11|1153669
199|2024-01-12|1180646
199|2024-01-15|1070680
199|2024-01-16|976075
199|2024-01-17|1087129
199|2024-01-18|1132534
199|2024-01-19|1179377
199|2024-01-22|1037248
199|2024-01-23|1058629
199|2024-01-24|1083360
199|2024-01-25|1121765
199|2024-01-26|1173124
199|2024-01-29|1061522
199|2024-01-30|1161330
199|2024-01-31|1266784
199|2024-02-01|1349602
199|2024-02-02|1348410
199|2024-02-05|1170112
199|2024-02-06|1104966
199|2024-02-07|1142063
199|2024-02-08|1140708
199|2024-02-09|1199601
199|2024-02-12|1062175
199|2024-02-13|1114465
199|2024-02-14|1152421
199|2024-02-15|1122590
199|2024-02-16|1174553
199|2024-02-19|1055861
199|2024-02-20|1053316
199|2024-02-21|1063000
199|2024-02-22|1073646
199|2024-02-23|1143386
199|2024-02-26|1043690
199|2024-02-27|1085629
199|2024-02-28|1167199
199|2024-02-29|1300283
199|2024-03-01|1414882
199|2024-03-04|1290308
199|2024-03-05|1217341
199|2024-03-06|1197236
199|2024-03-07|1228078
199|2024-03-08|1260788
199|2024-03-11|1126293
199|2024-03-12|1090155
199|2024-03-13|1119851
199|2024-03-14|1138425
199|2024-03-15|1237106
199|2024-03-18|1104969
199|2024-03-19|1112197
199|2024-03-20|1100790
199|2024-03-21|1133092
199|2024-03-22|1228264
199|2024-03-25|1103603
199|2024-03-26|1140137
199|2024-03-27|1223800
199|2024-03-28|1503185
199|2024-04-01|1231245
199|2024-04-02|1170727
199|2024-04-03|1198494
199|2024-04-04|1248817
199|2024-04-05|1316721
199|2024-04-08|1111703
199|2024-04-09|1132420
199|2024-04-10|1133509
199|2024-04-11|1150602
199|2024-04-12|1199505
199|2024-04-15|1054491
199|2024-04-16|1072816
199|2024-04-17|1094464
199|2024-04-18|1121958
199|2024-04-19|1190073
199|2024-04-22|1018162
199|2024-04-23|1051531
199|2024-04-24|1074288
199|2024-04-25|1105728
199|2024-04-26|1226345
199|2024-04-29|1095552
199|2024-04-30|1277200
199|2024-05-02|1340173
199|2024-05-03|1386463
199|2024-05-06|1160421
199|2024-05-07|1094936
199|2024-05-08|1144828
199|2024-05-09|1210677
199|2024-05-10|1292540
199|2024-05-13|1044610
199|2024-05-14|1077085
199|2024-05-15|1108992
199|2024-05-16|1164264
199|2024-05-17|1214159
199|2024-05-20|1035858
199|2024-05-22|964642
199|2024-05-23|1061312
199|2024-05-24|1181606
199|2024-05-27|1036805
199|2024-05-28|1074744
199|2024-05-29|1077082
199|2024-05-30|1167254
199|2024-05-31|1344287
199|2024-06-03|1329884
199|2024-06-04|1320150
199|2024-06-05|1251192
199|2024-06-06|1202617
199|2024-06-07|1266032
199|2024-06-10|1088769
199|2024-06-11|1098498
199|2024-06-12|1105460
199|2024-06-13|894093
199|2024-06-14|1097709
199|2024-06-17|1036629
199|2024-06-18|1045576
199|2024-06-19|1113510
199|2024-06-21|1016331
199|2024-06-24|1040095
199|2024-06-25|1083275
199|2024-06-26|1068546
199|2024-06-27|1137085
199|2024-06-28|1366592
199|2024-07-01|1159039
199|2024-07-02|1208785
199|2024-07-03|1212260
199|2024-07-04|1258235
199|2024-07-05|1285692
199|2024-07-08|1123334
199|2024-07-09|1109324
199|2024-07-10|1116221
199|2024-07-11|1141434
199|2024-07-12|1204308
199|2024-07-15|1105917
199|2024-07-17|1070131
199|2024-07-18|1109532
199|2024-07-19|1179658
199|2024-07-22|1031099
199|2024-07-23|1045479
199|2024-07-24|1079163
199|2024-07-25|1112040
199|2024-07-26|1198793
199|2024-07-29|1051776
199|2024-07-30|1146399
199|2024-07-31|1242370
199|2024-08-01|1303392
199|2024-08-02|1200826
199|2024-08-05|1140438
199|2024-08-06|1156462
199|2024-08-07|1189037
199|2024-08-08|1193195
199|2024-08-09|1292868
199|2024-08-12|1121322
199|2024-08-13|1127169
199|2024-08-14|1189619
199|2024-08-16|1225381
199|2024-08-19|1100335
199|2024-08-20|1093104
199|2024-08-21|1097209
199|2024-08-22|1131000
199|2024-08-23|1223543
199|2024-08-26|1112220
199|2024-08-27|1122066
199|2024-08-28|1173252
199|2024-08-29|1240394
199|2024-08-30|1425916
199|2024-09-02|1264447
199|2024-09-03|1272833
199|2024-09-04|1323021
199|2024-09-05|1304824
199|2024-09-06|1351461
199|2024-09-09|1194947
199|2024-09-10|1222058
199|2024-09-11|1236632
199|2024-09-12|1215040
199|2024-09-13|1346005
199|2024-09-16|1325762
199|2024-09-17|1450984
199|2024-09-23|1125220
199|2024-09-24|1156021
199|2024-09-25|1169917
199|2024-09-26|1163323
199|2024-09-27|1339413
199|2024-09-30|1396445
199|2024-10-01|1445131
199|2024-10-02|1389117
199|2024-10-03|1425189
199|2024-10-04|1354828
199|2024-10-07|1201620
199|2024-10-08|1189547
199|2024-10-09|1206780
199|2024-10-10|1281998
199|2024-10-11|1310456
199|2024-10-14|1176040
199|2024-10-15|1213597
199|2024-10-16|1229548
199|2024-10-17|1254020
199|2024-10-18|48065758
199|2024-10-21|1154758
199|2024-10-22|1177700
199|2024-10-23|1182319
199|2024-10-24|1252043
199|2024-10-25|1358323
199|2024-10-28|1258619
199|2024-10-29|1333034
199|2024-10-30|1513044
199|2024-11-04|1323556
199|2024-11-05|1376827
199|2024-11-06|1331402
199|2024-11-07|1346005
199|2024-11-08|1442914
199|2024-11-11|1261167
199|2024-11-12|1241760
199|2024-11-13|1283425
199|2024-11-14|1284452
199|2024-11-15|1374976
199|2024-11-18|1228057
199|2024-11-19|1236240
199|2024-11-20|1231232
199|2024-11-21|1279792
199|2024-11-22|1365084
199|2024-11-25|1250322
199|2024-11-26|1245820
199|2024-11-27|1289774
199|2024-11-28|1394907
199|2024-11-29|1663688
199|2024-12-02|1450086
199|2024-12-03|1431017
199|2024-12-04|1479889
199|2024-12-05|1410559
199|2024-12-06|1456236
199|2024-12-09|6157985
199|2024-12-10|2112904
199|2024-12-11|2139927
199|2024-12-12|2142123
199|2024-12-13|2258111
199|2024-12-16|6269460
199|2024-12-17|2123199
199|2024-12-18|2188408
199|2024-12-19|2247805
199|2024-12-20|2404563
199|2024-12-23|6897655
199|2024-12-24|2617779
199|2024-12-26|2686523
199|2024-12-27|2002715
199|2024-12-30|6161841
199|2025-01-02|5454328
199|2025-01-03|2269051
199|2025-01-06|5783811
199|2025-01-07|2043959
199|2025-01-08|1999949
199|2025-01-09|2065788
199|2025-01-10|2140371
199|2025-01-13|5363929
199|2025-01-14|1925363
199|2025-01-15|1973150
199|2025-01-16|2063277
199|2025-01-17|2102298
199|2025-01-20|5563737
199|2025-01-21|1901266
199|2025-01-22|1913978
199|2025-01-23|1945428
199|2025-01-24|2064958
199|2025-01-27|5112553
199|2025-01-28|1931680
199|2025-01-29|1959736
199|2025-01-30|2085030
199|2025-01-31|2322390
199|2025-02-03|6586098
199|2025-02-04|2216773
199|2025-02-05|2162946
199|2025-02-06|2187705
199|2025-02-07|2211567
199|2025-02-10|5768243
199|2025-02-11|2001347
199|2025-02-12|1993494
199|2025-02-13|2030336
199|2025-02-14|2178163
199|2025-02-17|5657160
199|2025-02-18|1944121
199|2025-02-19|1925456
199|2025-02-20|1951948
199|2025-02-21|2063324
199|2025-02-24|5462661
199|2025-02-25|1734386
199|2025-02-26|1624366
199|2025-02-27|2120499
199|2025-02-28|2408762
199|2025-03-03|6720805
199|2025-03-04|2287650
199|2025-03-05|2199703
199|2025-03-06|2172422
199|2025-03-07|2227028
199|2025-03-10|6024185
199|2025-03-11|1992321
199|2025-03-12|1964511
199|2025-03-13|1986583
199|2025-03-14|2121955
199|2025-03-17|5797695
199|2025-03-18|1931576
199|2025-03-19|1948780
199|2025-03-20|1979917
199|2025-03-21|2097523
199|2025-03-24|5662368
199|2025-03-25|1925701
199|2025-03-26|1953359
199|2025-03-27|2006762
199|2025-03-28|2223896
199|2025-03-31|6295884
199|2025-04-01|2305606
199|2025-04-02|2175209
199|2025-04-03|2240088
199|2025-04-04|2220239
199|2025-04-07|6094779
199|2025-04-08|1987870
199|2025-04-09|1952283
199|2025-04-10|2015896
199|2025-04-11|2074165
199|2025-04-14|5656081
199|2025-04-15|1843073
199|2025-04-16|1965950
199|2025-04-17|2141814
199|2025-04-21|6737198
199|2025-04-22|1817253
199|2025-04-23|1854618
199|2025-04-24|1906878
199|2025-04-25|2062693
199|2025-04-28|5715563
199|2025-04-29|1983503
199|2025-04-30|2292005
199|2025-05-02|4087030
199|2025-05-05|6347051
199|2025-05-06|2100686
199|2025-05-07|2045775
199|2025-05-08|1961147
199|2025-05-09|2224928
199|2025-05-12|6017536
199|2025-05-13|1878509
199|2025-05-14|1891410
199|2025-05-15|1985166
199|2025-05-16|2133499
199|2025-05-19|5576006
199|2025-05-20|1905765
199|2025-05-22|3615070
199|2025-05-23|2032852
199|2025-05-26|5524561
199|2025-05-27|1817610
199|2025-05-28|1916812
199|2025-05-29|2012785
199|2025-05-30|2280417
199|2025-06-02|6708534
199|2025-06-03|2247885
199|2025-06-04|2302919
199|2025-06-05|2247646
199|2025-06-06|2226269
199|2025-06-09|5914667
199|2025-06-10|1987351
199|2025-06-11|1990368
199|2025-06-12|1858696
199|2025-06-13|11697
199|2025-06-16|5587700
199|2025-06-17|1843397
199|2025-06-18|1891220
199|2025-06-19|2030337
199|2025-06-23|7123723
199|2025-06-24|1874515
199|2025-06-25|1929518
199|2025-06-26|1963757
199|2025-06-27|2116188
199|2025-06-30|5940333
199|2025-07-01|2272045
199|2025-07-02|2234919
199|2025-07-03|2283938
199|2025-07-04|2261216
199|2025-07-07|6093836
199|2025-07-08|2016317
199|2025-07-09|1975914
199|2025-07-10|2003859
199|2025-07-11|2085001
199|2025-07-14|5588208
199|2025-07-15|1928112
199|2025-07-17|3699836
199|2025-07-18|2003341
199|2025-07-21|5520996
199|2025-07-22|1835165
199|2025-07-23|1864631
199|2025-07-24|1901318
199|2025-07-25|2025675
199|2025-07-28|5535428
199|2025-07-29|1843146
199|2025-07-30|1894764
199|2025-07-31|2076513
199|2025-08-01|2324782
199|2025-08-04|6269376
199|2025-08-05|2104218
199|2025-08-06|2111433
199|2025-08-07|2115903
199|2025-08-08|2238300
199|2025-08-11|6003650
199|2025-08-12|1916951
199|2025-08-13|1968307
199|2025-08-14|2097655
199|2025-08-18|7405567
199|2025-08-19|1882147
199|2025-08-20|1923468
199|2025-08-21|1903937
199|2025-08-22|1914224
199|2025-08-25|5593731
199|2025-08-26|1935842
199|2025-08-27|1986990
199|2025-08-28|2062577
199|2025-08-29|2335425
199|2025-09-01|6581771
199|2025-09-02|2152434
199|2025-09-03|2156150
199|2025-09-04|2246573
199|2025-09-05|2320634
199|2025-09-08|6035797
199|2025-09-09|1945192
199|2025-09-10|2055713
199|2025-09-11|2140603
199|2025-09-12|2162352
199|2025-09-15|6128675
199|2025-09-16|2301045
199|2025-09-17|2388819
199|2025-09-22|7703776
199|2025-09-23|1948832
199|2025-09-24|1983222
199|2025-09-25|2039744
199|2025-09-26|2092054
199|2025-09-29|5879530
199|2025-09-30|2244277
199|2025-10-01|2424521
199|2025-10-02|2428047
199|2025-10-03|2409800
199|2025-10-06|6481858
199|2025-10-07|2231286
199|2025-10-08|2258049
199|2025-10-09|2253752
199|2025-10-10|2220140
199|2025-10-13|5903922
199|2025-10-14|1969051
199|2025-10-15|2014646
199|2025-10-16|2108912
199|2025-10-17|2197893
199|2025-10-20|5832018
199|2025-10-21|1953847
199|2025-10-22|1987785
199|2025-10-23|2010531
199|2025-10-24|2134708
199|2025-10-27|5811786
199|2025-10-28|2002797
199|2025-10-29|2109542
199|2025-10-30|2382578
199|2025-11-03|8523760
199|2025-11-04|2246853
199|2025-11-05|2198850
199|2025-11-06|2191095
199|2025-11-07|2258139
199|2025-11-10|6084529
199|2025-11-11|2030092
199|2025-11-12|2022208
199|2025-11-13|2055268
199|2025-11-14|2202256
199|2025-11-17|5696181
199|2025-11-18|2045116
199|2025-11-19|2054054
199|2025-11-20|2073221
199|2025-11-21|2192168
199|2025-11-24|5875169
199|2025-11-25|1989981
199|2025-11-26|2051159
199|2025-11-27|2132497
199|2025-11-28|2550822
199|2025-12-01|7182857
199|2025-12-02|2316128
199|2025-12-03|2310673
199|2025-12-04|2369312
199|2025-12-05|2445567
199|2025-12-09|8272648
199|2025-12-10|2192961
199|2025-12-11|2216561
199|2025-12-12|2298276
199|2025-12-15|6036807
199|2025-12-16|2249445
199|2025-12-17|2260891
199|2025-12-18|2359934
199|2025-12-19|2429027
199|2025-12-22|6877651
199|2025-12-23|2629543
199|2025-12-24|2724515
199|2025-12-26|2933782
199|2025-12-29|5870630
199|2025-12-30|2414925
199|2026-01-02|5851737
199|2026-01-05|5945023
199|2026-01-06|2180356
199|2026-01-07|2134233
199|2026-01-08|2157803
199|2026-01-09|2256687
199|2026-01-12|5928598
199|2026-01-13|2018268
199|2026-01-14|2028140
199|2026-01-15|2095538
199|2026-01-16|2248513
199|2026-01-19|5844710
199|2026-01-20|1988742
199|2026-01-21|1993125
199|2026-01-22|2022527
199|2026-01-23|2128907
199|2026-01-26|5686745
199|2026-01-27|1983497
199|2026-01-28|2059870
199|2026-01-29|2140393
199|2026-01-30|2350546
199|2026-02-02|6602574
199|2026-02-03|2192829
199|2026-02-04|2251157
199|2026-02-05|2205478
199|2026-02-06|2306454
199|2026-02-09|5911690
199|2026-02-10|2051885
199|2026-02-11|2073852
199|2026-02-12|2071479
199|2026-02-13|2192162
199|2026-02-16|5961567
199|2026-02-17|1976681
199|2026-02-18|2016652
199|2026-02-19|2013847
199|2026-02-20|2096393
199|2026-02-23|5597043
199|2026-02-24|1942979
199|2026-02-25|2039931
199|2026-02-26|2096220
199|2026-02-27|2366886
199|2026-03-02|6851333
199|2026-03-03|2253237
199|2026-03-04|2279888
199|2026-03-05|2206446
199|2026-03-06|2311672
199|2026-03-09|6052395
199|2026-03-10|2034163
199|2026-03-11|2016069
199|2026-03-12|2011888
199|2026-03-13|2166112
199|2026-03-16|5812830
199|2026-03-17|1904912
199|2026-03-18|1978155
199|2026-03-19|1977715
199|2026-03-20|2088474
199|2026-03-23|5574103
199|2026-03-24|1959985
199|2026-03-25|2042430
199|2026-03-26|2005689
199|2026-03-27|2080331
199|2026-03-30|5944021
199|2026-03-31|2227838
199|2026-04-01|2452110
199|2026-04-02|2510519
199|2026-04-06|7634347
199|2026-04-07|2005578
199|2026-04-08|2020244
199|2026-04-09|2038183
199|2026-04-10|2124915
199|2026-04-13|5702128
199|2026-04-14|1861591
199|2026-04-15|1925656
199|2026-04-16|2027252
199|2026-04-17|2073791
199|2026-04-20|5638068
199|2026-04-21|1848911
199|2026-04-22|1891579
199|2026-04-23|1935874
199|2026-04-24|2083792
199|2026-04-27|5646399
199|2026-04-28|1892599
200|2023-09-28|6662
200|2023-09-29|12537
200|2023-10-02|19140
200|2023-10-03|11684
200|2023-10-04|11549
200|2023-10-05|11130
200|2023-10-06|11752
200|2023-10-10|18228
200|2023-10-11|11735
200|2023-10-12|10492
200|2023-10-13|10723
200|2023-10-16|14106
200|2023-10-17|9582
200|2023-10-18|9111
200|2023-10-19|7804
200|2023-10-20|9658
200|2023-10-23|13684
200|2023-10-24|9329
200|2023-10-25|11213
200|2023-10-26|10351
200|2023-10-30|19253
200|2023-10-31|13265
200|2023-11-03|18097
200|2023-11-04|12497
200|2023-11-06|18749
200|2023-11-08|11618
200|2023-11-09|9172
200|2023-11-10|10811
200|2023-11-11|10618
200|2023-11-13|14588
200|2023-11-14|10763
200|2023-11-15|11036
200|2023-11-16|10005
200|2023-11-17|8647
200|2023-11-20|14084
200|2023-11-21|8916
200|2023-11-22|10101
200|2023-11-23|9129
200|2023-11-24|10567
200|2023-11-27|12578
200|2023-11-28|9628
200|2023-11-29|11689
200|2023-11-30|1644
200|2023-12-01|10468
200|2023-12-04|19391
200|2023-12-05|11857
200|2023-12-06|11242
200|2023-12-07|11921
200|2023-12-11|17837
200|2023-12-12|11226
200|2023-12-13|10498
200|2023-12-14|10679
200|2023-12-15|11764
200|2023-12-18|12973
200|2023-12-19|10710
200|2023-12-20|10517
200|2023-12-21|10169
200|2023-12-22|10866
200|2023-12-26|16345
200|2023-12-27|11014
200|2024-12-28|10825
200|2024-12-29|13920
200|2024-01-02|20166
200|2024-01-03|14501
200|2024-01-04|12330
200|2024-01-05|13191
200|2024-01-08|15880
200|2024-01-09|10452
200|2024-01-10|10751
200|2024-01-11|10306
200|2024-01-12|9587
200|2024-01-15|15746
200|2024-01-16|9789
200|2024-01-17|9388
200|2024-01-18|10004
200|2024-01-19|10703
200|2024-01-22|8517
200|2024-01-23|9561
200|2024-01-24|8541
200|2024-01-25|9675
200|2024-01-26|10085
200|2024-01-29|15755
200|2024-01-30|10242
200|2024-01-31|11259
200|2024-02-01|12333
200|2024-02-02|12807
200|2024-02-05|18075
200|2024-02-06|9813
200|2024-02-07|11594
200|2024-02-08|10053
200|2024-02-09|10761
200|2024-02-12|15457
200|2024-02-13|9618
200|2024-02-14|9707
200|2024-02-15|9877
200|2024-02-16|8959
200|2024-02-19|15013
200|2024-02-20|9189
200|2024-02-21|9137
200|2024-02-22|8821
200|2024-02-23|9192
200|2024-02-26|14254
200|2024-02-27|9513
200|2024-02-28|11169
200|2024-02-29|11093
200|2024-03-01|11502
200|2024-03-04|18267
200|2024-03-05|11470
200|2024-03-06|12311
200|2024-03-07|10695
200|2024-03-08|11906
200|2024-03-11|15820
200|2024-03-12|9019
200|2024-03-13|10251
200|2024-03-14|10104
200|2024-03-15|9978
200|2024-03-18|14607
200|2024-03-19|10043
200|2024-03-20|9559
200|2024-03-21|9436
200|2024-03-22|9258
200|2024-03-25|14562
200|2024-03-26|9509
200|2024-03-27|9493
200|2024-03-28|11669
200|2024-04-01|22043
200|2024-04-02|11579
200|2024-04-03|11869
200|2024-04-04|11104
200|2024-04-05|12264
200|2024-04-08|16576
200|2024-04-09|9925
200|2024-04-10|10683
200|2024-04-11|9742
200|2024-04-12|10154
200|2024-04-15|14383
200|2024-04-16|8590
200|2024-04-17|9467
200|2024-04-18|9505
200|2024-04-19|9742
200|2024-04-22|14144
200|2024-04-23|8405
200|2024-04-24|9225
200|2024-04-25|9425
200|2024-04-26|9469
200|2024-04-29|14474
200|2024-04-30|10473
200|2024-05-02|18033
200|2024-05-03|12122
200|2024-05-06|17980
200|2024-05-07|10208
200|2024-05-08|10704
200|2024-05-09|10515
200|2024-05-10|10542
200|2024-05-13|14661
200|2024-05-14|9222
200|2024-05-15|10150
200|2024-05-16|8926
200|2024-05-17|9915
200|2024-05-20|13582
200|2024-05-22|13071
200|2024-05-23|8976
200|2024-05-24|10013
200|2024-05-27|14605
200|2024-05-28|7855
200|2024-05-29|9563
200|2024-05-30|9523
200|2024-05-31|9510
200|2024-06-03|20491
200|2024-06-04|10476
200|2024-06-05|10674
200|2024-06-06|11643
200|2024-06-07|10688
200|2024-06-10|16020
200|2024-06-11|9364
200|2024-06-12|9575
200|2024-06-13|8718
200|2024-06-14|9824
200|2024-06-17|13987
200|2024-06-18|8991
200|2024-06-19|9614
200|2024-06-21|12114
200|2024-06-24|13981
200|2024-06-25|7505
200|2024-06-26|10485
200|2024-06-27|9433
200|2024-06-28|9022
200|2024-07-01|16390
200|2024-07-02|10257
200|2024-07-03|12386
200|2024-07-04|10478
200|2024-07-05|11110
200|2024-07-08|16894
200|2024-07-09|10150
200|2024-07-10|10083
200|2024-07-11|9219
200|2024-07-12|9317
200|2024-07-15|13405
200|2024-07-17|12551
200|2024-07-18|9256
200|2024-07-19|9121
200|2024-07-22|13540
200|2024-07-23|8592
200|2024-07-24|9529
200|2024-07-25|8313
200|2024-07-26|9888
200|2024-07-29|13559
200|2024-07-30|8541
200|2024-07-31|11160
200|2024-08-01|10903
200|2024-08-02|11348
200|2024-08-05|17182
200|2024-08-06|10740
200|2024-08-07|10829
200|2024-08-08|9673
200|2024-08-09|9854
200|2024-08-12|14662
200|2024-08-13|9056
200|2024-08-14|8888
200|2024-08-16|12420
200|2024-08-19|13585
200|2024-08-20|8592
200|2024-08-21|9364
200|2024-08-22|8096
200|2024-08-23|9642
200|2024-08-26|13728
200|2024-08-27|8201
200|2024-08-28|9104
200|2024-08-29|8571
200|2024-08-30|11577
200|2024-09-02|18240
200|2024-09-03|9905
200|2024-09-04|11337
200|2024-09-05|9946
200|2024-09-06|10778
200|2024-09-09|15792
200|2024-09-10|9257
200|2024-09-11|9305
200|2024-09-12|8717
200|2024-09-13|8712
200|2024-09-16|14115
200|2024-09-17|9247
200|2024-09-23|20548
200|2024-09-24|10020
200|2024-09-25|9671
200|2024-09-26|8748
200|2024-09-27|8659
200|2024-09-30|15695
200|2024-10-01|10449
200|2024-10-02|11321
200|2024-10-03|9472
200|2024-10-04|10741
200|2024-10-07|13401
200|2024-10-08|9913
200|2024-10-09|11052
200|2024-10-10|9682
200|2024-10-11|9477
200|2024-10-14|13460
200|2024-10-15|8681
200|2024-10-16|9132
200|2024-10-17|8677
200|2024-10-18|86453
200|2024-10-21|10791
200|2024-10-22|8043
200|2024-10-23|8990
200|2024-10-24|8924
200|2024-10-25|8517
200|2024-10-28|13771
200|2024-10-29|9282
200|2024-10-30|11525
200|2024-11-04|22428
200|2024-11-05|11680
200|2024-11-06|10495
200|2024-11-07|9441
200|2024-11-08|10400
200|2024-11-11|14464
200|2024-11-12|8493
200|2024-11-13|9090
200|2024-11-14|8819
200|2024-11-15|8862
200|2024-11-18|12432
200|2024-11-19|7550
200|2024-11-20|8016
200|2024-11-21|7522
200|2024-11-22|8394
200|2024-11-25|13416
200|2024-11-26|8126
200|2024-11-27|7884
200|2024-11-28|8946
200|2024-11-29|10337
200|2024-12-02|14096
200|2024-12-03|8978
200|2024-12-04|10858
200|2024-12-05|9957
200|2024-12-06|9582
200|2024-12-09|15416
200|2024-12-10|8959
200|2024-12-11|9279
200|2024-12-12|8902
200|2024-12-13|8948
200|2024-12-16|13422
200|2024-12-17|7318
200|2024-12-18|8061
200|2024-12-19|8442
200|2024-12-20|8529
200|2024-12-23|13366
200|2024-12-24|7655
200|2024-12-26|11003
200|2024-12-27|9629
200|2024-12-30|16275
200|2025-01-02|8538
200|2025-01-03|11024
200|2025-01-06|16658
200|2025-01-07|9412
200|2025-01-08|9735
200|2025-01-09|9401
200|2025-01-10|8998
200|2025-01-13|14104
200|2025-01-14|7976
200|2025-01-15|8731
200|2025-01-16|8043
200|2025-01-17|8279
200|2025-01-20|12330
200|2025-01-21|7884
200|2025-01-22|8313
200|2025-01-23|8277
200|2025-01-24|7558
200|2025-01-27|12062
200|2025-01-28|9239
200|2025-01-29|8758
200|2025-01-30|8268
200|2025-01-31|8791
200|2025-02-03|17860
200|2025-02-04|8795
200|2025-02-05|9719
200|2025-02-06|10095
200|2025-02-07|9673
200|2025-02-10|14094
200|2025-02-11|8820
200|2025-02-12|9116
200|2025-02-13|7849
200|2025-02-14|8861
200|2025-02-17|12490
200|2025-02-18|7939
200|2025-02-19|8320
200|2025-02-20|7624
200|2025-02-21|8460
200|2025-02-24|12029
200|2025-02-25|7869
200|2025-02-26|7999
200|2025-02-27|9137
200|2025-02-28|1143
200|2025-03-03|15623
200|2025-03-04|9335
200|2025-03-05|10412
200|2025-03-06|9727
200|2025-03-07|10519
200|2025-03-10|15338
200|2025-03-11|8562
200|2025-03-12|8742
200|2025-03-13|8420
200|2025-03-14|9213
200|2025-03-17|12960
200|2025-03-18|8190
200|2025-03-19|8524
200|2025-03-20|8253
200|2025-03-21|8637
200|2025-03-24|12604
200|2025-03-25|7559
200|2025-03-26|8031
200|2025-03-27|7733
200|2025-03-28|9568
200|2025-03-31|15934
200|2025-04-01|8677
200|2025-04-02|10265
200|2025-04-03|9218
200|2025-04-04|10214
200|2025-04-07|15389
200|2025-04-08|9371
200|2025-04-09|9193
200|2025-04-10|9016
200|2025-04-11|9023
200|2025-04-14|13596
200|2025-04-15|8180
200|2025-04-16|7826
200|2025-04-17|8580
200|2025-04-21|15347
200|2025-04-22|8479
200|2025-04-23|8719
200|2025-04-24|7988
200|2025-04-25|8361
200|2025-04-28|13682
200|2025-04-29|8708
200|2025-04-30|11242
200|2025-05-02|14952
200|2025-05-05|16824
200|2025-05-06|8958
200|2025-05-07|10373
200|2025-05-08|8957
200|2025-05-09|9447
200|2025-05-12|14263
200|2025-05-13|8595
200|2025-05-14|8660
200|2025-05-15|8548
200|2025-05-16|8259
200|2025-05-19|12350
200|2025-05-20|7552
200|2025-05-22|11547
200|2025-05-23|8689
200|2025-05-26|13175
200|2025-05-27|7982
200|2025-05-28|8953
200|2025-05-29|8780
200|2025-05-30|1301
200|2025-06-02|16594
200|2025-06-03|9390
200|2025-06-04|10258
200|2025-06-05|9315
200|2025-06-06|10583
200|2025-06-09|14970
200|2025-06-10|8299
200|2025-06-11|9226
200|2025-06-12|8404
200|2025-06-13|2780
200|2025-06-16|12932
200|2025-06-17|7439
200|2025-06-18|7568
200|2025-06-19|7822
200|2025-06-23|14898
200|2025-06-24|8187
200|2025-06-25|7967
200|2025-06-26|8379
200|2025-06-27|8819
200|2025-06-30|16122
200|2025-07-01|9487
200|2025-07-02|10525
200|2025-07-03|10083
200|2025-07-04|9931
200|2025-07-07|16119
200|2025-07-08|8885
200|2025-07-09|9411
200|2025-07-10|8530
200|2025-07-11|9053
200|2025-07-14|13825
200|2025-07-15|7918
200|2025-07-17|11439
200|2025-07-18|8640
200|2025-07-21|11465
200|2025-07-22|7916
200|2025-07-23|8035
200|2025-07-24|8344
200|2025-07-25|7921
200|2025-07-28|13694
200|2025-07-29|8235
200|2025-07-30|8728
200|2025-07-31|10851
200|2025-08-01|10285
200|2025-08-04|14788
200|2025-08-05|8912
200|2025-08-06|10653
200|2025-08-07|9520
200|2025-08-08|9651
200|2025-08-11|14509
200|2025-08-12|8282
200|2025-08-13|8724
200|2025-08-14|8458
200|2025-08-18|15609
200|2025-08-19|7508
200|2025-08-20|7676
200|2025-08-21|7593
200|2025-08-22|8035
200|2025-08-25|13114
200|2025-08-26|8076
200|2025-08-27|8401
200|2025-08-28|8673
200|2025-08-29|9648
200|2025-09-01|17512
200|2025-09-02|9134
200|2025-09-03|9362
200|2025-09-04|9118
200|2025-09-05|9681
200|2025-09-08|14854
200|2025-09-09|8757
200|2025-09-10|9345
200|2025-09-11|8343
200|2025-09-12|8518
200|2025-09-15|12167
200|2025-09-16|8250
200|2025-09-17|9558
200|2025-09-22|17000
200|2025-09-23|8654
200|2025-09-24|8490
200|2025-09-25|8271
200|2025-09-26|8801
200|2025-09-29|14317
200|2025-09-30|5961
200|2025-10-01|11315
200|2025-10-02|9689
200|2025-10-03|9666
200|2025-10-06|15267
200|2025-10-07|8730
200|2025-10-08|9005
200|2025-10-09|8473
200|2025-10-10|8921
200|2025-10-13|12653
200|2025-10-14|7343
200|2025-10-15|8080
200|2025-10-16|7418
200|2025-10-17|8667
200|2025-10-20|10850
200|2025-10-21|7081
200|2025-10-22|8430
200|2025-10-23|7312
200|2025-10-24|8525
200|2025-10-27|12922
200|2025-10-28|7854
200|2025-10-29|9362
200|2025-10-30|10444
200|2025-11-03|20403
200|2025-11-04|9845
200|2025-11-05|10172
200|2025-11-06|9038
200|2025-11-07|9322
200|2025-11-10|14276
200|2025-11-11|8334
200|2025-11-12|8255
200|2025-11-13|7743
200|2025-11-14|7539
200|2025-11-17|11610
200|2025-11-18|7970
200|2025-11-19|7648
200|2025-11-20|6947
200|2025-11-21|7711
200|2025-11-24|12716
200|2025-11-25|7594
200|2025-11-26|8428
200|2025-11-27|7729
200|2025-11-28|9630
200|2025-12-01|14565
200|2025-12-02|7805
200|2025-12-03|11057
200|2025-12-04|9340
200|2025-12-05|9935
200|2025-12-09|16753
200|2025-12-10|9936
200|2025-12-11|8509
200|2025-12-12|8539
200|2025-12-15|12316
200|2025-12-16|8025
200|2025-12-17|7403
200|2025-12-18|7749
200|2025-12-19|8001
200|2025-12-22|12511
200|2025-12-23|7691
200|2025-12-24|8401
200|2025-12-26|10221
200|2025-12-29|14455
200|2025-12-30|1187
200|2026-01-02|17516
200|2026-01-05|17299
200|2026-01-06|9690
200|2026-01-07|8063
200|2026-01-08|9662
200|2026-01-09|8192
200|2026-01-12|13659
200|2026-01-13|8144
200|2026-01-14|8430
200|2026-01-15|8278
200|2026-01-16|7981
200|2026-01-19|12048
200|2026-01-20|7625
200|2026-01-21|7948
200|2026-01-22|7319
200|2026-01-23|8261
200|2026-01-26|11930
200|2026-01-27|7810
200|2026-01-28|8715
200|2026-01-29|8614
200|2026-01-30|9191
200|2026-02-02|16345
200|2026-02-03|9315
200|2026-02-04|9340
200|2026-02-05|9198
200|2026-02-06|8427
200|2026-02-09|14577
200|2026-02-10|8031
200|2026-02-11|8890
200|2026-02-12|8214
200|2026-02-13|8375
200|2026-02-16|12178
200|2026-02-17|7393
200|2026-02-18|7591
200|2026-02-19|7762
200|2026-02-20|7878
200|2026-02-23|11669
200|2026-02-24|7331
200|2026-02-25|8236
200|2026-02-26|8606
200|2026-02-27|9480
200|2026-03-02|14925
200|2026-03-03|9502
200|2026-03-04|9861
200|2026-03-05|9578
200|2026-03-06|9802
200|2026-03-09|14610
200|2026-03-10|8254
200|2026-03-11|8958
200|2026-03-12|7812
200|2026-03-13|8569
200|2026-03-16|13283
200|2026-03-17|7316
200|2026-03-18|8536
200|2026-03-20|7721
200|2026-03-23|11896
200|2026-03-24|7848
200|2026-03-25|7902
200|2026-03-26|7854
200|2026-03-27|7725
200|2026-03-30|14686
200|2026-03-31|9065
200|2026-04-01|9358
200|2026-04-02|9937
200|2026-04-06|19971
200|2026-04-07|8492
200|2026-04-08|10135
200|2026-04-09|8809
200|2026-04-10|9039
200|2026-04-13|13611
200|2026-04-14|7737
200|2026-04-15|8440
200|2026-04-16|7725
200|2026-04-17|8474
200|2026-04-20|12963
200|2026-04-21|7639
200|2026-04-22|8278
200|2026-04-23|7723
200|2026-04-24|7948
200|2026-04-27|12721
200|2026-04-28|8036
201|2023-09-28|63
201|2023-09-29|23
201|2023-10-02|18
201|2023-10-03|136
201|2023-10-04|13
201|2023-10-05|513
201|2023-10-06|604
201|2023-10-10|366
201|2023-10-11|15
201|2023-10-12|121
201|2023-10-13|86
201|2023-10-16|97
201|2023-10-17|19
201|2023-10-18|48
201|2023-10-19|29
201|2023-10-20|97
201|2023-10-23|98
201|2023-10-24|89
201|2023-10-25|46
201|2023-10-26|36
201|2023-10-30|31
201|2023-10-31|8
201|2023-11-03|13
201|2023-11-04|14
201|2023-11-06|7
201|2023-11-08|9
201|2023-11-09|118
201|2023-11-10|58
201|2023-11-11|36
201|2023-11-13|35
201|2023-11-14|33
201|2023-11-15|60
201|2023-11-16|274
201|2023-11-17|63
201|2023-11-20|24
201|2023-11-21|17
201|2023-11-23|53
201|2023-11-24|52
201|2023-11-27|12
201|2023-11-28|28
201|2023-11-29|17
201|2023-11-30|127
201|2023-12-01|18
201|2023-12-04|671
201|2023-12-05|370
201|2023-12-06|294
201|2023-12-07|616
201|2023-12-11|66
201|2023-12-12|154
201|2023-12-13|29
201|2023-12-14|36
201|2023-12-15|131
201|2023-12-18|277
201|2023-12-19|52
201|2023-12-20|61
201|2023-12-21|103
201|2023-12-22|108
201|2023-12-26|71
201|2023-12-27|111
201|2024-12-28|114
201|2024-12-29|169
201|2024-01-02|166
201|2024-01-03|71
201|2024-01-04|55
201|2024-01-05|33
201|2024-01-08|592
201|2024-01-09|260
201|2024-01-10|61
201|2024-01-11|108
201|2024-01-12|91
201|2024-01-15|96
201|2024-01-16|71
201|2024-01-17|62
201|2024-01-18|140
201|2024-01-19|91
201|2024-01-22|84
201|2024-01-23|62
201|2024-01-24|240
201|2024-01-25|93
201|2024-01-26|28
201|2024-01-29|214
201|2024-01-30|189
201|2024-01-31|79
201|2024-02-01|248
201|2024-02-02|166
201|2024-02-05|192
201|2024-02-06|34
201|2024-02-07|104
201|2024-02-08|186
201|2024-02-09|34
201|2024-02-12|620
201|2024-02-13|65
201|2024-02-14|147
201|2024-02-15|72
201|2024-02-16|65
201|2024-02-19|91
201|2024-02-20|83
201|2024-02-21|46
201|2024-02-22|242
201|2024-02-23|58
201|2024-02-26|181
201|2024-02-27|331
201|2024-02-28|104
201|2024-02-29|159
201|2024-03-01|462
201|2024-03-04|1335
201|2024-03-05|124
201|2024-03-06|114
201|2024-03-07|108
201|2024-03-08|253
201|2024-03-11|109
201|2024-03-12|174
201|2024-03-13|182
201|2024-03-14|158
201|2024-03-15|121
201|2024-03-18|96
201|2024-03-19|625
201|2024-03-20|37
201|2024-03-21|260
201|2024-03-22|33
201|2024-03-25|146
201|2024-03-26|446
201|2024-03-27|98
201|2024-03-28|680
201|2024-04-01|478
201|2024-04-02|99
201|2024-04-03|122
201|2024-04-04|116
201|2024-04-05|559
201|2024-04-08|201
201|2024-04-09|467
201|2024-04-10|242
201|2024-04-11|1337
201|2024-04-12|135
201|2024-04-15|180
201|2024-04-16|668
201|2024-04-17|524
201|2024-04-18|431
201|2024-04-19|142
201|2024-04-22|181
201|2024-04-23|192
201|2024-04-24|205
201|2024-04-25|103
201|2024-04-26|228
201|2024-04-29|149
201|2024-04-30|106
201|2024-05-02|90
201|2024-05-03|435
201|2024-05-06|4612
201|2024-05-07|2965
201|2024-05-08|1958
201|2024-05-09|1351
201|2024-05-10|3068
201|2024-05-13|2703
201|2024-05-14|2536
201|2024-05-15|2656
201|2024-05-16|2053
201|2024-05-17|2458
201|2024-05-20|2289
201|2024-05-22|2587
201|2024-05-23|2461
201|2024-05-24|1469
201|2024-05-27|3739
201|2024-05-28|2061
201|2024-05-29|1054
201|2024-05-30|3623
201|2024-05-31|2689
201|2024-06-03|2053
201|2024-06-04|2516
201|2024-06-05|2220
201|2024-06-06|5709
201|2024-06-07|1733
201|2024-06-10|994
201|2024-06-11|1496
201|2024-06-12|1754
201|2024-06-13|3598
201|2024-06-14|1868
201|2024-06-17|2948
201|2024-06-18|1939
201|2024-06-19|2187
201|2024-06-21|2106
201|2024-06-24|429
201|2024-06-25|1928
201|2024-06-26|2436
201|2024-06-27|3459
201|2024-06-28|1817
201|2024-07-01|923
201|2024-07-02|2110
201|2024-07-03|2044
201|2024-07-04|1069
201|2024-07-05|2613
201|2024-07-08|1668
201|2024-07-09|1132
201|2024-07-10|652
201|2024-07-11|1541
201|2024-07-12|1317
201|2024-07-15|1860
201|2024-07-17|1418
201|2024-07-18|1193
201|2024-07-19|1584
201|2024-07-22|2574
201|2024-07-23|1309
201|2024-07-24|1368
201|2024-07-25|2894
201|2024-07-26|1056
201|2024-07-29|2165
201|2024-07-30|1680
201|2024-07-31|1998
201|2024-08-01|1737
201|2024-08-02|1806
201|2024-08-05|1520
201|2024-08-06|2927
201|2024-08-07|3614
201|2024-08-08|2381
201|2024-08-09|1951
201|2024-08-12|2477
201|2024-08-13|2513
201|2024-08-14|2611
201|2024-08-16|3269
201|2024-08-19|2380
201|2024-08-20|2886
201|2024-08-21|2414
201|2024-08-22|2970
201|2024-08-23|1854
201|2024-08-26|2639
201|2024-08-27|2991
201|2024-08-28|2212
201|2024-08-29|2481
201|2024-08-30|1984
201|2024-09-02|1854
201|2024-09-03|1913
201|2024-09-04|2045
201|2024-09-05|1455
201|2024-09-06|2573
201|2024-09-09|1239
201|2024-09-10|1207
201|2024-09-11|1173
201|2024-09-12|1172
201|2024-09-13|2447
201|2024-09-16|2214
201|2024-09-17|1071
201|2024-09-23|1196
201|2024-09-24|646
201|2024-09-25|1992
201|2024-09-26|1535
201|2024-09-27|1176
201|2024-09-30|1922
201|2024-10-01|1438
201|2024-10-02|2071
201|2024-10-03|1480
201|2024-10-04|1781
201|2024-10-07|2214
201|2024-10-08|2381
201|2024-10-09|1616
201|2024-10-10|1043
201|2024-10-11|1807
201|2024-10-14|1189
201|2024-10-15|1585
201|2024-10-16|1449
201|2024-10-17|1048
201|2024-10-18|29505
201|2024-10-21|1459
201|2024-10-22|1238
201|2024-10-23|1011
201|2024-10-24|2257
201|2024-10-25|1736
201|2024-10-28|2494
201|2024-10-29|2101
201|2024-10-30|1753
201|2024-11-04|1539
201|2024-11-05|965
201|2024-11-06|1550
201|2024-11-07|1105
201|2024-11-08|2111
201|2024-11-11|1877
201|2024-11-12|1987
201|2024-11-13|1478
201|2024-11-14|1601
201|2024-11-15|1160
201|2024-11-18|1847
201|2024-11-19|927
201|2024-11-20|1237
201|2024-11-21|2294
201|2024-11-22|2423
201|2024-11-25|1189
201|2024-11-26|1623
201|2024-11-27|1539
201|2024-11-28|1764
201|2024-11-29|1454
201|2024-12-02|554
201|2024-12-03|730
201|2024-12-04|1047
201|2024-12-05|1207
201|2024-12-06|1354
201|2024-12-09|2881
201|2024-12-10|2488
201|2024-12-11|1612
201|2024-12-12|1425
201|2024-12-13|1821
201|2024-12-16|1398
201|2024-12-17|1870
201|2024-12-18|1219
201|2024-12-19|3659
201|2024-12-20|1072
201|2024-12-23|1496
201|2024-12-24|2777
201|2024-12-26|1619
201|2024-12-27|594
201|2024-12-30|1405
201|2025-01-02|1108
201|2025-01-03|932
201|2025-01-06|757
201|2025-01-07|2255
201|2025-01-08|1719
201|2025-01-09|2926
201|2025-01-10|1797
201|2025-01-13|923
201|2025-01-14|1284
201|2025-01-15|1963
201|2025-01-16|2712
201|2025-01-17|1695
201|2025-01-20|2420
201|2025-01-21|1788
201|2025-01-22|1028
201|2025-01-23|1934
201|2025-01-24|1193
201|2025-01-27|1724
201|2025-01-28|2766
201|2025-01-29|800
201|2025-01-30|2055
201|2025-01-31|2117
201|2025-02-03|1731
201|2025-02-04|1959
201|2025-02-05|2308
201|2025-02-06|4063
201|2025-02-07|2126
201|2025-02-10|2514
201|2025-02-11|2501
201|2025-02-12|2869
201|2025-02-13|1047
201|2025-02-14|1085
201|2025-02-17|2353
201|2025-02-18|744
201|2025-02-19|1205
201|2025-02-20|1140
201|2025-02-21|1418
201|2025-02-24|3099
201|2025-02-25|2049
201|2025-02-26|2969
201|2025-02-27|2066
201|2025-02-28|2739
201|2025-03-03|2271
201|2025-03-04|3142
201|2025-03-05|2051
201|2025-03-06|1219
201|2025-03-07|2539
201|2025-03-10|2615
201|2025-03-11|2383
201|2025-03-12|2440
201|2025-03-13|1817
201|2025-03-14|1845
201|2025-03-17|2156
201|2025-03-18|3158
201|2025-03-19|3086
201|2025-03-20|2136
201|2025-03-21|1315
201|2025-03-24|1365
201|2025-03-25|1998
201|2025-03-26|2677
201|2025-03-27|3505
201|2025-03-28|2339
201|2025-03-31|2894
201|2025-04-01|1734
201|2025-04-02|2197
201|2025-04-03|2047
201|2025-04-04|1676
201|2025-04-07|1786
201|2025-04-08|1984
201|2025-04-09|3121
201|2025-04-10|3997
201|2025-04-11|2628
201|2025-04-14|2078
201|2025-04-15|1327
201|2025-04-16|1799
201|2025-04-17|2690
201|2025-04-21|2563
201|2025-04-22|1068
201|2025-04-23|1037
201|2025-04-24|3658
201|2025-04-25|3087
201|2025-04-28|2126
201|2025-04-29|2745
201|2025-04-30|2061
201|2025-05-02|2391
201|2025-05-05|4235
201|2025-05-06|3113
201|2025-05-07|2494
201|2025-05-08|2552
201|2025-05-09|5245
201|2025-05-12|2164
201|2025-05-13|3010
201|2025-05-14|3415
201|2025-05-15|4779
201|2025-05-16|5353
201|2025-05-19|3898
201|2025-05-20|2565
201|2025-05-22|2839
201|2025-05-23|1860
201|2025-05-26|1606
201|2025-05-27|1272
201|2025-05-28|1486
201|2025-05-29|1702
201|2025-05-30|2089
201|2025-06-02|1562
201|2025-06-03|6247
201|2025-06-04|3928
201|2025-06-05|5164
201|2025-06-06|4312
201|2025-06-09|3953
201|2025-06-10|2375
201|2025-06-11|3152
201|2025-06-12|3528
201|2025-06-13|1885
201|2025-06-16|2168
201|2025-06-17|2789
201|2025-06-18|3180
201|2025-06-19|2973
201|2025-06-23|2790
201|2025-06-24|2376
201|2025-06-25|2198
201|2025-06-26|4188
201|2025-06-27|1822
201|2025-06-30|1030
201|2025-07-01|1677
201|2025-07-02|2831
201|2025-07-03|3430
201|2025-07-04|1924
201|2025-07-07|2332
201|2025-07-08|1679
201|2025-07-09|2196
201|2025-07-10|2610
201|2025-07-11|3096
201|2025-07-14|2095
201|2025-07-15|2687
201|2025-07-17|1148
201|2025-07-18|2265
201|2025-07-21|4313
201|2025-07-22|2891
201|2025-07-23|2140
201|2025-07-24|1550
201|2025-07-25|1487
201|2025-07-28|2998
201|2025-07-29|3129
201|2025-07-30|1003
201|2025-07-31|1706
201|2025-08-01|2171
201|2025-08-04|2696
201|2025-08-05|3232
201|2025-08-06|2026
201|2025-08-07|1713
201|2025-08-08|2393
201|2025-08-11|3421
201|2025-08-12|2109
201|2025-08-13|2274
201|2025-08-14|3578
201|2025-08-18|2846
201|2025-08-19|2768
201|2025-08-20|3688
201|2025-08-21|4353
201|2025-08-22|2610
201|2025-08-25|1469
201|2025-08-26|1557
201|2025-08-27|1663
201|2025-08-28|3341
201|2025-08-29|2483
201|2025-09-01|2493
201|2025-09-02|2230
201|2025-09-03|1990
201|2025-09-04|1808
201|2025-09-05|2674
201|2025-09-08|2873
201|2025-09-09|3143
201|2025-09-10|2813
201|2025-09-11|2581
201|2025-09-12|1084
201|2025-09-15|2051
201|2025-09-16|3106
201|2025-09-17|2315
201|2025-09-22|1987
201|2025-09-23|1187
201|2025-09-24|2461
201|2025-09-25|2150
201|2025-09-26|1561
201|2025-09-29|1409
201|2025-09-30|1845
201|2025-10-01|1975
201|2025-10-02|2786
201|2025-10-03|1802
201|2025-10-06|5001
201|2025-10-07|2260
201|2025-10-08|2231
201|2025-10-09|1454
201|2025-10-10|2492
201|2025-10-13|2787
201|2025-10-14|2963
201|2025-10-15|1795
201|2025-10-16|2459
201|2025-10-17|1789
201|2025-10-20|2279
201|2025-10-21|1560
201|2025-10-22|2084
201|2025-10-23|1366
201|2025-10-24|2801
201|2025-10-27|2175
201|2025-10-28|1851
201|2025-10-29|2939
201|2025-10-30|2397
201|2025-11-03|4120
201|2025-11-04|2142
201|2025-11-05|5935
201|2025-11-06|2706
201|2025-11-07|2402
201|2025-11-10|5974
201|2025-11-11|2197
201|2025-11-12|2923
201|2025-11-13|3299
201|2025-11-14|3338
201|2025-11-17|5522
201|2025-11-18|4399
201|2025-11-19|3203
201|2025-11-20|2101
201|2025-11-21|2823
201|2025-11-24|1637
201|2025-11-25|2969
201|2025-11-26|1967
201|2025-11-27|3548
201|2025-11-28|2220
201|2025-12-01|1692
201|2025-12-02|3581
201|2025-12-03|1282
201|2025-12-04|3927
201|2025-12-05|1768
201|2025-12-09|2708
201|2025-12-10|1601
201|2025-12-11|1966
201|2025-12-12|956
201|2025-12-15|2414
201|2025-12-16|2972
201|2025-12-17|2444
201|2025-12-18|2006
201|2025-12-19|2094
201|2025-12-22|1799
201|2025-12-23|1421
201|2025-12-24|2469
201|2025-12-26|1848
201|2025-12-29|1206
201|2025-12-30|4183
201|2026-01-02|2320
201|2026-01-05|954
201|2026-01-06|2590
201|2026-01-07|4443
201|2026-01-08|2822
201|2026-01-09|2797
201|2026-01-12|1949
201|2026-01-13|2515
201|2026-01-14|2109
201|2026-01-15|4085
201|2026-01-16|3681
201|2026-01-19|3221
201|2026-01-20|3192
201|2026-01-21|1353
201|2026-01-22|2779
201|2026-01-23|2106
201|2026-01-26|2761
201|2026-01-27|3960
201|2026-01-28|2363
201|2026-01-29|2907
201|2026-01-30|3937
201|2026-02-02|4396
201|2026-02-03|3597
201|2026-02-04|2963
201|2026-02-05|3292
201|2026-02-06|3627
201|2026-02-09|3287
201|2026-02-10|2271
201|2026-02-11|4808
201|2026-02-12|2307
201|2026-02-13|2909
201|2026-02-16|2783
201|2026-02-17|2674
201|2026-02-18|2247
201|2026-02-19|4336
201|2026-02-20|1532
201|2026-02-23|1244
201|2026-02-24|2136
201|2026-02-25|2146
201|2026-02-26|1500
201|2026-02-27|4007
201|2026-03-02|4773
201|2026-03-03|1931
201|2026-03-04|3182
201|2026-03-05|3055
201|2026-03-06|2906
201|2026-03-09|3017
201|2026-03-10|3783
201|2026-03-11|1785
201|2026-03-12|2625
201|2026-03-13|1826
201|2026-03-16|1782
201|2026-03-17|2189
201|2026-03-18|2307
201|2026-03-19|1339
201|2026-03-20|3787
201|2026-03-23|2272
201|2026-03-24|1400
201|2026-03-25|3855
201|2026-03-26|4661
201|2026-03-27|3257
201|2026-03-30|2154
201|2026-03-31|3396
201|2026-04-01|1743
201|2026-04-02|3129
201|2026-04-06|2227
201|2026-04-07|956
201|2026-04-08|2244
201|2026-04-09|2174
201|2026-04-10|4202
201|2026-04-13|2460
201|2026-04-14|1576
201|2026-04-15|1603
201|2026-04-16|4347
201|2026-04-17|1605
201|2026-04-20|1948
201|2026-04-21|2272
201|2026-04-22|2798
201|2026-04-23|2671
201|2026-04-24|1921
201|2026-04-27|3028
201|2026-04-28|2425
202|2023-09-28|4354971
202|2023-09-29|5937129
202|2023-10-02|5753144
202|2023-10-03|5580301
202|2023-10-04|4572640
202|2023-10-05|5044269
202|2023-10-06|5440202
202|2023-10-10|4848346
202|2023-10-11|4437252
202|2023-10-12|4251070
202|2023-10-13|5152149
202|2023-10-16|4123182
202|2023-10-17|3837174
202|2023-10-18|3769606
202|2023-10-19|3766625
202|2023-10-20|4527273
202|2023-10-23|3738350
202|2023-10-24|3609492
202|2023-10-25|3952263
202|2023-10-26|5544477
202|2023-10-30|4891116
202|2023-10-31|5851931
202|2023-11-03|5349209
202|2023-11-04|6017032
202|2023-11-06|5583396
202|2023-11-08|4382885
202|2023-11-09|4199898
202|2023-11-10|4410021
202|2023-11-11|4708934
202|2023-11-13|4945656
202|2023-11-14|3780495
202|2023-11-15|4427184
202|2023-11-16|4067683
202|2023-11-17|4257686
202|2023-11-20|7527326
202|2023-11-21|3489914
202|2023-11-23|3845204
202|2023-11-28|5249476
202|2023-11-29|4369827
202|2023-11-30|6275716
202|2023-12-01|6081503
202|2023-12-04|20430550
202|2023-12-05|7844143
202|2023-12-06|8159892
202|2023-12-07|7741019
202|2023-12-11|22211423
202|2023-12-12|6803607
202|2023-12-13|7082838
202|2023-12-14|6318865
202|2023-12-15|7816199
202|2023-12-18|17067693
202|2023-12-19|6850373
202|2023-12-20|7159360
202|2023-12-21|7202205
202|2023-12-22|7675568
202|2023-12-26|20014064
202|2023-12-27|7317696
202|2024-12-28|6998676
202|2024-01-02|22671407
202|2024-01-03|7630693
202|2024-01-04|6605582
202|2024-01-05|7462261
202|2024-01-08|17257067
202|2024-01-09|6144665
202|2024-01-10|6620247
202|2024-01-11|6212175
202|2024-01-12|6538415
202|2024-01-15|16122161
202|2024-01-16|5864951
202|2024-01-17|6373600
202|2024-01-18|5697652
202|2024-01-23|5476526
202|2024-01-24|5587728
202|2024-01-25|5740280
202|2024-01-26|6069288
202|2024-01-29|16354804
202|2024-01-30|6857715
202|2024-01-31|8209726
202|2024-02-01|8473608
202|2024-02-02|8565014
202|2024-02-05|17937023
202|2024-02-06|7369522
202|2024-02-07|6253686
202|2024-02-08|6288566
202|2024-02-09|6477604
202|2024-02-12|15665077
202|2024-02-13|6438093
202|2024-02-14|5670961
202|2024-02-15|6149866
202|2024-02-16|6246296
202|2024-02-19|7112950
202|2024-02-20|5781345
202|2024-02-21|5503186
202|2024-02-22|5373317
202|2024-02-23|5837667
202|2024-02-26|14772558
202|2024-02-27|6917192
202|2024-02-28|6418925
202|2024-03-01|8907267
202|2024-03-04|20005891
202|2024-03-05|7668559
202|2024-03-06|7733784
202|2024-03-08|6865385
202|2024-03-11|16579999
202|2024-03-12|6162313
202|2024-03-13|6452587
202|2024-03-14|5755374
202|2024-03-15|6777156
202|2024-03-18|16095912
202|2024-03-19|5916851
202|2024-03-20|6088794
202|2024-03-25|16015447
202|2024-03-27|6565058
202|2024-03-28|8777205
202|2024-04-01|24657137
202|2024-04-02|7953944
202|2024-04-03|6669240
202|2024-04-04|6627788
202|2024-04-05|7726793
202|2024-04-08|18667286
202|2024-04-09|6259017
202|2024-04-10|6452129
202|2024-04-11|6205526
202|2024-04-12|6524401
202|2024-04-15|16475721
202|2024-04-16|5989456
202|2024-04-17|5701475
202|2024-04-18|5765594
202|2024-04-19|6323139
202|2024-04-22|15463844
202|2024-04-23|5592535
202|2024-04-24|5684730
202|2024-04-25|5821426
202|2024-04-26|7870524
202|2024-04-29|16804526
202|2024-04-30|8372011
202|2024-05-02|14078022
202|2024-05-08|6083764
202|2024-05-09|6605825
202|2024-05-10|7146512
202|2024-05-13|17180713
202|2024-05-14|5864475
202|2024-05-15|6301031
202|2024-05-16|6162197
202|2024-05-17|6441244
202|2024-05-22|9508287
202|2024-05-23|5359627
202|2024-05-24|6188828
202|2024-05-27|15377601
202|2024-05-28|5854395
202|2024-05-29|7074451
202|2024-05-30|6789681
202|2024-05-31|8655599
202|2024-06-03|21372955
202|2024-06-04|8255127
202|2024-06-05|7715279
202|2024-06-06|7774421
202|2024-06-07|6848699
202|2024-06-10|16781049
202|2024-06-11|6176556
202|2024-06-12|6044891
202|2024-06-13|574430
202|2024-06-14|5755667
202|2024-06-17|16078599
202|2024-06-18|5613414
202|2024-06-19|5836567
202|2024-06-21|10781826
202|2024-06-24|14268571
202|2024-06-25|5734746
202|2024-06-26|6977241
202|2024-06-27|6232394
202|2024-06-28|8534342
202|2024-07-01|20393416
202|2024-07-02|8124737
202|2024-07-03|6809411
202|2024-07-04|6692877
202|2024-07-05|7623703
202|2024-07-08|18171923
202|2024-07-09|6201672
202|2024-07-10|6619851
202|2024-07-11|6181096
202|2024-07-12|6656406
202|2024-07-15|16374079
202|2024-07-17|10562956
202|2024-07-18|5829021
202|2024-07-19|6234365
202|2024-07-22|15669957
202|2024-07-23|5561236
202|2024-07-24|5661922
202|2024-07-25|5818698
202|2024-07-26|6229536
202|2024-07-29|16896405
202|2024-07-30|6727763
202|2024-07-31|8239565
202|2024-08-01|8678810
202|2024-08-02|7843585
202|2024-08-05|18662675
202|2024-08-06|7667045
202|2024-08-07|6611495
202|2024-08-08|6656757
202|2024-08-09|6919258
202|2024-08-12|17314252
202|2024-08-13|6825814
202|2024-08-14|6341929
202|2024-08-16|11700921
202|2024-08-19|15763228
202|2024-08-20|6191671
202|2024-08-21|5878582
202|2024-08-22|5722900
202|2024-08-23|6383759
202|2024-08-26|16127672
202|2024-08-27|5839575
202|2024-08-28|7314864
202|2024-08-29|6767407
202|2024-08-30|8940564
202|2024-09-02|22184041
202|2024-09-03|8291441
202|2024-09-04|7158697
202|2024-09-05|7695055
202|2024-09-06|8472288
202|2024-09-09|17944286
202|2024-09-10|7070767
202|2024-09-11|6717564
202|2024-09-12|6775765
202|2024-09-13|7988945
202|2024-09-16|19024083
202|2024-09-17|7439306
202|2024-09-23|25087862
202|2024-09-24|6066226
202|2024-09-25|6010806
202|2024-09-26|7403020
202|2024-09-27|6901506
202|2024-09-30|20730054
202|2024-10-01|9362961
202|2024-10-02|8746806
202|2024-10-03|7563093
202|2024-10-04|7454417
202|2024-10-07|20160651
202|2024-10-08|6634123
202|2024-10-09|6411289
202|2024-10-10|7065294
202|2024-10-11|6960978
202|2024-10-14|16615619
202|2024-10-15|6579363
202|2024-10-16|6410697
202|2024-10-17|6074043
202|2024-10-18|247382145
202|2024-10-21|16175820
202|2024-10-22|5975438
202|2024-10-23|5715229
202|2024-10-24|6062434
202|2024-10-25|6640755
202|2024-10-28|17024121
202|2024-10-29|6985619
202|2024-10-30|9027842
202|2024-11-04|32377815
202|2024-11-05|9161757
202|2024-11-06|8249480
202|2024-11-07|7016555
202|2024-11-08|7643026
202|2024-11-11|18012568
202|2024-11-12|664681
202|2024-11-13|6849012
202|2024-11-14|6126400
202|2024-11-15|7064217
202|2024-11-18|16717661
202|2024-11-19|6206763
202|2024-11-20|6418576
202|2024-11-21|6171274
202|2024-11-22|6527928
202|2024-11-25|16418324
202|2024-11-26|6133401
202|2024-11-27|7424026
202|2024-11-28|6970831
202|2024-11-29|9252451
202|2024-12-03|8680848
202|2024-12-04|7463457
202|2024-12-05|7934609
202|2024-12-06|8559730
202|2024-12-09|19269371
202|2024-12-10|8182119
202|2024-12-11|7687898
202|2024-12-12|7691846
202|2024-12-13|8975544
202|2024-12-16|19344183
202|2024-12-17|7521562
202|2024-12-18|7513703
202|2024-12-19|7803631
202|2024-12-20|8988475
202|2024-12-23|20960418
202|2024-12-24|8829739
202|2024-12-26|10486748
202|2024-12-27|7682716
202|2024-12-30|21081636
202|2025-01-02|19930710
202|2025-01-03|9191728
202|2025-01-06|19997507
202|2025-01-07|7634982
202|2025-01-08|7282268
202|2025-01-09|7218917
202|2025-01-10|8079108
202|2025-01-13|17646535
202|2025-01-14|6671294
202|2025-01-15|7308809
202|2025-01-16|7235692
202|2025-01-17|7368751
202|2025-01-20|17162749
202|2025-01-21|6736826
202|2025-01-22|6497508
202|2025-01-23|6439647
202|2025-01-24|7211732
202|2025-01-27|15619276
202|2025-01-28|6702466
202|2025-01-29|8140933
202|2025-01-30|7886554
202|2025-01-31|9558365
202|2025-02-03|22000133
202|2025-02-04|9059035
202|2025-02-05|8425733
202|2025-02-06|8753219
202|2025-02-07|1278239
202|2025-02-10|18249665
202|2025-02-11|7151002
202|2025-02-12|6991214
202|2025-02-13|7347573
202|2025-02-14|7533461
202|2025-02-17|17053802
202|2025-02-18|6556301
202|2025-02-19|6570061
202|2025-02-20|6836919
202|2025-02-21|6946071
202|2025-02-24|16233432
202|2025-02-25|6215329
202|2025-02-26|6568235
202|2025-02-28|9703740
202|2025-03-03|23224378
202|2025-03-04|9240308
202|2025-03-05|8713627
202|2025-03-06|8829425
202|2025-03-07|8002335
202|2025-03-10|19107404
202|2025-03-11|7290305
202|2025-03-12|7097483
202|2025-03-13|7417439
202|2025-03-14|7540633
202|2025-03-17|17873068
202|2025-03-18|6722108
202|2025-03-19|6815045
202|2025-03-20|7116177
202|2025-03-21|7342502
202|2025-03-24|17188823
202|2025-03-25|6718216
202|2025-03-26|6668844
202|2025-03-27|8173224
202|2025-03-28|8250203
202|2025-03-31|2162181
202|2025-04-01|9845166
202|2025-04-02|9199844
202|2025-04-03|7978918
202|2025-04-04|1755512
202|2025-04-07|21066144
202|2025-04-09|7137418
202|2025-04-15|7338615
202|2025-04-16|7202030
202|2025-04-17|7706801
202|2025-04-21|20583041
202|2025-04-22|6594847
202|2025-04-23|6394714
202|2025-04-24|6641377
202|2025-04-25|7506637
202|2025-04-28|18875145
202|2025-04-29|7622039
202|2025-04-30|9927334
202|2025-05-02|16109141
202|2025-05-05|22223602
202|2025-05-06|9083620
202|2025-05-07|7753813
202|2025-05-08|7197634
202|2025-05-09|8204826
202|2025-05-12|19112210
202|2025-05-13|7611758
202|2025-05-14|6787154
202|2025-05-15|7325933
202|2025-05-16|7667946
202|2025-05-19|17360667
202|2025-05-20|7114293
202|2025-05-22|11732836
202|2025-05-23|7303312
202|2025-05-26|16996705
202|2025-05-27|6358237
202|2025-05-28|8019694
202|2025-05-29|7464152
202|2025-05-30|9863006
202|2025-06-02|23665977
202|2025-06-03|9265999
202|2025-06-04|8180271
202|2025-06-05|8727579
202|2025-06-06|9110804
202|2025-06-09|18641153
202|2025-06-10|7759576
202|2025-06-11|7153762
202|2025-06-12|6832036
202|2025-06-13|5920753
202|2025-06-16|17389171
202|2025-06-17|6569700
202|2025-06-18|6579224
202|2025-06-19|7327530
202|2025-06-23|21698839
202|2025-06-24|6769200
202|2025-06-25|6777081
202|2025-06-26|8058427
202|2025-06-27|7872154
202|2025-06-30|20854313
202|2025-07-01|9707629
202|2025-07-02|9349369
202|2025-07-03|8195650
202|2025-07-04|8466436
202|2025-07-07|21060112
202|2025-07-08|7496684
202|2025-07-09|7161270
202|2025-07-11|7689404
202|2025-07-14|17723002
202|2025-07-15|7285419
202|2025-07-17|12150257
202|2025-07-18|7363669
202|2025-07-21|17456658
202|2025-07-22|6630622
202|2025-07-23|6423138
202|2025-07-24|6649071
202|2025-07-25|7059995
202|2025-07-28|17088232
202|2025-07-29|7937836
202|2025-07-30|7483380
202|2025-07-31|9231870
202|2025-08-01|10284984
202|2025-08-04|21962937
202|2025-08-05|8795881
202|2025-08-06|8906838
202|2025-08-07|7812130
202|2025-08-08|8345955
202|2025-08-11|19024647
202|2025-08-12|7272220
202|2025-08-13|7539492
202|2025-08-14|7658706
202|2025-08-18|22830347
202|2025-08-19|6960427
202|2025-08-20|7162932
202|2025-08-21|6824393
202|2025-08-22|6734621
202|2025-08-25|17300828
202|2025-08-26|6829112
202|2025-08-27|8217770
202|2025-08-28|7771192
202|2025-08-29|9866262
202|2025-09-01|23661824
202|2025-09-02|9365152
202|2025-09-03|8085117
202|2025-09-04|8083720
202|2025-09-05|9318787
202|2025-09-08|20398473
202|2025-09-09|7522730
202|2025-09-10|8098414
202|2025-09-11|7771421
202|2025-09-12|8386643
202|2025-09-15|16661970
202|2025-09-16|8759810
202|2025-09-17|8612302
202|2025-09-22|23300829
202|2025-09-23|6959901
202|2025-09-24|6887242
202|2025-09-25|6983556
202|2025-09-26|8812878
202|2025-09-29|18705851
202|2025-09-30|9794054
202|2025-10-01|10689788
202|2025-10-02|9985423
202|2025-10-03|9127540
202|2025-10-06|22466246
202|2025-10-07|8303220
202|2025-10-08|8066453
202|2025-10-09|8053716
202|2025-10-10|8304853
202|2025-10-13|19187653
202|2025-10-14|6990017
202|2025-10-15|7439454
202|2025-10-16|7477028
202|2025-10-17|7761784
202|2025-10-22|6898413
202|2025-10-23|6808706
202|2025-10-24|7401714
202|2025-10-27|17665168
202|2025-10-28|8367736
202|2025-10-29|7863129
202|2025-10-30|10093642
202|2025-11-03|29444281
202|2025-11-04|9439074
202|2025-11-05|8982453
202|2025-11-06|9074083
202|2025-11-07|8269977
202|2025-11-10|19712885
202|2025-11-11|7580048
202|2025-11-12|7411108
202|2025-11-13|7753267
202|2025-11-14|7900735
202|2025-11-17|17941828
202|2025-11-18|7110220
202|2025-11-19|7270880
202|2025-11-20|7443609
202|2025-11-21|7658637
202|2025-11-24|17953700
202|2025-11-26|8472087
202|2025-11-27|7775437
202|2025-11-28|10298672
202|2025-12-01|25453326
202|2025-12-02|9813057
202|2025-12-03|8453685
202|2025-12-04|8423552
202|2025-12-05|9595001
202|2025-12-09|26632810
202|2025-12-10|8650770
202|2025-12-11|8020788
202|2025-12-12|8577457
202|2025-12-15|20055722
202|2025-12-16|8114547
202|2025-12-17|7799086
202|2025-12-18|7975247
202|2025-12-19|8680231
202|2025-12-22|21615595
202|2025-12-23|9005136
202|2025-12-24|9340673
202|2025-12-26|11201484
202|2025-12-29|17890310
202|2025-12-30|10157473
202|2026-01-02|21551028
202|2026-01-05|20646106
202|2026-01-06|9045775
202|2026-01-07|7948279
202|2026-01-08|7577958
202|2026-01-09|8288591
202|2026-01-12|18592807
202|2026-01-13|7872555
202|2026-01-14|6918250
202|2026-01-15|7535820
202|2026-01-16|7950540
202|2026-01-19|17909559
202|2026-01-20|7283219
202|2026-01-21|6974862
202|2026-01-22|6778182
202|2026-01-23|7384290
202|2026-01-26|17216916
202|2026-01-27|6840258
202|2026-01-28|8404805
202|2026-01-29|7776598
202|2026-01-30|9776408
202|2026-02-02|23089721
202|2026-02-03|8997737
202|2026-02-04|7986183
202|2026-02-05|8516384
202|2026-02-06|9171910
202|2026-02-09|18589501
202|2026-02-10|7733470
202|2026-02-11|7234994
202|2026-02-12|7227927
202|2026-02-13|8281487
202|2026-02-16|18116395
202|2026-02-17|6748540
202|2026-02-18|6698271
202|2026-02-19|6834694
202|2026-02-20|7426123
202|2026-02-23|16926568
202|2026-02-24|6651071
202|2026-02-25|8390049
202|2026-02-26|7489368
202|2026-02-27|12117414
202|2026-03-02|24286361
202|2026-03-03|9472552
202|2026-03-04|8223337
202|2026-03-05|8719569
202|2026-03-06|9382178
202|2026-03-09|19323976
202|2026-03-10|7935281
202|2026-03-11|7294751
202|2026-03-12|7184415
202|2026-03-13|8488729
202|2026-03-16|18251859
202|2026-03-17|6854183
202|2026-03-18|6835298
202|2026-03-19|7000348
202|2026-03-20|7650450
202|2026-03-23|17283052
202|2026-03-24|6913421
202|2026-03-25|10206015
202|2026-03-26|6976294
202|2026-03-27|8488712
202|2026-03-30|19636962
202|2026-03-31|9687861
202|2026-04-01|10716476
202|2026-04-06|26888956
202|2026-04-07|7906068
202|2026-04-08|7637576
202|2026-04-09|7574776
202|2026-04-10|8117013
202|2026-04-13|18943253
202|2026-04-14|6648848
202|2026-04-15|7311308
202|2026-04-16|7270677
202|2026-04-17|7544376
202|2026-04-20|23773353
202|2026-04-21|6838446
202|2026-04-22|7903144
202|2026-04-23|6651407
202|2026-04-24|7458179
202|2026-04-27|17687903
202|2026-04-28|8234439
203|2023-09-28|677277
203|2023-09-29|1005452
203|2023-10-02|938670
203|2023-10-03|797128
203|2023-10-04|753782
203|2023-10-05|799230
203|2023-10-06|761004
203|2023-10-10|679500
203|2023-10-11|611901
203|2023-10-12|596316
203|2023-10-13|677650
203|2023-10-16|622521
203|2023-10-17|570882
203|2023-10-18|561896
203|2023-10-19|564711
203|2023-10-20|653760
203|2023-10-23|551849
203|2023-10-24|542662
203|2023-10-25|594155
203|2023-10-26|661550
203|2023-10-30|754105
203|2023-10-31|1007295
203|2023-11-03|886938
203|2023-11-04|832795
203|2023-11-06|779915
203|2023-11-08|680378
203|2023-11-09|650368
203|2023-11-10|619330
203|2023-11-11|651575
203|2023-11-13|588383
203|2023-11-14|572463
203|2023-11-15|696601
203|2023-11-16|621932
203|2023-11-17|644168
203|2023-11-20|632250
203|2023-11-21|586585
203|2023-11-22|585758
203|2023-11-23|578330
203|2023-11-24|676820
203|2023-11-27|612428
203|2023-11-28|640422
203|2023-11-29|614286
203|2023-11-30|1170175
203|2023-12-01|1056855
203|2023-12-04|884427
203|2023-12-05|906117
203|2023-12-06|793484
203|2023-12-07|779104
203|2023-12-11|727582
203|2023-12-12|657268
203|2023-12-13|649897
203|2023-12-14|645614
203|2023-12-15|858186
203|2023-12-18|699871
203|2023-12-19|701777
203|2023-12-20|740424
203|2023-12-21|761540
203|2023-12-22|828278
203|2023-12-26|628637
203|2023-12-27|630395
203|2024-12-28|781630
203|2024-12-29|1073288
203|2024-01-02|817666
203|2024-01-03|726171
203|2024-01-04|704598
203|2024-01-05|811707
203|2024-01-08|648259
203|2024-01-09|607707
203|2024-01-10|620071
203|2024-01-11|585517
203|2024-01-12|636171
203|2024-01-15|636611
203|2024-01-16|564796
203|2024-01-17|587522
203|2024-01-18|572279
203|2024-01-19|643458
203|2024-01-22|564066
203|2024-01-23|524046
203|2024-01-24|592361
203|2024-01-25|613295
203|2024-01-26|640694
203|2024-01-29|610330
203|2024-01-30|760781
203|2024-01-31|1046311
203|2024-02-01|931319
203|2024-02-02|835547
203|2024-02-05|841358
203|2024-02-06|675021
203|2024-02-07|662064
203|2024-02-08|623327
203|2024-02-09|631371
203|2024-02-12|581245
203|2024-02-13|571851
203|2024-02-14|572525
203|2024-02-15|639170
203|2024-02-16|649656
203|2024-02-19|565936
203|2024-02-20|567025
203|2024-02-21|546468
203|2024-02-22|536180
203|2024-02-23|624702
203|2024-02-26|581482
203|2024-02-27|590447
203|2024-02-28|730702
203|2024-02-29|1053722
203|2024-03-01|1006954
203|2024-03-04|819135
203|2024-03-05|862017
203|2024-03-06|741935
203|2024-03-07|684761
203|2024-03-08|690029
203|2024-03-11|641129
203|2024-03-12|566460
203|2024-03-13|611573
203|2024-03-14|600508
203|2024-03-15|748701
203|2024-03-18|610444
203|2024-03-19|615796
203|2024-03-20|614634
203|2024-03-21|596794
203|2024-03-22|774356
203|2024-03-25|638353
203|2024-03-26|631024
203|2024-03-27|728075
203|2024-03-28|1111662
203|2024-04-01|966402
203|2024-04-02|788836
203|2024-04-03|737531
203|2024-04-04|730045
203|2024-04-05|888099
203|2024-04-08|695782
203|2024-04-09|638501
203|2024-04-10|640003
203|2024-04-11|611992
203|2024-04-12|663136
203|2024-04-15|672650
203|2024-04-16|616530
203|2024-04-17|598273
203|2024-04-18|597628
203|2024-04-19|692140
203|2024-04-22|607833
203|2024-04-23|572330
203|2024-04-24|613959
203|2024-04-25|627349
203|2024-04-26|734440
203|2024-04-29|730677
203|2024-04-30|1142972
203|2024-05-02|986323
203|2024-05-03|963844
203|2024-05-06|825700
203|2024-05-07|665458
203|2024-05-08|680138
203|2024-05-09|680611
203|2024-05-10|737533
203|2024-05-13|615175
203|2024-05-14|375000
203|2024-05-15|695534
203|2024-05-16|634197
203|2024-05-17|688933
203|2024-05-20|561881
203|2024-05-22|582787
203|2024-05-23|562807
203|2024-05-24|690399
203|2024-05-27|611923
203|2024-05-28|634705
203|2024-05-29|635172
203|2024-05-30|825993
203|2024-05-31|1155738
203|2024-06-03|947183
203|2024-06-04|830463
203|2024-06-05|909058
203|2024-06-06|705706
203|2024-06-07|768802
203|2024-06-10|674825
203|2024-06-11|610632
203|2024-06-12|595990
203|2024-06-13|515895
203|2024-06-14|644574
203|2024-06-17|624818
203|2024-06-18|582612
203|2024-06-19|641343
203|2024-06-21|588406
203|2024-06-24|583074
203|2024-06-25|603418
203|2024-06-26|602663
203|2024-06-27|682546
203|2024-06-28|1170208
203|2024-07-01|954163
203|2024-07-02|808009
203|2024-07-03|762421
203|2024-07-04|728398
203|2024-07-05|870895
203|2024-07-08|688216
203|2024-07-09|640828
203|2024-07-10|635223
203|2024-07-11|618724
203|2024-07-12|674622
203|2024-07-15|635191
203|2024-07-17|630345
203|2024-07-18|604243
203|2024-07-19|683465
203|2024-07-22|606427
203|2024-07-23|568344
203|2024-07-24|614161
203|2024-07-25|624812
203|2024-07-26|687004
203|2024-07-29|654881
203|2024-07-30|799425
203|2024-07-31|1173500
203|2024-08-01|984089
203|2024-08-02|747129
203|2024-08-05|913735
203|2024-08-06|762101
203|2024-08-07|715897
203|2024-08-08|687438
203|2024-08-09|711712
203|2024-08-12|650643
203|2024-08-13|623829
203|2024-08-14|685947
203|2024-08-16|690165
203|2024-08-19|632680
203|2024-08-20|637020
203|2024-08-21|605660
203|2024-08-22|617464
203|2024-08-23|715621
203|2024-08-26|623682
203|2024-08-27|627935
203|2024-08-28|672096
203|2024-08-29|773297
203|2024-08-30|1188214
203|2024-09-02|984066
203|2024-09-03|840986
203|2024-09-04|823057
203|2024-09-05|898583
203|2024-09-06|860762
203|2024-09-09|737897
203|2024-09-10|718061
203|2024-09-11|678979
203|2024-09-12|691013
203|2024-09-13|757031
203|2024-09-16|742964
203|2024-09-17|716667
203|2024-09-23|706565
203|2024-09-24|619059
203|2024-09-25|636852
203|2024-09-26|649592
203|2024-09-27|717492
203|2024-09-30|1094715
203|2024-10-01|1055837
203|2024-10-02|907831
203|2024-10-03|820568
203|2024-10-04|862291
203|2024-10-07|776939
203|2024-10-08|678459
203|2024-10-09|681771
203|2024-10-10|688609
203|2024-10-11|698126
203|2024-10-14|623764
203|2024-10-15|730189
203|2024-10-16|643879
203|2024-10-17|619050
203|2024-10-18|15149304
203|2024-10-21|580527
203|2024-10-22|616155
203|2024-10-23|586645
203|2024-10-24|636865
203|2024-10-25|704994
203|2024-10-28|646274
203|2024-10-29|764561
203|2024-10-30|1159243
203|2024-11-04|929633
203|2024-11-05|946721
203|2024-11-06|788359
203|2024-11-07|719756
203|2024-11-08|758946
203|2024-11-11|658901
203|2024-11-12|623569
203|2024-11-13|613711
203|2024-11-14|609931
203|2024-11-15|793327
203|2024-11-18|623887
203|2024-11-19|630064
203|2024-11-20|627495
203|2024-11-21|609926
203|2024-11-22|671439
203|2024-11-25|645225
203|2024-11-26|625253
203|2024-11-27|618172
203|2024-11-28|785167
203|2024-11-29|1156822
203|2024-12-02|989341
203|2024-12-03|830419
203|2024-12-04|804961
203|2024-12-05|883973
203|2024-12-06|833299
203|2024-12-09|718453
203|2024-12-10|674166
203|2024-12-11|669392
203|2024-12-12|657105
203|2024-12-13|768084
203|2024-12-16|712170
203|2024-12-17|659007
203|2024-12-18|682870
203|2024-12-19|703302
203|2024-12-20|848003
203|2024-12-23|786134
203|2024-12-24|670829
203|2024-12-26|625324
203|2024-12-27|730130
203|2024-12-30|959415
203|2025-01-02|823740
203|2025-01-03|780353
203|2025-01-06|751929
203|2025-01-07|670715
203|2025-01-08|642424
203|2025-01-09|614395
203|2025-01-10|622198
203|2025-01-13|587082
203|2025-01-14|577168
203|2025-01-15|675043
203|2025-01-16|604048
203|2025-01-17|650262
203|2025-01-20|603339
203|2025-01-21|569233
203|2025-01-22|557383
203|2025-01-23|551448
203|2025-01-24|663426
203|2025-01-27|590340
203|2025-01-28|642313
203|2025-01-29|607269
203|2025-01-30|805326
203|2025-01-31|1176691
203|2025-02-03|839375
203|2025-02-04|757435
203|2025-02-05|818113
203|2025-02-06|700770
203|2025-02-07|692948
203|2025-02-10|624255
203|2025-02-11|574278
203|2025-02-12|562641
203|2025-02-13|571711
203|2025-02-14|680333
203|2025-02-17|555777
203|2025-02-18|544222
203|2025-02-19|566312
203|2025-02-20|569905
203|2025-02-21|586992
203|2025-02-24|550539
203|2025-02-25|384597
203|2025-02-26|631596
203|2025-02-27|702499
203|2025-02-28|973240
203|2025-03-03|907436
203|2025-03-04|803384
203|2025-03-05|861268
203|2025-03-06|722475
203|2025-03-07|725027
203|2025-03-10|663762
203|2025-03-11|601910
203|2025-03-12|586914
203|2025-03-13|584704
203|2025-03-14|699794
203|2025-03-17|602852
203|2025-03-18|570805
203|2025-03-19|616620
203|2025-03-20|620836
203|2025-03-21|654108
203|2025-03-24|598284
203|2025-03-25|599957
203|2025-03-26|597269
203|2025-03-27|618098
203|2025-03-28|843102
203|2025-03-31|1034182
203|2025-04-01|956912
203|2025-04-02|829692
203|2025-04-03|741935
203|2025-04-04|853448
203|2025-04-07|741677
203|2025-04-08|646419
203|2025-04-09|648696
203|2025-04-10|642468
203|2025-04-11|653676
203|2025-04-14|614996
203|2025-04-15|669097
203|2025-04-16|666809
203|2025-04-17|707943
203|2025-04-21|614863
203|2025-04-22|574752
203|2025-04-23|562270
203|2025-04-24|612698
203|2025-04-25|710862
203|2025-04-28|652959
203|2025-04-29|757846
203|2025-04-30|1183726
203|2025-05-02|928765
203|2025-05-05|980130
203|2025-05-06|782568
203|2025-05-07|715379
203|2025-05-08|660904
203|2025-05-09|735493
203|2025-05-12|678826
203|2025-05-13|600608
203|2025-05-14|614505
203|2025-05-15|679548
203|2025-05-16|717529
203|2025-05-19|615896
203|2025-05-20|631349
203|2025-05-22|598597
203|2025-05-23|677618
203|2025-05-26|587085
203|2025-05-27|574103
203|2025-05-28|633087
203|2025-05-29|724605
203|2025-05-30|1192270
203|2025-06-02|973545
203|2025-06-03|802219
203|2025-06-04|806943
203|2025-06-05|866019
203|2025-06-06|794595
203|2025-06-09|674663
203|2025-06-10|660353
203|2025-06-11|619775
203|2025-06-12|569995
203|2025-06-13|735150
203|2025-06-16|602330
203|2025-06-17|584536
203|2025-06-18|598599
203|2025-06-19|702430
203|2025-06-23|599346
203|2025-06-24|607776
203|2025-06-25|608506
203|2025-06-26|602223
203|2025-06-27|785867
203|2025-06-30|1014729
203|2025-07-01|865867
203|2025-07-02|868941
203|2025-07-03|770851
203|2025-07-04|835390
203|2025-07-07|749659
203|2025-07-08|679053
203|2025-07-09|641553
203|2025-07-10|642522
203|2025-07-11|663661
203|2025-07-14|623717
203|2025-07-15|720131
203|2025-07-17|622731
203|2025-07-18|690724
203|2025-07-21|620232
203|2025-07-22|590603
203|2025-07-23|587457
203|2025-07-24|623432
203|2025-07-25|667397
203|2025-07-28|626210
203|2025-07-29|622833
203|2025-07-30|784773
203|2025-07-31|1147393
203|2025-08-01|1046295
203|2025-08-04|880634
203|2025-08-05|937933
203|2025-08-06|783828
203|2025-08-07|736325
203|2025-08-08|745788
203|2025-08-11|663073
203|2025-08-12|625840
203|2025-08-13|622074
203|2025-08-14|740878
203|2025-08-18|640620
203|2025-08-19|640370
203|2025-08-20|650515
203|2025-08-21|583466
203|2025-08-22|627176
203|2025-08-25|647559
203|2025-08-26|628468
203|2025-08-27|649146
203|2025-08-28|792533
203|2025-08-29|1161568
203|2025-09-01|1025091
203|2025-09-02|853378
203|2025-09-03|804096
203|2025-09-04|793308
203|2025-09-05|998453
203|2025-09-08|756843
203|2025-09-09|698451
203|2025-09-10|713888
203|2025-09-11|681387
203|2025-09-12|753625
203|2025-09-15|776087
203|2025-09-16|817749
203|2025-09-17|774905
203|2025-09-22|665378
203|2025-09-23|603514
203|2025-09-24|619006
203|2025-09-25|631170
203|2025-09-26|707242
203|2025-09-29|759091
203|2025-09-30|1211844
203|2025-10-01|1094824
203|2025-10-02|912595
203|2025-10-03|928080
203|2025-10-06|895991
203|2025-10-07|776779
203|2025-10-08|751730
203|2025-10-09|684838
203|2025-10-10|732797
203|2025-10-13|675233
203|2025-10-14|642005
203|2025-10-15|743485
203|2025-10-16|664602
203|2025-10-17|720344
203|2025-10-20|695327
203|2025-10-22|621330
203|2025-10-23|605849
203|2025-10-24|705894
203|2025-10-27|645721
203|2025-10-28|677077
203|2025-10-29|800782
203|2025-10-30|1201586
203|2025-11-03|995411
203|2025-11-04|856659
203|2025-11-05|923305
203|2025-11-06|799523
203|2025-11-07|791367
203|2025-11-10|711480
203|2025-11-11|647082
203|2025-11-12|626895
203|2025-11-13|631222
203|2025-11-14|767935
203|2025-11-17|649247
203|2025-11-18|633700
203|2025-11-19|664835
203|2025-11-20|651946
203|2025-11-21|697115
203|2025-11-24|623307
203|2025-11-25|669770
203|2025-11-26|662152
203|2025-11-27|754655
203|2025-11-28|1226837
203|2025-12-01|1066775
203|2025-12-02|878587
203|2025-12-03|788962
203|2025-12-04|827239
203|2025-12-05|978503
203|2025-12-09|763305
203|2025-12-10|743045
203|2025-12-11|696498
203|2025-12-12|735365
203|2025-12-15|771049
203|2025-12-16|714300
203|2025-12-17|699292
203|2025-12-18|702048
203|2025-12-19|807125
203|2025-12-22|803405
203|2025-12-23|831261
203|2025-12-24|719786
203|2025-12-26|647523
203|2025-12-29|753218
203|2025-12-30|1154141
203|2026-01-02|825263
203|2026-01-05|924205
203|2026-01-06|771371
203|2026-01-07|727040
203|2026-01-08|668695
203|2026-01-09|691517
203|2026-01-12|631410
203|2026-01-13|607611
203|2026-01-14|610279
203|2026-01-15|704913
203|2026-01-16|696749
203|2026-01-19|624612
203|2026-01-20|637391
203|2026-01-21|611018
203|2026-01-22|597380
203|2026-01-23|697382
203|2026-01-26|606295
203|2026-01-27|603598
203|2026-01-28|649218
203|2026-01-29|735977
203|2026-01-30|1140745
203|2026-02-02|888555
203|2026-02-03|779325
203|2026-02-04|747826
203|2026-02-05|836416
203|2026-02-06|779845
203|2026-02-09|636302
203|2026-02-10|629653
203|2026-02-11|597753
203|2026-02-12|589381
203|2026-02-13|698310
203|2026-02-16|593908
203|2026-02-17|570560
203|2026-02-18|571410
203|2026-02-19|593307
203|2026-02-20|651626
203|2026-02-23|576758
203|2026-02-24|583433
203|2026-02-25|646165
203|2026-02-26|701400
203|2026-02-27|1132825
203|2026-03-02|970800
203|2026-03-03|832881
203|2026-03-04|778553
203|2026-03-05|875999
203|2026-03-06|820380
203|2026-03-09|685157
203|2026-03-10|668836
203|2026-03-11|612449
203|2026-03-12|606461
203|2026-03-13|725912
203|2026-03-16|630469
203|2026-03-17|609508
203|2026-03-18|609381
203|2026-03-19|641102
203|2026-03-20|693079
203|2026-03-23|604791
203|2026-03-24|647104
203|2026-03-25|665632
203|2026-03-26|634785
203|2026-03-27|716578
203|2026-03-30|823882
203|2026-03-31|1202810
203|2026-04-01|1060969
203|2026-04-02|983179
203|2026-04-06|857692
203|2026-04-07|734622
203|2026-04-08|701280
203|2026-04-09|662708
203|2026-04-10|732943
203|2026-04-13|622651
203|2026-04-14|611091
203|2026-04-15|723512
203|2026-04-16|645023
203|2026-04-17|714574
203|2026-04-20|642926
203|2026-04-21|610895
203|2026-04-22|605129
203|2026-04-23|595051
203|2026-04-24|733170
203|2026-04-27|647007
203|2026-04-28|673623
204|2023-09-28|31394
204|2023-09-29|52281
204|2023-10-02|77478
204|2023-10-03|38576
204|2023-10-04|33582
204|2023-10-05|81664
204|2023-10-06|47189
204|2023-10-10|145676
204|2023-10-11|25422
204|2023-10-12|19024
204|2023-10-13|18751
204|2023-10-16|28774
204|2023-10-17|17576
204|2023-10-18|17251
204|2023-10-19|14684
204|2023-10-20|20808
204|2023-10-23|23071
204|2023-10-24|23150
204|2023-10-25|29257
204|2023-10-26|24997
204|2023-10-30|42015
204|2023-10-31|50187
204|2023-11-03|67688
204|2023-11-04|45006
204|2023-11-06|88361
204|2023-11-08|46492
204|2023-11-09|25449
204|2023-11-10|19404
204|2023-11-11|126153
204|2023-11-13|28048
204|2023-11-14|17454
204|2023-11-15|25102
204|2023-11-16|16671
204|2023-11-17|16331
204|2023-11-20|22526
204|2023-11-21|17766
204|2023-11-22|18013
204|2023-11-23|15157
204|2023-11-24|35314
204|2023-11-27|26208
204|2023-11-28|25311
204|2023-11-29|31133
204|2023-11-30|62455
204|2023-12-01|70376
204|2023-12-04|55283
204|2023-12-05|89138
204|2023-12-06|49121
204|2023-12-07|112777
204|2023-12-11|61562
204|2023-12-12|25993
204|2023-12-13|16125
204|2023-12-14|16540
204|2023-12-15|29411
204|2023-12-18|23349
204|2023-12-19|17116
204|2023-12-20|22396
204|2023-12-21|26244
204|2023-12-22|23614
204|2023-12-26|31245
204|2023-12-27|23286
204|2024-12-28|37077
204|2024-12-29|50795
204|2024-01-02|74821
204|2024-01-03|39511
204|2024-01-04|31822
204|2024-01-05|83628
204|2024-01-08|51531
204|2024-01-09|25062
204|2024-01-10|126326
204|2024-01-11|21297
204|2024-01-12|19261
204|2024-01-15|28348
204|2024-01-16|17226
204|2024-01-17|15068
204|2024-01-18|14929
204|2024-01-19|17109
204|2024-01-22|22875
204|2024-01-23|17288
204|2024-01-24|23965
204|2024-01-25|22827
204|2024-01-26|27562
204|2024-01-29|33392
204|2024-01-30|39399
204|2024-01-31|57989
204|2024-02-01|67417
204|2024-02-02|39825
204|2024-02-05|100389
204|2024-02-06|50483
204|2024-02-07|27541
204|2024-02-08|21345
204|2024-02-09|101576
204|2024-02-12|51904
204|2024-02-13|21447
204|2024-02-14|16617
204|2024-02-15|21917
204|2024-02-16|17561
204|2024-02-19|22136
204|2024-02-20|18879
204|2024-02-21|16587
204|2024-02-22|16955
204|2024-02-23|28879
204|2024-02-26|29865
204|2024-02-27|23385
204|2024-02-28|36352
204|2024-02-29|66193
204|2024-03-01|71891
204|2024-03-04|53701
204|2024-03-05|93423
204|2024-03-06|50753
204|2024-03-07|30413
204|2024-03-08|103768
204|2024-03-11|54427
204|2024-03-12|23605
204|2024-03-13|16921
204|2024-03-14|17075
204|2024-03-15|20454
204|2024-03-18|22252
204|2024-03-19|20384
204|2024-03-20|24522
204|2024-03-21|17889
204|2024-03-22|24524
204|2024-03-25|31634
204|2024-03-26|25242
204|2024-03-27|31373
204|2024-03-28|63418
204|2024-04-01|73801
204|2024-04-02|37637
204|2024-04-03|30806
204|2024-04-04|29541
204|2024-04-05|85501
204|2024-04-08|51462
204|2024-04-09|24207
204|2024-04-10|123598
204|2024-04-11|22042
204|2024-04-12|19780
204|2024-04-15|28854
204|2024-04-16|18429
204|2024-04-17|14224
204|2024-04-18|15312
204|2024-04-19|19301
204|2024-04-22|26016
204|2024-04-23|18374
204|2024-04-24|30810
204|2024-04-25|23296
204|2024-04-26|28112
204|2024-04-29|37817
204|2024-04-30|58604
204|2024-05-02|74497
204|2024-05-03|46190
204|2024-05-06|93098
204|2024-05-07|52651
204|2024-05-08|25558
204|2024-05-09|20418
204|2024-05-10|124541
204|2024-05-13|29577
204|2024-05-14|20313
204|2024-05-15|23809
204|2024-05-16|17775
204|2024-05-17|18061
204|2024-05-20|25763
204|2024-05-22|23291
204|2024-05-23|17660
204|2024-05-24|31551
204|2024-05-27|28591
204|2024-05-28|24503
204|2024-05-29|32919
204|2024-05-30|39868
204|2024-05-31|55027
204|2024-06-03|78387
204|2024-06-04|43974
204|2024-06-05|87412
204|2024-06-06|50930
204|2024-06-07|28513
204|2024-06-10|134412
204|2024-06-11|24201
204|2024-06-12|20276
204|2024-06-13|15748
204|2024-06-14|17685
204|2024-06-17|24694
204|2024-06-18|17297
204|2024-06-19|20124
204|2024-06-21|21097
204|2024-06-24|32269
204|2024-06-25|26651
204|2024-06-26|32071
204|2024-06-27|31353
204|2024-06-28|63931
204|2024-07-01|77001
204|2024-07-02|41128
204|2024-07-03|35334
204|2024-07-04|30673
204|2024-07-05|82416
204|2024-07-08|57920
204|2024-07-09|25902
204|2024-07-10|124653
204|2024-07-11|22691
204|2024-07-12|18794
204|2024-07-15|25230
204|2024-07-17|19622
204|2024-07-18|16665
204|2024-07-19|18109
204|2024-07-22|24474
204|2024-07-23|17924
204|2024-07-24|25269
204|2024-07-25|23962
204|2024-07-26|30596
204|2024-07-29|29606
204|2024-07-30|42234
204|2024-07-31|59785
204|2024-08-01|69312
204|2024-08-02|35783
204|2024-08-05|100919
204|2024-08-06|58424
204|2024-08-07|29192
204|2024-08-08|23710
204|2024-08-09|98393
204|2024-08-12|51348
204|2024-08-13|23213
204|2024-08-14|18795
204|2024-08-16|23097
204|2024-08-19|26968
204|2024-08-20|19513
204|2024-08-21|17071
204|2024-08-22|17783
204|2024-08-23|28354
204|2024-08-26|30739
204|2024-08-27|21581
204|2024-08-28|25287
204|2024-08-29|35621
204|2024-08-30|59909
204|2024-09-02|77188
204|2024-09-03|44973
204|2024-09-04|40249
204|2024-09-05|82177
204|2024-09-06|48462
204|2024-09-09|32883
204|2024-09-10|123763
204|2024-09-11|21972
204|2024-09-12|19656
204|2024-09-13|21997
204|2024-09-16|33793
204|2024-09-17|19998
204|2024-09-23|32026
204|2024-09-24|33614
204|2024-09-25|23579
204|2024-09-26|24730
204|2024-09-27|36643
204|2024-09-30|63266
204|2024-10-01|68836
204|2024-10-02|39342
204|2024-10-03|36496
204|2024-10-04|37675
204|2024-10-07|84416
204|2024-10-08|44336
204|2024-10-09|28021
204|2024-10-10|119738
204|2024-10-11|21076
204|2024-10-14|24934
204|2024-10-15|22947
204|2024-10-16|17056
204|2024-10-17|15953
204|2024-10-18|297971
204|2024-10-21|22517
204|2024-10-22|19738
204|2024-10-23|16663
204|2024-10-24|40403
204|2024-10-25|25625
204|2024-10-28|28595
204|2024-10-29|35699
204|2024-10-30|62796
204|2024-11-04|84743
204|2024-11-05|98371
204|2024-11-06|52452
204|2024-11-07|29668
204|2024-11-08|101270
204|2024-11-11|52805
204|2024-11-12|24263
204|2024-11-13|16203
204|2024-11-14|14933
204|2024-11-15|21523
204|2024-11-18|21737
204|2024-11-19|20104
204|2024-11-20|18232
204|2024-11-21|16716
204|2024-11-22|36963
204|2024-11-25|31066
204|2024-11-26|22712
204|2024-11-27|21528
204|2024-11-28|35833
204|2024-11-29|58874
204|2024-12-02|76461
204|2024-12-03|42473
204|2024-12-04|34723
204|2024-12-05|79795
204|2024-12-06|48257
204|2024-12-09|32062
204|2024-12-10|127565
204|2024-12-11|23535
204|2024-12-12|19330
204|2024-12-13|19506
204|2024-12-16|22148
204|2024-12-17|16702
204|2024-12-18|15043
204|2024-12-19|17886
204|2024-12-20|30499
204|2024-12-23|24637
204|2024-12-24|38901
204|2024-12-26|24774
204|2024-12-27|35819
204|2024-12-30|49635
204|2025-01-02|69061
204|2025-01-03|33258
204|2025-01-06|87444
204|2025-01-07|49146
204|2025-01-08|24551
204|2025-01-09|20660
204|2025-01-10|119318
204|2025-01-13|22416
204|2025-01-14|17172
204|2025-01-15|20480
204|2025-01-16|19674
204|2025-01-17|16358
204|2025-01-20|20223
204|2025-01-21|16014
204|2025-01-22|15116
204|2025-01-23|22814
204|2025-01-24|30053
204|2025-01-27|23651
204|2025-01-28|21840
204|2025-01-29|22207
204|2025-01-30|39724
204|2025-01-31|50620
204|2025-02-03|76278
204|2025-02-04|44546
204|2025-02-05|83214
204|2025-02-06|47323
204|2025-02-07|29123
204|2025-02-10|127436
204|2025-02-11|22479
204|2025-02-12|18285
204|2025-02-13|20913
204|2025-02-14|15983
204|2025-02-17|19404
204|2025-02-18|16023
204|2025-02-19|17793
204|2025-02-20|15321
204|2025-02-21|17795
204|2025-02-24|24375
204|2025-02-25|30045
204|2025-02-26|24403
204|2025-02-27|34971
204|2025-02-28|62194
204|2025-03-03|80158
204|2025-03-04|44342
204|2025-03-05|85094
204|2025-03-06|50786
204|2025-03-07|29892
204|2025-03-10|131256
204|2025-03-11|20244
204|2025-03-12|22746
204|2025-03-13|16140
204|2025-03-14|24536
204|2025-03-17|20605
204|2025-03-18|17527
204|2025-03-19|19749
204|2025-03-20|18604
204|2025-03-21|18968
204|2025-03-24|31218
204|2025-03-25|24935
204|2025-03-26|20491
204|2025-03-27|23374
204|2025-03-28|42327
204|2025-03-31|54325
204|2025-04-01|64065
204|2025-04-02|35208
204|2025-04-03|37459
204|2025-04-04|43771
204|2025-04-07|77215
204|2025-04-08|46650
204|2025-04-09|21643
204|2025-04-10|119184
204|2025-04-11|19044
204|2025-04-14|20597
204|2025-04-15|20567
204|2025-04-16|17724
204|2025-04-17|21473
204|2025-04-21|22271
204|2025-04-22|18749
204|2025-04-23|26765
204|2025-04-24|27470
204|2025-04-25|28110
204|2025-04-28|29169
204|2025-04-29|37901
204|2025-04-30|63668
204|2025-05-02|67896
204|2025-05-05|103529
204|2025-05-06|37338
204|2025-05-07|50381
204|2025-05-08|24873
204|2025-05-09|99815
204|2025-05-12|47320
204|2025-05-13|23384
204|2025-05-14|19756
204|2025-05-15|21528
204|2025-05-16|17864
204|2025-05-19|29088
204|2025-05-20|19063
204|2025-05-22|19576
204|2025-05-23|31889
204|2025-05-26|26145
204|2025-05-27|20141
204|2025-05-28|24578
204|2025-05-29|34705
204|2025-05-30|61756
204|2025-06-02|70197
204|2025-06-03|42644
204|2025-06-04|34551
204|2025-06-05|80394
204|2025-06-06|51002
204|2025-06-09|33477
204|2025-06-10|120415
204|2025-06-11|23182
204|2025-06-12|18931
204|2025-06-13|2
204|2025-06-16|20430
204|2025-06-17|15874
204|2025-06-18|16272
204|2025-06-19|22350
204|2025-06-23|23496
204|2025-06-24|36307
204|2025-06-25|27170
204|2025-06-26|24614
204|2025-06-27|40188
204|2025-06-30|60423
204|2025-07-01|68024
204|2025-07-02|43576
204|2025-07-03|40275
204|2025-07-04|41481
204|2025-07-07|83005
204|2025-07-08|48454
204|2025-07-09|25946
204|2025-07-10|127069
204|2025-07-11|19739
204|2025-07-14|25271
204|2025-07-15|22842
204|2025-07-17|18798
204|2025-07-18|20495
204|2025-07-21|25629
204|2025-07-22|17228
204|2025-07-23|14513
204|2025-07-24|27360
204|2025-07-25|24737
204|2025-07-28|26250
204|2025-07-29|23859
204|2025-07-30|43920
204|2025-07-31|64205
204|2025-08-01|72821
204|2025-08-04|59872
204|2025-08-05|89131
204|2025-08-06|51313
204|2025-08-07|33942
204|2025-08-08|100678
204|2025-08-11|59506
204|2025-08-12|30128
204|2025-08-13|16127
204|2025-08-14|21862
204|2025-08-18|21864
204|2025-08-19|27967
204|2025-08-20|18391
204|2025-08-21|16702
204|2025-08-22|25967
204|2025-08-25|30221
204|2025-08-26|22282
204|2025-08-27|22661
204|2025-08-28|37245
204|2025-08-29|64349
204|2025-09-01|68844
204|2025-09-02|39355
204|2025-09-03|38030
204|2025-09-04|33152
204|2025-09-05|84841
204|2025-09-08|42205
204|2025-09-09|28134
204|2025-09-10|126693
204|2025-09-11|24943
204|2025-09-12|22070
204|2025-09-15|23872
204|2025-09-16|35928
204|2025-09-17|19172
204|2025-09-22|24385
204|2025-09-23|18192
204|2025-09-24|22612
204|2025-09-25|22817
204|2025-09-26|34433
204|2025-09-29|35079
204|2025-09-30|69652
204|2025-10-01|72680
204|2025-10-02|44902
204|2025-10-03|49245
204|2025-10-06|83652
204|2025-10-07|56638
204|2025-10-08|26724
204|2025-10-09|22580
204|2025-10-10|135784
204|2025-10-13|22005
204|2025-10-14|20422
204|2025-10-15|20239
204|2025-10-16|17291
204|2025-10-17|26614
204|2025-10-20|16498
204|2025-10-22|16843
204|2025-10-23|16832
204|2025-10-24|36069
204|2025-10-27|23433
204|2025-10-28|25113
204|2025-10-29|34505
204|2025-10-30|60467
204|2025-11-03|100405
204|2025-11-04|43792
204|2025-11-05|86279
204|2025-11-06|51416
204|2025-11-07|33360
204|2025-11-10|132756
204|2025-11-11|26405
204|2025-11-12|26605
204|2025-11-13|14854
204|2025-11-14|18813
204|2025-11-17|24202
204|2025-11-18|16671
204|2025-11-19|17669
204|2025-11-20|16604
204|2025-11-21|18151
204|2025-11-24|23108
204|2025-11-25|24898
204|2025-11-26|25276
204|2025-11-27|33279
204|2025-11-28|65328
204|2025-12-01|71689
204|2025-12-02|38303
204|2025-12-03|42957
204|2025-12-04|32435
204|2025-12-05|84392
204|2025-12-09|45094
204|2025-12-10|136321
204|2025-12-11|21347
204|2025-12-12|22473
204|2025-12-15|32633
204|2025-12-16|17915
204|2025-12-17|16027
204|2025-12-18|16738
204|2025-12-19|22004
204|2025-12-22|25654
204|2025-12-23|23961
204|2025-12-24|44897
204|2025-12-26|24609
204|2025-12-29|33172
204|2025-12-30|62440
204|2026-01-02|69283
204|2026-01-05|111821
204|2026-01-06|57239
204|2026-01-07|37221
204|2026-01-08|27941
204|2026-01-09|95398
204|2026-01-12|53922
204|2026-01-13|22099
204|2026-01-14|15784
204|2026-01-15|19239
204|2026-01-16|24075
204|2026-01-19|17424
204|2026-01-20|17102
204|2026-01-21|15902
204|2026-01-22|15859
204|2026-01-23|25373
204|2026-01-26|27259
204|2026-01-27|18809
204|2026-01-28|25172
204|2026-01-29|34044
204|2026-01-30|61840
204|2026-02-02|73625
204|2026-02-03|44091
204|2026-02-04|38633
204|2026-02-05|82987
204|2026-02-06|49748
204|2026-02-09|40826
204|2026-02-10|134473
204|2026-02-11|25420
204|2026-02-12|22588
204|2026-02-13|19104
204|2026-02-16|20884
204|2026-02-17|16336
204|2026-02-18|14671
204|2026-02-19|17608
204|2026-02-20|17654
204|2026-02-23|23861
204|2026-02-24|22303
204|2026-02-25|26663
204|2026-02-26|33585
204|2026-02-27|65514
204|2026-03-02|81215
204|2026-03-03|50896
204|2026-03-04|37450
204|2026-03-05|86607
204|2026-03-06|53297
204|2026-03-09|51210
204|2026-03-10|127672
204|2026-03-11|22853
204|2026-03-12|21072
204|2026-03-13|20564
204|2026-03-16|20701
204|2026-03-17|27313
204|2026-03-18|16737
204|2026-03-19|19767
204|2026-03-20|18912
204|2026-03-23|19862
204|2026-03-24|28684
204|2026-03-25|23906
204|2026-03-26|20665
204|2026-03-27|25530
204|2026-03-30|39248
204|2026-03-31|63338
204|2026-04-01|72937
204|2026-04-02|52182
204|2026-04-06|100444
204|2026-04-07|58608
204|2026-04-08|28508
204|2026-04-09|34869
204|2026-04-10|123947
204|2026-04-13|27670
204|2026-04-14|16919
204|2026-04-15|19621
204|2026-04-16|17839
204|2026-04-17|17580
204|2026-04-21|16781
204|2026-04-22|15303
204|2026-04-23|15098
204|2026-04-24|30480
204|2026-04-27|30091
204|2026-04-28|25426
205|2023-09-28|46
205|2023-09-29|5
205|2023-10-02|9
205|2023-10-03|126
205|2023-10-04|11
205|2023-10-05|511
205|2023-10-06|593
205|2023-10-10|350
205|2023-10-11|10
205|2023-10-12|87
205|2023-10-13|84
205|2023-10-16|16
205|2023-10-17|13
205|2023-10-18|21
205|2023-10-19|15
205|2023-10-20|97
205|2023-10-23|90
205|2023-10-24|17
205|2023-10-25|22
205|2023-10-26|20
205|2023-10-30|13
205|2023-10-31|5
205|2023-11-03|13
205|2023-11-04|9
205|2023-11-06|6
205|2023-11-08|7
205|2023-11-09|95
205|2023-11-10|19
205|2023-11-11|15
205|2023-11-13|8
205|2023-11-14|12
205|2023-11-15|44
205|2023-11-16|173
205|2023-11-17|52
205|2023-11-20|13
205|2023-11-21|8
205|2023-11-23|31
205|2023-11-24|30
205|2023-11-27|6
205|2023-11-28|23
205|2023-11-29|16
205|2023-11-30|89
205|2023-12-01|13
205|2023-12-04|654
205|2023-12-05|307
205|2023-12-06|239
205|2023-12-07|504
205|2023-12-11|18
205|2023-12-12|123
205|2023-12-13|14
205|2023-12-14|31
205|2023-12-15|37
205|2023-12-18|154
205|2023-12-19|35
205|2023-12-20|25
205|2023-12-21|47
205|2023-12-22|64
205|2023-12-26|21
205|2023-12-27|34
205|2024-12-28|39
205|2024-12-29|99
205|2024-01-02|147
205|2024-01-03|41
205|2024-01-04|29
205|2024-01-05|15
205|2024-01-08|557
205|2024-01-09|208
205|2024-01-10|40
205|2024-01-11|80
205|2024-01-12|40
205|2024-01-15|77
205|2024-01-16|44
205|2024-01-17|32
205|2024-01-18|128
205|2024-01-19|40
205|2024-01-22|24
205|2024-01-23|35
205|2024-01-24|129
205|2024-01-25|70
205|2024-01-26|17
205|2024-01-29|65
205|2024-01-30|94
205|2024-01-31|51
205|2024-02-01|65
205|2024-02-02|121
205|2024-02-05|46
205|2024-02-06|19
205|2024-02-07|66
205|2024-02-08|161
205|2024-02-09|26
205|2024-02-12|547
205|2024-02-13|24
205|2024-02-14|55
205|2024-02-15|18
205|2024-02-16|32
205|2024-02-19|27
205|2024-02-20|30
205|2024-02-21|32
205|2024-02-22|53
205|2024-02-23|31
205|2024-02-26|63
205|2024-02-27|204
205|2024-02-28|36
205|2024-02-29|31
205|2024-03-01|404
205|2024-03-04|1255
205|2024-03-05|66
205|2024-03-06|32
205|2024-03-07|34
205|2024-03-08|47
205|2024-03-11|72
205|2024-03-12|160
205|2024-03-13|104
205|2024-03-14|66
205|2024-03-15|53
205|2024-03-18|54
205|2024-03-19|463
205|2024-03-20|17
205|2024-03-21|34
205|2024-03-22|25
205|2024-03-25|108
205|2024-03-26|294
205|2024-03-27|36
205|2024-03-28|478
205|2024-04-01|413
205|2024-04-02|68
205|2024-04-03|45
205|2024-04-04|43
205|2024-04-05|133
205|2024-04-08|90
205|2024-04-09|275
205|2024-04-10|173
205|2024-04-11|669
205|2024-04-12|39
205|2024-04-15|102
205|2024-04-16|573
205|2024-04-17|445
205|2024-04-18|321
205|2024-04-19|83
205|2024-04-22|57
205|2024-04-23|150
205|2024-04-24|186
205|2024-04-25|76
205|2024-04-26|175
205|2024-04-29|67
205|2024-04-30|68
205|2024-05-02|51
205|2024-05-03|389
205|2024-05-06|3979
205|2024-05-07|2473
205|2024-05-08|1543
205|2024-05-09|987
205|2024-05-10|2681
205|2024-05-13|2135
205|2024-05-14|2045
205|2024-05-15|2134
205|2024-05-16|1595
205|2024-05-17|2062
205|2024-05-20|1797
205|2024-05-22|1938
205|2024-05-23|1677
205|2024-05-24|909
205|2024-05-27|3241
205|2024-05-28|1581
205|2024-05-29|702
205|2024-05-30|2247
205|2024-05-31|1873
205|2024-06-03|1428
205|2024-06-04|1866
205|2024-06-05|2010
205|2024-06-06|5390
205|2024-06-07|1401
205|2024-06-10|677
205|2024-06-11|933
205|2024-06-12|1493
205|2024-06-13|2691
205|2024-06-14|688
205|2024-06-17|1742
205|2024-06-18|1219
205|2024-06-19|1289
205|2024-06-21|1391
205|2024-06-24|248
205|2024-06-25|1370
205|2024-06-26|1954
205|2024-06-27|2816
205|2024-06-28|1630
205|2024-07-01|601
205|2024-07-02|1912
205|2024-07-03|1891
205|2024-07-04|793
205|2024-07-05|2151
205|2024-07-08|1372
205|2024-07-09|766
205|2024-07-10|611
205|2024-07-11|1160
205|2024-07-12|881
205|2024-07-15|1448
205|2024-07-17|925
205|2024-07-18|772
205|2024-07-19|1411
205|2024-07-22|2258
205|2024-07-23|932
205|2024-07-24|947
205|2024-07-25|2384
205|2024-07-26|779
205|2024-07-29|1900
205|2024-07-30|1369
205|2024-07-31|1582
205|2024-08-01|1477
205|2024-08-02|1389
205|2024-08-05|1163
205|2024-08-06|2000
205|2024-08-07|3081
205|2024-08-08|2018
205|2024-08-09|1673
205|2024-08-12|2257
205|2024-08-13|2065
205|2024-08-14|2285
205|2024-08-16|2933
205|2024-08-19|1982
205|2024-08-20|2705
205|2024-08-21|2232
205|2024-08-22|2202
205|2024-08-23|1423
205|2024-08-26|2342
205|2024-08-27|2554
205|2024-08-28|1874
205|2024-08-29|2201
205|2024-08-30|1540
205|2024-09-02|1440
205|2024-09-03|1806
205|2024-09-04|1908
205|2024-09-05|1105
205|2024-09-06|2078
205|2024-09-09|872
205|2024-09-10|818
205|2024-09-11|1014
205|2024-09-12|873
205|2024-09-13|2107
205|2024-09-16|1984
205|2024-09-17|797
205|2024-09-23|949
205|2024-09-24|582
205|2024-09-25|1800
205|2024-09-26|1289
205|2024-09-27|930
205|2024-09-30|1687
205|2024-10-01|1326
205|2024-10-02|1745
205|2024-10-03|1026
205|2024-10-04|929
205|2024-10-07|1816
205|2024-10-08|2016
205|2024-10-09|1277
205|2024-10-10|483
205|2024-10-11|1420
205|2024-10-14|861
205|2024-10-15|1296
205|2024-10-16|959
205|2024-10-17|745
205|2024-10-18|25556
205|2024-10-21|1108
205|2024-10-22|899
205|2024-10-23|736
205|2024-10-24|2061
205|2024-10-25|1281
205|2024-10-28|1328
205|2024-10-29|1420
205|2024-10-30|1455
205|2024-11-04|935
205|2024-11-05|754
205|2024-11-06|1352
205|2024-11-07|951
205|2024-11-08|1508
205|2024-11-11|1389
205|2024-11-12|1660
205|2024-11-13|1091
205|2024-11-14|1219
205|2024-11-15|842
205|2024-11-18|1193
205|2024-11-19|695
205|2024-11-20|1028
205|2024-11-21|1814
205|2024-11-22|2054
205|2024-11-25|721
205|2024-11-26|1397
205|2024-11-27|1264
205|2024-11-28|1207
205|2024-11-29|848
205|2024-12-02|327
205|2024-12-03|584
205|2024-12-04|626
205|2024-12-05|671
205|2024-12-06|1170
205|2024-12-09|2553
205|2024-12-10|1627
205|2024-12-11|1062
205|2024-12-12|977
205|2024-12-13|1216
205|2024-12-16|1031
205|2024-12-17|1524
205|2024-12-18|801
205|2024-12-19|3015
205|2024-12-20|826
205|2024-12-23|1113
205|2024-12-24|1720
205|2024-12-26|1283
205|2024-12-27|319
205|2024-12-30|836
205|2025-01-02|794
205|2025-01-03|632
205|2025-01-06|372
205|2025-01-07|1512
205|2025-01-08|1210
205|2025-01-09|2489
205|2025-01-10|1572
205|2025-01-13|633
205|2025-01-14|1042
205|2025-01-15|1710
205|2025-01-16|2363
205|2025-01-17|1378
205|2025-01-20|1919
205|2025-01-21|1533
205|2025-01-22|442
205|2025-01-23|1524
205|2025-01-24|721
205|2025-01-27|1272
205|2025-01-28|2415
205|2025-01-29|587
205|2025-01-30|1650
205|2025-01-31|1046
205|2025-02-03|948
205|2025-02-04|1308
205|2025-02-05|1949
205|2025-02-06|3202
205|2025-02-07|1249
205|2025-02-10|1632
205|2025-02-11|2229
205|2025-02-12|2102
205|2025-02-13|788
205|2025-02-14|696
205|2025-02-17|1894
205|2025-02-18|621
205|2025-02-19|907
205|2025-02-20|914
205|2025-02-21|966
205|2025-02-24|2668
205|2025-02-25|1482
205|2025-02-26|2581
205|2025-02-27|1821
205|2025-02-28|2424
205|2025-03-03|1719
205|2025-03-04|2635
205|2025-03-05|1835
205|2025-03-06|793
205|2025-03-07|2306
205|2025-03-10|2298
205|2025-03-11|2125
205|2025-03-12|1961
205|2025-03-13|1699
205|2025-03-14|1619
205|2025-03-17|1697
205|2025-03-18|2845
205|2025-03-19|2761
205|2025-03-20|1524
205|2025-03-21|833
205|2025-03-24|995
205|2025-03-25|1715
205|2025-03-26|2461
205|2025-03-27|2989
205|2025-03-28|1671
205|2025-03-31|2405
205|2025-04-01|1276
205|2025-04-02|1571
205|2025-04-03|1248
205|2025-04-04|1005
205|2025-04-07|1039
205|2025-04-08|1064
205|2025-04-09|1804
205|2025-04-10|3106
205|2025-04-11|2071
205|2025-04-14|1703
205|2025-04-15|1086
205|2025-04-16|1318
205|2025-04-17|2391
205|2025-04-21|2242
205|2025-04-22|918
205|2025-04-23|708
205|2025-04-24|3309
205|2025-04-25|2592
205|2025-04-28|1415
205|2025-04-29|2259
205|2025-04-30|1326
205|2025-05-02|1885
205|2025-05-05|3576
205|2025-05-06|2423
205|2025-05-07|1968
205|2025-05-08|1666
205|2025-05-09|3926
205|2025-05-12|1287
205|2025-05-13|2101
205|2025-05-14|1959
205|2025-05-15|4051
205|2025-05-16|4509
205|2025-05-19|2831
205|2025-05-20|1852
205|2025-05-22|1106
205|2025-05-23|1300
205|2025-05-26|865
205|2025-05-27|664
205|2025-05-28|1088
205|2025-05-29|1211
205|2025-05-30|1419
205|2025-06-02|1128
205|2025-06-03|5752
205|2025-06-04|3256
205|2025-06-05|4655
205|2025-06-06|3875
205|2025-06-09|3582
205|2025-06-10|1967
205|2025-06-11|2662
205|2025-06-12|3080
205|2025-06-13|1217
205|2025-06-16|1581
205|2025-06-17|2017
205|2025-06-18|2718
205|2025-06-19|2332
205|2025-06-23|2317
205|2025-06-24|1822
205|2025-06-25|1526
205|2025-06-26|3798
205|2025-06-27|1364
205|2025-06-30|715
205|2025-07-01|1402
205|2025-07-02|2531
205|2025-07-03|2880
205|2025-07-04|1551
205|2025-07-07|2036
205|2025-07-08|1383
205|2025-07-09|1562
205|2025-07-10|1719
205|2025-07-11|2465
205|2025-07-14|1620
205|2025-07-15|2221
205|2025-07-17|787
205|2025-07-18|1907
205|2025-07-21|3950
205|2025-07-22|2351
205|2025-07-23|1741
205|2025-07-24|1302
205|2025-07-25|1161
205|2025-07-28|2171
205|2025-07-29|2752
205|2025-07-30|747
205|2025-07-31|1387
205|2025-08-01|1832
205|2025-08-04|2181
205|2025-08-05|2925
205|2025-08-06|1733
205|2025-08-07|1063
205|2025-08-08|2072
205|2025-08-11|2525
205|2025-08-12|1664
205|2025-08-13|1548
205|2025-08-14|2840
205|2025-08-18|2148
205|2025-08-19|2222
205|2025-08-20|3199
205|2025-08-21|3958
205|2025-08-22|2133
205|2025-08-25|1208
205|2025-08-26|999
205|2025-08-27|1128
205|2025-08-28|2835
205|2025-08-29|2007
205|2025-09-01|2089
205|2025-09-02|1916
205|2025-09-03|1525
205|2025-09-04|1065
205|2025-09-05|1961
205|2025-09-08|2457
205|2025-09-09|2595
205|2025-09-10|1928
205|2025-09-11|1220
205|2025-09-12|696
205|2025-09-15|1760
205|2025-09-16|2795
205|2025-09-17|1997
205|2025-09-22|1386
205|2025-09-23|847
205|2025-09-24|1937
205|2025-09-25|1714
205|2025-09-26|1114
205|2025-09-29|1170
205|2025-09-30|1436
205|2025-10-01|1501
205|2025-10-02|2499
205|2025-10-03|1539
205|2025-10-06|4500
205|2025-10-07|1270
205|2025-10-08|1675
205|2025-10-09|884
205|2025-10-10|1682
205|2025-10-13|2147
205|2025-10-14|2516
205|2025-10-15|1295
205|2025-10-16|2162
205|2025-10-17|1269
205|2025-10-20|1740
205|2025-10-21|1128
205|2025-10-22|1684
205|2025-10-23|964
205|2025-10-24|2470
205|2025-10-27|1671
205|2025-10-28|1647
205|2025-10-29|2496
205|2025-10-30|1961
205|2025-11-03|3584
205|2025-11-04|1923
205|2025-11-05|5638
205|2025-11-06|2065
205|2025-11-07|1873
205|2025-11-10|5255
205|2025-11-11|1803
205|2025-11-12|2137
205|2025-11-13|2142
205|2025-11-14|2839
205|2025-11-17|4506
205|2025-11-18|3541
205|2025-11-19|2334
205|2025-11-20|1417
205|2025-11-21|1800
205|2025-11-24|1331
205|2025-11-25|2546
205|2025-11-26|1416
205|2025-11-27|3122
205|2025-11-28|1991
205|2025-12-01|1481
205|2025-12-02|3016
205|2025-12-03|922
205|2025-12-04|3096
205|2025-12-05|1032
205|2025-12-09|1920
205|2025-12-10|1082
205|2025-12-11|1486
205|2025-12-12|518
205|2025-12-15|1966
205|2025-12-16|2344
205|2025-12-17|2009
205|2025-12-18|1668
205|2025-12-19|1579
205|2025-12-22|1247
205|2025-12-23|1214
205|2025-12-24|1995
205|2025-12-26|1276
205|2025-12-29|754
205|2025-12-30|3855
205|2026-01-02|1924
205|2026-01-05|625
205|2026-01-06|2006
205|2026-01-07|3284
205|2026-01-08|2067
205|2026-01-09|2215
205|2026-01-12|1424
205|2026-01-13|1940
205|2026-01-14|1388
205|2026-01-15|3067
205|2026-01-16|3010
205|2026-01-19|2425
205|2026-01-20|2666
205|2026-01-21|808
205|2026-01-22|2181
205|2026-01-23|1756
205|2026-01-26|2180
205|2026-01-27|3586
205|2026-01-28|1920
205|2026-01-29|2370
205|2026-01-30|3613
205|2026-02-02|3739
205|2026-02-03|3109
205|2026-02-04|2150
205|2026-02-05|2803
205|2026-02-06|3052
205|2026-02-09|2629
205|2026-02-10|1897
205|2026-02-11|3993
205|2026-02-12|1772
205|2026-02-13|2502
205|2026-02-16|2382
205|2026-02-17|2211
205|2026-02-18|1748
205|2026-02-19|3696
205|2026-02-20|1105
205|2026-02-23|898
205|2026-02-24|1795
205|2026-02-25|1818
205|2026-02-26|1135
205|2026-02-27|3745
205|2026-03-02|4407
205|2026-03-03|1667
205|2026-03-04|2456
205|2026-03-05|2477
205|2026-03-06|2339
205|2026-03-09|2239
205|2026-03-10|2886
205|2026-03-11|1219
205|2026-03-12|2021
205|2026-03-13|1308
205|2026-03-16|1183
205|2026-03-17|1330
205|2026-03-18|1797
205|2026-03-19|830
205|2026-03-20|3363
205|2026-03-23|1928
205|2026-03-24|1041
205|2026-03-25|3376
205|2026-03-26|4303
205|2026-03-27|2960
205|2026-03-30|1624
205|2026-03-31|2852
205|2026-04-01|1351
205|2026-04-02|2673
205|2026-04-06|1973
205|2026-04-07|707
205|2026-04-08|1757
205|2026-04-09|1334
205|2026-04-10|3499
205|2026-04-13|1627
205|2026-04-14|1250
205|2026-04-15|1137
205|2026-04-16|3460
205|2026-04-17|1180
205|2026-04-20|1550
205|2026-04-21|1737
205|2026-04-22|1875
205|2026-04-23|2058
205|2026-04-24|1195
205|2026-04-27|2404
205|2026-04-28|2093
206|2023-09-28|5717
206|2023-09-29|5717
206|2023-10-02|5717
206|2023-10-03|5717
206|2023-10-04|5717
206|2023-10-05|5717
206|2023-10-06|5717
206|2023-10-10|5717
206|2023-10-11|5717
206|2023-10-12|5717
206|2023-10-13|5717
206|2023-10-16|5717
206|2023-10-17|5722
206|2023-10-18|5722
206|2023-10-19|5722
206|2023-10-20|5722
206|2023-10-23|5722
206|2023-10-24|5722
206|2023-10-25|5722
206|2023-10-26|5722
206|2023-10-30|5727
206|2023-10-31|5727
206|2023-11-03|5727
206|2023-11-04|5727
206|2023-11-06|5727
206|2023-11-08|5731
206|2023-11-09|5731
206|2023-11-10|5733
206|2023-11-11|5733
206|2023-11-13|5733
206|2023-11-14|5733
206|2023-11-15|5733
206|2023-11-16|5733
206|2023-11-17|5739
206|2023-11-20|5739
206|2023-11-21|5739
206|2023-11-22|5739
206|2023-11-23|5739
206|2023-11-24|5739
206|2023-11-27|5739
206|2023-11-28|5739
206|2023-11-29|5739
206|2023-11-30|5739
206|2023-12-01|5739
206|2023-12-04|5739
206|2023-12-05|5739
206|2023-12-06|5739
206|2023-12-07|5739
206|2023-12-11|5739
206|2023-12-12|5739
206|2023-12-13|5739
206|2023-12-14|5739
206|2023-12-15|5739
206|2023-12-18|5775
206|2023-12-19|5800
206|2023-12-20|5800
206|2023-12-21|5800
206|2023-12-22|5800
206|2023-12-26|5800
206|2023-12-27|5800
206|2024-12-28|5800
206|2024-12-29|5800
206|2024-01-02|5800
206|2024-01-03|5800
206|2024-01-04|5800
206|2024-01-05|5800
206|2024-01-08|5800
206|2024-01-09|5800
206|2024-01-10|5800
206|2024-01-11|5800
206|2024-01-12|5800
206|2024-01-15|5800
206|2024-01-16|5800
206|2024-01-17|5800
206|2024-01-18|5800
206|2024-01-19|5800
206|2024-01-22|5800
206|2024-01-23|5800
206|2024-01-24|5800
206|2024-01-25|5800
206|2024-01-26|5800
206|2024-01-29|5800
206|2024-01-30|5800
206|2024-01-31|5800
206|2024-02-01|5800
206|2024-02-02|5800
206|2024-02-05|5833
206|2024-02-06|5858
206|2024-02-07|5858
206|2024-02-08|5858
206|2024-02-09|5858
206|2024-02-12|5858
206|2024-02-13|5858
206|2024-02-14|5858
206|2024-02-15|5858
206|2024-02-16|5858
206|2024-02-19|5858
206|2024-02-20|5858
206|2024-02-21|5858
206|2024-02-22|5858
206|2024-02-23|5858
206|2024-02-26|5858
206|2024-02-27|5858
206|2024-02-28|5858
206|2024-02-29|5858
206|2024-03-01|5858
206|2024-03-04|5858
206|2024-03-05|5858
206|2024-03-06|5858
206|2024-03-07|5858
206|2024-03-08|5858
206|2024-03-11|5860
206|2024-03-12|5864
206|2024-03-13|5864
206|2024-03-14|5864
206|2024-03-15|5864
206|2024-03-18|5864
206|2024-03-19|5864
206|2024-03-20|5864
206|2024-03-21|5864
206|2024-03-22|5864
206|2024-03-25|5865
206|2024-03-26|5865
206|2024-03-27|5865
206|2024-03-28|5865
206|2024-04-01|5865
206|2024-04-02|5865
206|2024-04-03|5865
206|2024-04-04|5865
206|2024-04-05|5865
206|2024-04-08|5865
206|2024-04-09|5865
206|2024-04-10|5865
206|2024-04-11|5865
206|2024-04-12|5865
206|2024-04-15|5865
206|2024-04-16|5865
206|2024-04-17|5865
206|2024-04-18|5865
206|2024-04-19|5865
206|2024-04-22|5865
206|2024-04-23|5865
206|2024-04-24|5869
206|2024-04-25|5869
206|2024-04-26|5869
206|2024-04-29|5869
206|2024-04-30|5869
206|2024-05-02|5869
206|2024-05-03|5869
206|2024-05-06|5869
206|2024-05-07|5869
206|2024-05-08|5869
206|2024-05-09|5869
206|2024-05-10|5869
206|2024-05-13|5871
206|2024-05-14|5871
206|2024-05-15|5871
206|2024-05-16|5871
206|2024-05-17|5871
206|2024-05-20|5872
206|2024-05-22|5872
206|2024-05-23|5872
206|2024-05-24|5872
206|2024-05-27|5872
206|2024-05-28|5872
206|2024-05-29|5872
206|2024-05-30|5872
206|2024-05-31|5872
206|2024-06-03|5872
206|2024-06-04|5872
206|2024-06-05|5872
206|2024-06-06|5872
206|2024-06-07|5872
206|2024-06-10|5872
206|2024-06-11|5872
206|2024-06-12|5874
206|2024-06-13|5874
206|2024-06-14|5874
206|2024-06-17|5874
206|2024-06-18|5874
206|2024-06-19|5874
206|2024-06-21|5874
206|2024-06-24|5874
206|2024-06-25|5874
206|2024-06-26|5874
206|2024-06-27|5874
206|2024-06-28|5874
206|2024-07-01|5874
206|2024-07-02|5874
206|2024-07-03|5876
206|2024-07-04|5876
206|2024-07-05|5876
206|2024-07-08|5892
206|2024-07-09|5892
206|2024-07-10|5892
206|2024-07-11|5892
206|2024-07-12|5892
206|2024-07-15|5892
206|2024-07-17|5892
206|2024-07-18|5892
206|2024-07-19|5892
206|2024-07-22|5892
206|2024-07-23|5892
206|2024-07-24|5892
206|2024-07-25|5892
206|2024-07-26|5892
206|2024-07-29|5892
206|2024-07-30|5892
206|2024-07-31|5892
206|2024-08-01|5892
206|2024-08-02|5892
206|2024-08-05|5892
206|2024-08-06|5892
206|2024-08-07|5894
206|2024-08-08|5894
206|2024-08-09|5894
206|2024-08-12|5894
206|2024-08-13|5894
206|2024-08-14|5894
206|2024-08-16|5894
206|2024-08-19|5894
206|2024-08-20|5894
206|2024-08-21|5894
206|2024-08-22|5894
206|2024-08-23|5894
206|2024-08-26|5896
206|2024-08-27|5896
206|2024-08-28|5896
206|2024-08-29|5896
206|2024-08-30|5896
206|2024-09-02|5896
206|2024-09-03|5896
206|2024-09-04|5898
206|2024-09-05|5898
206|2024-09-06|5898
206|2024-09-09|5898
206|2024-09-10|5898
206|2024-09-11|5898
206|2024-09-12|5898
206|2024-09-13|5898
206|2024-09-16|5898
206|2024-09-17|5898
206|2024-09-23|5898
206|2024-09-24|5898
206|2024-09-25|5898
206|2024-09-26|5898
206|2024-09-27|5898
206|2024-09-30|5898
206|2024-10-01|5898
206|2024-10-02|5898
206|2024-10-03|5898
206|2024-10-04|5898
206|2024-10-07|5898
206|2024-10-08|5898
206|2024-10-09|5898
206|2024-10-10|5898
206|2024-10-11|5898
206|2024-10-14|5898
206|2024-10-15|5898
206|2024-10-16|5898
206|2024-10-17|5898
206|2024-10-18|63036
206|2024-10-21|5898
206|2024-10-22|5898
206|2024-10-23|5898
206|2024-10-24|5898
206|2024-10-25|5898
206|2024-10-28|5898
206|2024-10-29|5898
206|2024-10-30|5898
206|2024-11-04|5898
206|2024-11-05|5898
206|2024-11-06|5898
206|2024-11-07|5898
206|2024-11-08|5898
206|2024-11-11|5898
206|2024-11-12|5898
206|2024-11-13|5898
206|2024-11-14|5898
206|2024-11-15|5898
206|2024-11-18|5898
206|2024-11-19|5898
206|2024-11-20|5898
206|2024-11-21|5898
206|2024-11-22|5898
206|2024-11-25|5898
206|2024-11-26|5898
206|2024-11-27|5898
206|2024-11-28|5898
206|2024-11-29|5898
206|2024-12-02|5898
206|2024-12-03|5898
206|2024-12-04|5898
206|2024-12-05|5898
206|2024-12-06|5898
206|2024-12-09|5898
206|2024-12-10|5898
206|2024-12-11|5898
206|2024-12-12|5898
206|2024-12-13|5898
206|2024-12-16|5898
206|2024-12-17|5898
206|2024-12-18|5898
206|2024-12-19|5898
206|2024-12-20|5898
206|2024-12-23|5898
206|2024-12-24|5898
206|2024-12-26|5898
206|2024-12-27|5898
206|2024-12-30|5898
206|2025-01-02|5898
206|2025-01-03|5898
206|2025-01-06|5898
206|2025-01-07|5898
206|2025-01-08|5898
206|2025-01-09|5898
206|2025-01-10|5898
206|2025-01-13|5900
206|2025-01-14|5900
206|2025-01-15|5900
206|2025-01-16|5900
206|2025-01-17|5900
206|2025-01-20|5900
206|2025-01-21|5900
206|2025-01-22|5900
206|2025-01-23|5900
206|2025-01-24|5900
206|2025-01-27|5900
206|2025-01-28|5900
206|2025-01-29|5900
206|2025-01-30|5900
206|2025-01-31|5900
206|2025-02-03|5900
206|2025-02-04|5900
206|2025-02-05|5900
206|2025-02-06|5900
206|2025-02-07|5900
206|2025-02-10|5900
206|2025-02-11|5900
206|2025-02-12|5900
206|2025-02-13|5900
206|2025-02-14|5900
206|2025-02-17|5904
206|2025-02-18|5904
206|2025-02-19|5908
206|2025-02-20|5908
206|2025-02-21|5910
206|2025-02-24|5910
206|2025-02-25|5910
206|2025-02-26|5910
206|2025-02-27|5910
206|2025-02-28|5910
206|2025-03-03|5910
206|2025-03-04|5910
206|2025-03-05|5910
206|2025-03-06|5910
206|2025-03-07|5913
206|2025-03-10|5913
206|2025-03-11|5913
206|2025-03-12|5913
206|2025-03-13|5935
206|2025-03-14|5935
206|2025-03-17|5935
206|2025-03-18|5935
206|2025-03-19|5935
206|2025-03-20|5935
206|2025-03-21|5935
206|2025-03-24|5935
206|2025-03-25|5935
206|2025-03-26|5935
206|2025-03-27|5935
206|2025-03-28|5935
206|2025-03-31|5935
206|2025-04-01|5935
206|2025-04-02|5935
206|2025-04-03|5935
206|2025-04-04|5935
206|2025-04-07|5935
206|2025-04-08|5935
206|2025-04-09|5935
206|2025-04-10|5935
206|2025-04-11|5935
206|2025-04-14|5935
206|2025-04-15|5935
206|2025-04-16|5935
206|2025-04-17|5935
206|2025-04-21|5935
206|2025-04-22|5935
206|2025-04-23|5935
206|2025-04-24|5935
206|2025-04-25|5935
206|2025-04-28|5935
206|2025-04-29|5935
206|2025-04-30|5935
206|2025-05-02|5935
206|2025-05-05|5935
206|2025-05-06|5935
206|2025-05-07|5935
206|2025-05-08|5935
206|2025-05-09|5935
206|2025-05-12|5935
206|2025-05-13|5935
206|2025-05-14|5935
206|2025-05-15|5935
206|2025-05-16|5935
206|2025-05-19|5935
206|2025-05-20|5935
206|2025-05-22|5937
206|2025-05-23|5937
206|2025-05-26|5937
206|2025-05-27|5937
206|2025-05-28|5937
206|2025-05-29|5937
206|2025-05-30|5937
206|2025-06-02|5937
206|2025-06-03|5937
206|2025-06-04|5937
206|2025-06-05|5948
206|2025-06-06|5948
206|2025-06-09|5948
206|2025-06-10|5948
206|2025-06-11|5948
206|2025-06-12|5948
206|2025-06-13|5948
206|2025-06-16|5948
206|2025-06-17|5948
206|2025-06-18|5948
206|2025-06-19|5948
206|2025-06-23|5948
206|2025-06-24|5948
206|2025-06-25|5948
206|2025-06-26|5948
206|2025-06-27|5948
206|2025-06-30|5948
206|2025-07-01|5948
206|2025-07-02|5948
206|2025-07-03|5948
206|2025-07-04|5948
206|2025-07-07|5948
206|2025-07-08|5948
206|2025-07-09|5948
206|2025-07-10|5948
206|2025-07-11|5948
206|2025-07-14|5948
206|2025-07-15|5948
206|2025-07-17|5948
206|2025-07-18|5948
206|2025-07-21|5948
206|2025-07-22|5950
206|2025-07-23|5950
206|2025-07-24|5950
206|2025-07-25|5950
206|2025-07-28|5950
206|2025-07-29|5952
206|2025-07-30|5954
206|2025-07-31|5954
206|2025-08-01|5954
206|2025-08-04|5954
206|2025-08-05|5954
206|2025-08-06|5954
206|2025-08-07|5954
206|2025-08-08|5954
206|2025-08-11|5954
206|2025-08-12|5954
206|2025-08-13|5954
206|2025-08-14|5954
206|2025-08-18|5956
206|2025-08-19|5956
206|2025-08-20|5956
206|2025-08-21|5956
206|2025-08-22|5956
206|2025-08-25|5956
206|2025-08-26|5956
206|2025-08-27|5956
206|2025-08-28|5956
206|2025-08-29|5956
206|2025-09-01|5957
206|2025-09-02|5957
206|2025-09-03|5957
206|2025-09-04|5957
206|2025-09-05|5957
206|2025-09-08|5957
206|2025-09-09|5957
206|2025-09-10|5957
206|2025-09-11|5957
206|2025-09-12|5957
206|2025-09-15|5973
206|2025-09-16|5973
206|2025-09-17|5973
206|2025-09-22|5973
206|2025-09-23|5973
206|2025-09-24|5973
206|2025-09-25|5973
206|2025-09-26|5973
206|2025-09-29|5973
206|2025-09-30|5973
206|2025-10-01|5973
206|2025-10-02|5973
206|2025-10-03|5973
206|2025-10-06|5973
206|2025-10-07|5973
206|2025-10-08|5973
206|2025-10-09|5973
206|2025-10-10|5973
206|2025-10-13|5991
206|2025-10-14|5991
206|2025-10-15|5991
206|2025-10-16|5991
206|2025-10-17|5991
206|2025-10-20|5991
206|2025-10-21|5991
206|2025-10-22|5994
206|2025-10-23|5994
206|2025-10-24|5994
206|2025-10-27|5994
206|2025-10-28|5994
206|2025-10-29|5994
206|2025-10-30|5994
206|2025-11-03|5994
206|2025-11-04|5994
206|2025-11-05|5994
206|2025-11-06|5994
206|2025-11-07|5994
206|2025-11-10|5994
206|2025-11-11|5994
206|2025-11-12|5994
206|2025-11-13|5994
206|2025-11-14|5995
206|2025-11-17|6024
206|2025-11-18|6024
206|2025-11-19|6024
206|2025-11-20|6024
206|2025-11-21|6024
206|2025-11-24|6024
206|2025-11-25|6024
206|2025-11-26|6024
206|2025-11-27|6024
206|2025-11-28|6024
206|2025-12-01|6024
206|2025-12-02|6024
206|2025-12-03|6024
206|2025-12-04|6024
206|2025-12-05|6024
206|2025-12-09|6024
206|2025-12-10|6024
206|2025-12-11|6032
206|2025-12-12|6032
206|2025-12-15|6032
206|2025-12-16|6032
206|2025-12-17|6032
206|2025-12-18|6032
206|2025-12-19|6032
206|2025-12-22|6032
206|2025-12-23|6032
206|2025-12-24|6032
206|2025-12-26|6032
206|2025-12-29|6032
206|2025-12-30|6032
206|2026-01-02|6032
206|2026-01-05|6032
206|2026-01-06|6032
206|2026-01-07|6032
206|2026-01-08|6032
206|2026-01-09|6032
206|2026-01-12|6032
206|2026-01-13|6033
206|2026-01-14|6033
206|2026-01-15|6033
206|2026-01-16|6033
206|2026-01-19|6033
206|2026-01-20|6033
206|2026-01-21|6033
206|2026-01-22|6033
206|2026-01-23|6033
206|2026-01-26|6033
206|2026-01-27|6033
206|2026-01-28|6033
206|2026-01-29|6033
206|2026-01-30|6033
206|2026-02-02|6033
206|2026-02-03|6033
206|2026-02-04|6033
206|2026-02-05|6033
206|2026-02-06|6033
206|2026-02-09|6033
206|2026-02-10|6033
206|2026-02-11|6033
206|2026-02-12|6033
206|2026-02-13|6033
206|2026-02-16|6033
206|2026-02-17|6033
206|2026-02-18|6033
206|2026-02-19|6033
206|2026-02-20|6033
206|2026-02-23|6033
206|2026-02-24|6033
206|2026-02-25|6033
206|2026-02-26|6033
206|2026-02-27|6033
206|2026-03-02|6033
206|2026-03-03|6033
206|2026-03-04|6033
206|2026-03-05|6033
206|2026-03-06|6033
206|2026-03-09|6033
206|2026-03-10|6033
206|2026-03-11|6033
206|2026-03-12|6033
206|2026-03-13|6033
206|2026-03-16|6033
206|2026-03-17|6033
206|2026-03-18|6033
206|2026-03-19|6033
206|2026-03-20|6033
206|2026-03-23|6033
206|2026-03-24|6033
206|2026-03-25|6033
206|2026-03-26|6033
206|2026-03-27|6033
206|2026-03-30|6033
206|2026-03-31|6033
206|2026-04-01|6033
206|2026-04-02|6033
206|2026-04-06|6033
206|2026-04-07|6033
206|2026-04-08|6033
206|2026-04-09|6033
206|2026-04-10|6033
206|2026-04-13|6033
206|2026-04-14|6033
206|2026-04-15|6033
206|2026-04-16|6033
206|2026-04-17|6033
206|2026-04-21|6033
206|2026-04-22|6033
206|2026-04-23|6033
206|2026-04-24|6033
206|2026-04-27|6033
206|2026-04-28|6033
207|2023-09-28|1609
207|2023-09-29|1277
207|2023-10-02|1632
207|2023-10-03|1805
207|2023-10-04|1665
207|2023-10-05|1792
207|2023-10-06|1659
207|2023-10-10|1872
207|2023-10-11|1872
207|2023-10-12|1844
207|2023-10-13|1102
207|2023-10-16|2055
207|2023-10-17|1765
207|2023-10-18|1822
207|2023-10-19|1768
207|2023-10-20|1466
207|2023-10-23|1653
207|2023-10-24|1735
207|2023-10-25|1663
207|2023-10-26|1481
207|2023-10-30|1545
207|2023-10-31|1374
207|2023-11-03|1560
207|2023-11-04|1455
207|2023-11-06|1356
207|2023-11-08|1880
207|2023-11-09|1842
207|2023-11-10|1613
207|2023-11-11|1390
207|2023-11-13|1810
207|2023-11-14|1036
207|2023-11-15|1451
207|2023-11-16|1698
207|2023-11-17|1601
207|2023-11-20|1441
207|2023-11-21|1630
207|2023-11-22|1571
207|2023-11-23|1800
207|2023-11-24|1529
207|2023-11-27|1685
207|2023-11-28|1710
207|2023-11-29|1353
207|2023-11-30|1436
207|2023-12-01|1193
207|2023-12-04|1657
207|2023-12-05|1852
207|2023-12-06|1848
207|2023-12-07|1670
207|2023-12-11|1595
207|2023-12-12|1689
207|2023-12-13|1622
207|2023-12-14|1536
207|2023-12-15|1468
207|2023-12-18|1718
207|2023-12-19|1797
207|2023-12-20|1582
207|2023-12-21|1460
207|2023-12-22|1205
207|2023-12-26|1403
207|2023-12-27|1053
207|2024-12-28|1024
207|2024-12-29|1279
207|2024-01-02|1447
207|2024-01-03|1581
207|2024-01-04|1671
207|2024-01-05|1639
207|2024-01-08|1729
207|2024-01-09|1789
207|2024-01-10|1733
207|2024-01-11|1674
207|2024-01-12|1417
207|2024-01-15|1509
207|2024-01-16|1608
207|2024-01-17|1640
207|2024-01-18|1664
207|2024-01-19|1288
207|2024-01-22|1534
207|2024-01-23|1923
207|2024-01-24|1633
207|2024-01-25|1482
207|2024-01-26|1325
207|2024-01-29|1174
207|2024-01-30|1291
207|2024-01-31|1237
207|2024-02-01|1518
207|2024-02-02|1284
207|2024-02-05|1266
207|2024-02-06|804
207|2024-02-07|1634
207|2024-02-08|1785
207|2024-02-09|1465
207|2024-02-12|1455
207|2024-02-13|1573
207|2024-02-14|1442
207|2024-02-15|1349
207|2024-02-16|1107
207|2024-02-19|756
207|2024-02-20|1793
207|2024-02-21|1540
207|2024-02-22|1454
207|2024-02-23|1266
207|2024-02-26|1518
207|2024-02-27|1496
207|2024-02-28|1516
207|2024-02-29|1313
207|2024-03-01|1369
207|2024-03-04|1247
207|2024-03-05|1580
207|2024-03-06|1511
207|2024-03-07|1636
207|2024-03-08|1436
207|2024-03-11|1670
207|2024-03-12|1572
207|2024-03-13|1559
207|2024-03-14|1479
207|2024-03-15|1337
207|2024-03-18|1371
207|2024-03-19|1455
207|2024-03-20|1421
207|2024-03-21|1430
207|2024-03-22|1097
207|2024-03-25|1361
207|2024-03-26|1493
207|2024-03-27|1472
207|2024-03-28|1322
207|2024-04-01|1216
207|2024-04-02|1338
207|2024-04-03|1228
207|2024-04-04|1367
207|2024-04-05|1190
207|2024-04-08|1386
207|2024-04-09|1443
207|2024-04-10|1351
207|2024-04-11|1249
207|2024-04-12|1092
207|2024-04-15|1487
207|2024-04-16|1382
207|2024-04-17|1364
207|2024-04-18|1130
207|2024-04-19|1081
207|2024-04-22|1086
207|2024-04-23|1091
207|2024-04-24|1173
207|2024-04-25|1114
207|2024-04-26|1094
207|2024-04-29|1222
207|2024-04-30|1109
207|2024-05-02|1243
207|2024-05-03|1074
207|2024-05-06|1207
207|2024-05-07|1269
207|2024-05-08|1410
207|2024-05-09|1305
207|2024-05-10|1082
207|2024-05-13|1187
207|2024-05-14|1244
207|2024-05-15|1223
207|2024-05-16|1367
207|2024-05-17|1250
207|2024-05-20|1295
207|2024-05-22|1343
207|2024-05-23|1247
207|2024-05-24|1071
207|2024-05-27|1343
207|2024-05-28|1329
207|2024-05-29|1356
207|2024-05-30|1338
207|2024-05-31|1116
207|2024-06-03|1405
207|2024-06-04|1467
207|2024-06-05|1463
207|2024-06-06|1353
207|2024-06-07|1239
207|2024-06-10|1361
207|2024-06-11|1320
207|2024-06-12|1313
207|2024-06-13|1379
207|2024-06-14|1109
207|2024-06-17|1278
207|2024-06-18|623
207|2024-06-19|754
207|2024-06-21|1035
207|2024-06-24|1431
207|2024-06-25|1508
207|2024-06-26|1397
207|2024-06-27|1307
207|2024-06-28|1103
207|2024-07-01|1059
207|2024-07-02|1329
207|2024-07-03|1416
207|2024-07-04|1501
207|2024-07-05|1214
207|2024-07-08|1348
207|2024-07-09|6055
207|2024-07-10|1706
207|2024-07-11|1378
207|2024-07-12|1091
207|2024-07-15|1041
207|2024-07-17|1044
207|2024-07-18|1154
207|2024-07-19|734
207|2024-07-22|1158
207|2024-07-23|1097
207|2024-07-24|1263
207|2024-07-25|1246
207|2024-07-26|1008
207|2024-07-29|1117
207|2024-07-30|1211
207|2024-07-31|1159
207|2024-08-01|1160
207|2024-08-02|860
207|2024-08-05|1044
207|2024-08-06|1237
207|2024-08-07|1218
207|2024-08-08|1235
207|2024-08-09|1069
207|2024-08-12|1188
207|2024-08-13|1190
207|2024-08-14|1214
207|2024-08-16|1097
207|2024-08-19|1274
207|2024-08-20|1288
207|2024-08-21|1200
207|2024-08-22|1222
207|2024-08-23|1003
207|2024-08-26|1202
207|2024-08-27|1248
207|2024-08-28|1294
207|2024-08-29|1259
207|2024-08-30|1008
207|2024-09-02|1235
207|2024-09-03|1299
207|2024-09-04|1294
207|2024-09-05|1109
207|2024-09-06|726
207|2024-09-09|1322
207|2024-09-10|1152
207|2024-09-11|1213
207|2024-09-12|1117
207|2024-09-13|597
207|2024-09-16|1019
207|2024-09-17|837
207|2024-09-23|1068
207|2024-09-24|1142
207|2024-09-25|1153
207|2024-09-26|1217
207|2024-09-27|983
207|2024-09-30|1128
207|2024-10-01|1169
207|2024-10-02|1137
207|2024-10-03|1301
207|2024-10-04|777
207|2024-10-07|1190
207|2024-10-08|1304
207|2024-10-09|1263
207|2024-10-10|1343
207|2024-10-11|809
207|2024-10-14|1066
207|2024-10-15|1164
207|2024-10-16|1167
207|2024-10-17|1182
207|2024-10-18|6871
207|2024-10-21|942
207|2024-10-22|1136
207|2024-10-23|1100
207|2024-10-24|1157
207|2024-10-25|949
207|2024-10-28|978
207|2024-10-29|1193
207|2024-10-30|1116
207|2024-11-04|786
207|2024-11-05|1092
207|2024-11-06|1282
207|2024-11-07|1249
207|2024-11-08|966
207|2024-11-11|1124
207|2024-11-12|1325
207|2024-11-13|1066
207|2024-11-14|1196
207|2024-11-15|947
207|2024-11-18|1787
207|2024-11-19|1537
207|2024-11-20|1434
207|2024-11-21|1380
207|2024-11-22|1194
207|2024-11-25|1303
207|2024-11-26|1385
207|2024-11-27|1378
207|2024-11-28|1215
207|2024-11-29|1321
207|2024-12-02|1226
207|2024-12-03|1168
207|2024-12-04|1163
207|2024-12-05|1045
207|2024-12-06|743
207|2024-12-09|1127
207|2024-12-10|1354
207|2024-12-11|1296
207|2024-12-12|1344
207|2024-12-13|1012
207|2024-12-16|1082
207|2024-12-17|1025
207|2024-12-18|1070
207|2024-12-19|1101
207|2024-12-20|832
207|2024-12-23|990
207|2024-12-24|668
207|2024-12-26|837
207|2024-12-27|701
207|2024-12-30|765
207|2025-01-02|938
207|2025-01-03|858
207|2025-01-06|1169
207|2025-01-07|1159
207|2025-01-08|1143
207|2025-01-09|1143
207|2025-01-10|923
207|2025-01-13|975
207|2025-01-14|1030
207|2025-01-15|997
207|2025-01-16|1017
207|2025-01-17|820
207|2025-01-20|998
207|2025-01-21|1043
207|2025-01-22|937
207|2025-01-23|886
207|2025-01-24|782
207|2025-01-27|824
207|2025-01-28|801
207|2025-01-29|987
207|2025-01-30|1193
207|2025-01-31|924
207|2025-02-03|985
207|2025-02-04|1012
207|2025-02-05|964
207|2025-02-06|977
207|2025-02-07|862
207|2025-02-10|984
207|2025-02-11|1011
207|2025-02-12|816
207|2025-02-13|1136
207|2025-02-14|748
207|2025-02-17|880
207|2025-02-18|988
207|2025-02-19|692
207|2025-02-20|808
207|2025-02-21|649
207|2025-02-24|692
207|2025-02-25|537
207|2025-02-26|806
207|2025-02-27|808
207|2025-02-28|500
207|2025-03-03|977
207|2025-03-04|869
207|2025-03-05|848
207|2025-03-06|1379
207|2025-03-07|1090
207|2025-03-10|1039
207|2025-03-11|964
207|2025-03-12|896
207|2025-03-13|943
207|2025-03-14|843
207|2025-03-17|1068
207|2025-03-18|1062
207|2025-03-19|1047
207|2025-03-20|1030
207|2025-03-21|879
207|2025-03-24|1186
207|2025-03-25|1050
207|2025-03-26|1006
207|2025-03-27|1129
207|2025-03-28|969
207|2025-03-31|1089
207|2025-04-01|973
207|2025-04-02|921
207|2025-04-03|817
207|2025-04-04|740
207|2025-04-07|856
207|2025-04-08|837
207|2025-04-09|926
207|2025-04-10|723
207|2025-04-11|607
207|2025-04-14|833
207|2025-04-15|704
207|2025-04-16|908
207|2025-04-17|968
207|2025-04-21|883
207|2025-04-22|993
207|2025-04-23|928
207|2025-04-24|1602
207|2025-04-25|956
207|2025-04-28|984
207|2025-04-29|1038
207|2025-04-30|846
207|2025-05-02|725
207|2025-05-05|999
207|2025-05-06|1046
207|2025-05-07|928
207|2025-05-08|961
207|2025-05-09|692
207|2025-05-12|665
207|2025-05-13|812
207|2025-05-14|996
207|2025-05-15|1438
207|2025-05-16|1085
207|2025-05-19|992
207|2025-05-20|1156
207|2025-05-22|1026
207|2025-05-23|829
207|2025-05-26|2408
207|2025-05-27|1264
207|2025-05-28|1275
207|2025-05-29|1358
207|2025-05-30|1285
207|2025-06-02|1042
207|2025-06-03|939
207|2025-06-04|1070
207|2025-06-05|991
207|2025-06-06|861
207|2025-06-09|1014
207|2025-06-10|1011
207|2025-06-11|945
207|2025-06-12|1017
207|2025-06-13|783
207|2025-06-16|1215
207|2025-06-17|1227
207|2025-06-18|1104
207|2025-06-19|1102
207|2025-06-23|917
207|2025-06-24|1021
207|2025-06-25|960
207|2025-06-26|1058
207|2025-06-27|965
207|2025-06-30|970
207|2025-07-01|873
207|2025-07-02|778
207|2025-07-03|867
207|2025-07-04|678
207|2025-07-07|833
207|2025-07-08|854
207|2025-07-09|853
207|2025-07-10|884
207|2025-07-11|689
207|2025-07-14|766
207|2025-07-15|940
207|2025-07-17|865
207|2025-07-18|860
207|2025-07-21|1035
207|2025-07-22|910
207|2025-07-23|955
207|2025-07-24|729
207|2025-07-25|710
207|2025-07-28|749
207|2025-07-29|772
207|2025-07-30|1675
207|2025-07-31|1330
207|2025-08-01|896
207|2025-08-04|729
207|2025-08-05|724
207|2025-08-06|893
207|2025-08-07|791
207|2025-08-08|885
207|2025-08-11|1015
207|2025-08-12|959
207|2025-08-13|1363
207|2025-08-14|1532
207|2025-08-18|951
207|2025-08-19|857
207|2025-08-20|878
207|2025-08-21|989
207|2025-08-22|703
207|2025-08-25|877
207|2025-08-26|927
207|2025-08-27|923
207|2025-08-28|989
207|2025-08-29|785
207|2025-09-01|859
207|2025-09-02|866
207|2025-09-03|956
207|2025-09-04|937
207|2025-09-05|675
207|2025-09-08|3548
207|2025-09-09|3176
207|2025-09-10|1830
207|2025-09-11|1303
207|2025-09-12|922
207|2025-09-15|718
207|2025-09-16|707
207|2025-09-17|497
207|2025-09-22|593
207|2025-09-23|745
207|2025-09-24|3362
207|2025-09-25|1751
207|2025-09-26|1211
207|2025-09-29|1029
207|2025-09-30|841
207|2025-10-01|752
207|2025-10-02|648
207|2025-10-03|535
207|2025-10-06|667
207|2025-10-07|745
207|2025-10-08|2364
207|2025-10-09|1476
207|2025-10-10|732
207|2025-10-13|723
207|2025-10-14|779
207|2025-10-15|888
207|2025-10-16|820
207|2025-10-17|646
207|2025-10-20|718
207|2025-10-21|768
207|2025-10-22|700
207|2025-10-23|883
207|2025-10-24|726
207|2025-10-27|707
207|2025-10-28|761
207|2025-10-29|667
207|2025-10-30|711
207|2025-11-03|446
207|2025-11-04|576
207|2025-11-05|622
207|2025-11-06|602
207|2025-11-07|478
207|2025-11-10|587
207|2025-11-11|625
207|2025-11-12|610
207|2025-11-13|633
207|2025-11-14|467
207|2025-11-17|521
207|2025-11-18|585
207|2025-11-19|582
207|2025-11-20|626
207|2025-11-21|410
207|2025-11-24|506
207|2025-11-25|714
207|2025-11-26|686
207|2025-11-27|648
207|2025-11-28|547
207|2025-12-01|528
207|2025-12-02|529
207|2025-12-03|552
207|2025-12-04|564
207|2025-12-05|1413
207|2025-12-09|724
207|2025-12-10|635
207|2025-12-11|757
207|2025-12-12|513
207|2025-12-15|533
207|2025-12-16|615
207|2025-12-17|526
207|2025-12-18|633
207|2025-12-19|917
207|2025-12-22|740
207|2025-12-23|728
207|2025-12-24|350
207|2025-12-26|327
207|2025-12-29|527
207|2025-12-30|556
207|2026-01-02|381
207|2026-01-05|459
207|2026-01-06|580
207|2026-01-07|594
207|2026-01-08|651
207|2026-01-09|1830
207|2026-01-12|787
207|2026-01-13|798
207|2026-01-14|880
207|2026-01-15|660
207|2026-01-16|526
207|2026-01-19|556
207|2026-01-20|655
207|2026-01-21|636
207|2026-01-22|717
207|2026-01-23|586
207|2026-01-26|650
207|2026-01-27|560
207|2026-01-28|719
207|2026-01-29|556
207|2026-01-30|476
207|2026-02-02|441
207|2026-02-03|480
207|2026-02-04|511
207|2026-02-05|560
207|2026-02-06|445
207|2026-02-09|538
207|2026-02-10|564
207|2026-02-11|642
207|2026-02-12|518
207|2026-02-13|374
207|2026-02-16|477
207|2026-02-17|532
207|2026-02-18|538
207|2026-02-19|534
207|2026-02-20|424
207|2026-02-23|489
207|2026-02-24|76
207|2026-02-25|669
207|2026-02-26|579
207|2026-02-27|429
207|2026-03-02|440
207|2026-03-03|457
207|2026-03-04|458
207|2026-03-05|470
207|2026-03-06|495
207|2026-03-09|557
207|2026-03-10|594
207|2026-03-11|567
207|2026-03-12|577
207|2026-03-13|484
207|2026-03-16|648
207|2026-03-17|516
207|2026-03-18|642
207|2026-03-19|588
207|2026-03-20|436
207|2026-03-23|601
207|2026-03-24|608
207|2026-03-25|643
207|2026-03-26|551
207|2026-03-27|415
207|2026-03-30|667
207|2026-03-31|609
207|2026-04-01|526
207|2026-04-02|507
207|2026-04-06|445
207|2026-04-07|520
207|2026-04-08|397
207|2026-04-09|459
207|2026-04-10|413
207|2026-04-13|516
207|2026-04-14|479
207|2026-04-15|456
207|2026-04-16|544
207|2026-04-17|498
207|2026-04-20|589
207|2026-04-21|583
207|2026-04-22|516
207|2026-04-23|576
207|2026-04-24|490
207|2026-04-27|540
207|2026-04-28|544
