interface_id|reference_date|volumetry
1|2025-02-17|2733
1|2025-02-18|2861
1|2025-02-19|2199
1|2025-02-20|2937
1|2025-02-21|3681
1|2025-02-24|7139
1|2025-02-25|2757
1|2025-02-26|2779
1|2025-02-27|2411
1|2025-02-28|2568
1|2025-03-03|3162
1|2025-03-05|3079
1|2025-03-06|2410
1|2025-03-07|2533
1|2025-03-10|2726
1|2025-03-11|2917
1|2025-03-12|2704
1|2025-03-13|2743
1|2025-03-14|2888
1|2025-03-17|2682
1|2025-03-18|2439
1|2025-03-19|2860
1|2025-03-20|2681
1|2025-03-21|5826
1|2025-03-24|7881
1|2025-03-25|2749
1|2025-03-26|2788
1|2025-03-27|2626
1|2025-03-28|2681
1|2025-03-31|2795
1|2025-04-01|2572
1|2025-04-02|2459
1|2025-04-03|2546
1|2025-04-04|2988
1|2025-04-07|2885
1|2025-04-08|2594
1|2025-04-09|2302
1|2025-04-10|3010
1|2025-04-11|2119
1|2025-04-14|2758
1|2025-04-15|2665
1|2025-04-16|3177
1|2025-04-17|1764
1|2025-04-21|3691
1|2025-04-22|3074
1|2025-04-23|2918
1|2025-04-24|2798
1|2025-04-28|9645
1|2025-04-29|2158
1|2025-04-30|2518
1|2025-05-02|3530
1|2025-05-05|2936
1|2025-05-06|2820
1|2025-05-07|2679
1|2025-05-08|3175
1|2025-05-09|2739
1|2025-05-12|2951
1|2025-05-13|2587
1|2025-05-14|2416
1|2025-05-15|2863
1|2025-05-16|3957
1|2025-05-19|2792
1|2025-05-20|2855
1|2025-05-21|3318
1|2025-05-22|2715
1|2025-05-23|2850
1|2025-05-26|9556
1|2025-05-27|2958
1|2025-05-28|3206
1|2025-05-29|2783
1|2025-05-30|3019
1|2025-06-02|2597
1|2025-06-03|3136
1|2025-06-04|3007
1|2025-06-05|2948
1|2025-06-06|3099
1|2025-06-09|3320
1|2025-06-11|2635
1|2025-06-12|3011
1|2025-06-13|2635
1|2025-06-16|2862
1|2025-06-17|2714
1|2025-06-18|2692
1|2025-06-20|2362
1|2025-06-23|9801
1|2025-06-24|2781
1|2025-06-25|2573
1|2025-06-26|2799
1|2025-06-27|2628
1|2025-06-30|2710
1|2025-07-01|2346
1|2025-07-02|2515
1|2025-07-03|2481
1|2025-07-04|2532
1|2025-07-07|2675
1|2025-07-08|2756
1|2025-07-09|2514
1|2025-07-10|2517
1|2025-07-11|2447
1|2025-07-14|2808
1|2025-07-15|2718
1|2025-07-16|2698
1|2025-07-17|2533
1|2025-07-18|2657
1|2025-07-21|2922
1|2025-07-22|2699
1|2025-07-23|3354
1|2025-07-24|2594
1|2025-07-25|2677
1|2025-07-28|8844
1|2025-07-29|2825
1|2025-07-30|2662
1|2025-07-31|2690
1|2025-08-01|2752
1|2025-08-04|2955
1|2025-08-05|2714
1|2025-08-06|2879
1|2025-08-07|2739
1|2025-08-08|2673
1|2025-08-11|2735
1|2025-08-12|3025
1|2025-08-13|3012
1|2025-08-14|2857
1|2025-08-18|3341
1|2025-08-19|2855
1|2025-08-20|2832
1|2025-08-21|2666
1|2025-08-22|4315
1|2025-08-25|7694
1|2025-08-26|3510
1|2025-08-27|3020
1|2025-08-28|3213
1|2025-08-29|3083
1|2025-09-01|3383
1|2025-09-02|3308
1|2025-09-03|3361
1|2025-09-04|3367
1|2025-09-05|3195
1|2025-09-08|3591
1|2025-09-09|3046
1|2025-09-10|3086
1|2025-09-11|3050
1|2025-09-12|2977
1|2025-09-15|2898
1|2025-09-16|2306
1|2025-09-17|2518
1|2025-09-18|2963
1|2025-09-19|3366
1|2025-09-22|8088
1|2025-09-23|3340
1|2025-09-24|3462
1|2025-09-25|2999
1|2025-09-26|3064
1|2025-09-29|3543
1|2025-09-30|3084
1|2025-10-01|3142
1|2025-10-02|2969
1|2025-10-03|3095
1|2025-10-06|3373
1|2025-10-07|3104
1|2025-10-08|2899
1|2025-10-09|2760
1|2025-10-10|2844
1|2025-10-13|3292
1|2025-10-14|299494
1|2025-10-15|2752
1|2025-10-16|3031
1|2025-10-17|2959
1|2025-10-20|3418
1|2025-10-21|2888
1|2025-10-22|3039
1|2025-10-23|3050
1|2025-10-24|3148
1|2025-10-27|8995
1|2025-10-28|2444
1|2025-10-29|3246
1|2025-10-30|3061
1|2025-10-31|3108
1|2025-11-03|3692
1|2025-11-04|3173
1|2025-11-05|2874
1|2025-11-06|3129
1|2025-11-07|3147
1|2025-11-10|3613
1|2025-11-11|3199
1|2025-11-12|3065
1|2025-11-13|2794
1|2025-11-14|2748
1|2025-11-17|3726
1|2025-11-18|3282
1|2025-11-19|3255
1|2025-11-20|3070
1|2025-11-21|4263
1|2025-11-24|9129
1|2025-11-25|3525
1|2025-11-26|3624
1|2025-11-27|3304
1|2025-11-28|3392
1|2025-12-02|4139
1|2025-12-03|3519
1|2025-12-05|3375
1|2025-12-04|3278
1|2025-12-09|3728
1|2025-12-10|3277
1|2025-12-11|2941
1|2025-12-12|2898
1|2025-12-15|3713
1|2025-12-16|2983
1|2025-12-17|3137
1|2025-12-18|3102
1|2025-12-19|3016
1|2025-12-22|8728
1|2025-12-23|3827
1|2025-12-29|4557
1|2025-12-30|4567
1|2025-12-31|2802
1|2026-01-02|4625
1|2026-01-05|4012
1|2026-01-06|3596
1|2026-01-07|3505
1|2026-01-08|3665
1|2026-01-09|3854
1|2026-01-12|3813
1|2026-01-13|4280
1|2026-01-19|4424
1|2026-01-20|3750
1|2026-01-21|3631
1|2026-01-22|3104
1|2026-01-23|3608
1|2026-01-26|13489
1|2026-01-27|3307
1|2026-01-28|3957
1|2026-01-29|3573
1|2026-01-30|4009
1|2026-02-02|4547
1|2026-02-03|3631
1|2026-02-04|3474
1|2026-02-05|3555
1|2026-02-06|3779
1|2026-02-09|4411
1|2026-02-10|3859
1|2026-02-11|3540
1|2026-02-12|3802
1|2026-02-13|4039
1|2026-02-16|5769
1|2026-02-18|4277
1|2026-02-19|4272
1|2026-02-20|5006
1|2026-02-23|12084
1|2026-02-24|3919
1|2026-02-25|4195
1|2026-02-26|4569
1|2026-02-27|3428
1|2026-03-02|5021
1|2026-03-03|4341
1|2026-03-04|4039
1|2026-03-05|4250
1|2026-03-06|4121
1|2026-03-09|3530
1|2026-03-10|3178
1|2026-03-11|3397
1|2026-03-12|4487
1|2026-03-13|3967
1|2026-03-16|4892
1|2026-03-17|3834
1|2026-03-18|3859
1|2026-03-19|3604
1|2026-03-20|3643
1|2026-03-23|12598
1|2026-03-24|3994
1|2026-03-25|3944
1|2026-03-26|3790
1|2026-03-27|3884
1|2026-03-30|4267
1|2026-03-31|3887
1|2026-04-02|2863
1|2026-04-06|5500
1|2026-04-07|4636
1|2026-04-08|4408
1|2026-04-09|4297
1|2026-04-10|4054
1|2026-04-13|4709
1|2026-04-14|3811
1|2026-04-15|4345
1|2026-04-16|4200
1|2026-04-17|4452
1|2026-04-20|7565
1|2026-04-21|3885
1|2026-04-22|4095
1|2026-04-23|4093
1|2026-04-24|4163
1|2026-04-27|10346
1|2026-04-28|4050
2|2025-02-17|399
2|2025-02-18|423
2|2025-02-19|459
2|2025-02-20|539
2|2025-02-21|2591
2|2025-02-24|988
2|2025-02-25|481
2|2025-02-26|418
2|2025-02-27|511
2|2025-02-28|470
2|2025-03-03|378
2|2025-03-05|396
2|2025-03-06|361
2|2025-03-07|495
2|2025-03-10|414
2|2025-03-11|399
2|2025-03-12|480
2|2025-03-13|502
2|2025-03-14|630
2|2025-03-17|398
2|2025-03-18|461
2|2025-03-19|479
2|2025-03-20|482
2|2025-03-21|12582
2|2025-03-24|1243
2|2025-03-25|522
2|2025-03-26|522
2|2025-03-27|515
2|2025-03-28|622
2|2025-03-31|502
2|2025-04-01|380
2|2025-04-02|468
2|2025-04-03|512
2|2025-04-04|483
2|2025-04-07|427
2|2025-04-08|409
2|2025-04-09|498
2|2025-04-10|546
2|2025-04-11|464
2|2025-04-14|441
2|2025-04-15|513
2|2025-04-16|563
2|2025-04-17|281
2|2025-04-21|510
2|2025-04-22|504
2|2025-04-23|445
2|2025-04-24|427
2|2025-04-28|1275
2|2025-04-29|356
2|2025-04-30|440
2|2025-05-02|350
2|2025-05-05|483
2|2025-05-06|456
2|2025-05-07|546
2|2025-05-08|628
2|2025-05-09|635
2|2025-05-12|497
2|2025-05-13|558
2|2025-05-14|503
2|2025-05-15|596
2|2025-05-16|1890
2|2025-05-19|489
2|2025-05-20|439
2|2025-05-21|494
2|2025-05-22|550
2|2025-05-23|553
2|2025-05-26|1210
2|2025-05-27|559
2|2025-05-28|511
2|2025-05-29|391
2|2025-05-30|406
2|2025-06-02|460
2|2025-06-03|592
2|2025-06-04|413
2|2025-06-05|359
2|2025-06-06|1118
2|2025-06-09|242
2|2025-06-11|290
2|2025-06-12|378
2|2025-06-13|345
2|2025-06-16|371
2|2025-06-17|529
2|2025-06-18|416
2|2025-06-20|310
2|2025-06-23|1476
2|2025-06-24|342
2|2025-06-25|306
2|2025-06-26|341
2|2025-06-27|373
2|2025-06-30|392
2|2025-07-01|329
2|2025-07-02|433
2|2025-07-03|408
2|2025-07-04|391
2|2025-07-07|479
2|2025-07-08|6422
2|2025-07-09|459
2|2025-07-10|431
2|2025-07-11|393
2|2025-07-14|307
2|2025-07-15|503
2|2025-07-16|480
2|2025-07-17|383
2|2025-07-18|444
2|2025-07-21|527
2|2025-07-22|474
2|2025-07-23|500
2|2025-07-24|369
2|2025-07-25|383
2|2025-07-28|1164
2|2025-07-29|399
2|2025-07-30|427
2|2025-07-31|477
2|2025-08-01|512
2|2025-08-04|350
2|2025-08-05|572
2|2025-08-06|284
2|2025-08-07|417
2|2025-08-08|410
2|2025-08-11|326
2|2025-08-12|428
2|2025-08-13|425
2|2025-08-14|414
2|2025-08-18|388
2|2025-08-19|329
2|2025-08-20|339
2|2025-08-21|346
2|2025-08-22|2846
2|2025-08-25|832
2|2025-08-26|412
2|2025-08-27|279
2|2025-08-28|293
2|2025-08-29|306
2|2025-09-01|463
2|2025-09-02|438
2|2025-09-03|481
2|2025-09-04|496
2|2025-09-05|402
2|2025-09-08|394
2|2025-09-09|366
2|2025-09-10|528
2|2025-09-11|449
2|2025-09-12|462
2|2025-09-15|316
2|2025-09-16|543
2|2025-09-17|604
2|2025-09-18|433
2|2025-09-19|819
2|2025-09-22|1216
2|2025-09-23|425
2|2025-09-24|603
2|2025-09-25|328
2|2025-09-26|407
2|2025-09-29|605
2|2025-09-30|527
2|2025-10-01|535
2|2025-10-02|515
2|2025-10-03|387
2|2025-10-06|468
2|2025-10-07|450
2|2025-10-08|463
2|2025-10-09|667
2|2025-10-10|536
2|2025-10-13|447
2|2025-10-14|502
2|2025-10-15|536
2|2025-10-16|418
2|2025-10-17|498
2|2025-10-20|626
2|2025-10-21|495
2|2025-10-22|431
2|2025-10-23|484
2|2025-10-24|539
2|2025-10-27|1356
2|2025-10-28|564
2|2025-10-29|702
2|2025-10-30|351
2|2025-10-31|517
2|2025-11-03|560
2|2025-11-04|740
2|2025-11-05|331
2|2025-11-06|553
2|2025-11-07|647
2|2025-11-10|609
2|2025-11-11|455
2|2025-11-12|550
2|2025-11-13|427
2|2025-11-14|563
2|2025-11-17|501
2|2025-11-18|558
2|2025-11-19|497
2|2025-11-20|386
2|2025-11-21|3972
2|2025-11-24|1359
2|2025-11-25|704
2|2025-11-26|657
2|2025-11-27|546
2|2025-11-28|530
2|2025-12-02|512
2|2025-12-03|498
2|2025-12-05|453
2|2025-12-04|585
2|2025-12-09|508
2|2025-12-10|411
2|2025-12-11|638
2|2025-12-12|541
2|2025-12-15|427
2|2025-12-16|426
2|2025-12-17|457
2|2025-12-18|556
2|2025-12-19|528
2|2025-12-22|1243
2|2025-12-23|461
2|2025-12-29|508
2|2025-12-30|423
2|2025-12-31|341
2|2026-01-02|280
2|2026-01-05|463
2|2026-01-06|402
2|2026-01-07|458
2|2026-01-08|568
2|2026-01-09|485
2|2026-01-12|630
2|2026-01-13|397
2|2026-01-19|487
2|2026-01-20|418
2|2026-01-21|677
2|2026-01-22|514
2|2026-01-23|544
2|2026-01-26|1746
2|2026-01-27|370
2|2026-01-28|379
2|2026-01-29|537
2|2026-01-30|613
2|2026-02-02|477
2|2026-02-03|559
2|2026-02-04|479
2|2026-02-05|446
2|2026-02-06|551
2|2026-02-09|413
2|2026-02-10|441
2|2026-02-11|492
2|2026-02-12|468
2|2026-02-13|527
2|2026-02-16|642
2|2026-02-18|440
2|2026-02-19|533
2|2026-02-20|2192
2|2026-02-23|10553
2|2026-02-24|11204
2|2026-02-25|5994
2|2026-02-26|813
2|2026-02-27|575
2|2026-03-02|595
2|2026-03-03|829
2|2026-03-05|24759
2|2026-03-06|13753
2|2026-03-09|499
2|2026-03-10|534
2|2026-03-11|378
2|2026-03-12|536
2|2026-03-13|635
2|2026-03-16|468
2|2026-03-17|552
2|2026-03-18|493
2|2026-03-20|944
2|2026-03-23|1665
2|2026-03-24|722
2|2026-03-25|546
2|2026-03-26|442
2|2026-03-27|564
2|2026-03-30|778
2|2026-03-31|570
2|2026-04-01|546
2|2026-04-06|432
2|2026-04-07|424
2|2026-04-08|592
2|2026-04-09|505
2|2026-04-10|653
2|2026-04-13|615
2|2026-04-14|465
2|2026-04-15|539
2|2026-04-16|562
2|2026-04-17|596
2|2026-04-20|619
2|2026-04-21|525
2|2026-04-22|608
2|2026-04-23|606
2|2026-04-24|512
2|2026-04-27|1526
2|2026-04-28|709
3|2025-02-17|4199405
3|2025-02-18|1803369
3|2025-02-19|1877303
3|2025-02-20|1898508
3|2025-02-21|2022241
3|2025-02-24|2818974
3|2025-02-25|2086093
3|2025-02-26|2053127
3|2025-02-27|2236218
3|2025-02-28|2709001
3|2025-03-03|4026992
3|2025-03-05|2782063
3|2025-03-06|2533002
3|2025-03-07|2996119
3|2025-03-10|3075115
3|2025-03-11|1994218
3|2025-03-12|1997042
3|2025-03-13|1897426
3|2025-03-14|2085586
3|2025-03-17|3783481
3|2025-03-18|1882590
3|2025-03-19|1902077
3|2025-03-20|1918241
3|2025-03-21|1994955
3|2025-03-24|3312832
3|2025-03-25|2101643
3|2025-03-26|1952021
3|2025-03-27|2013116
3|2025-03-28|2412927
3|2025-03-31|3210738
3|2025-04-01|2977953
3|2025-04-02|2643541
3|2025-04-03|2174177
3|2025-04-04|2551896
3|2025-04-07|3261812
3|2025-04-08|2843303
3|2025-04-09|2070037
3|2025-04-10|2070636
3|2025-04-11|2067496
3|2025-04-14|3376307
3|2025-04-15|2550817
3|2025-04-16|2019099
3|2025-04-17|2075661
3|2025-04-21|2792673
3|2025-04-22|2177522
3|2025-04-23|2063456
3|2025-04-24|2115319
3|2025-04-28|3406336
3|2025-04-29|2319163
3|2025-04-30|2611849
3|2025-05-02|3925897
3|2025-05-05|3116096
3|2025-05-06|2580677
3|2025-05-07|2560359
3|2025-05-08|2535643
3|2025-05-09|2157137
3|2025-05-12|3477539
3|2025-05-13|1958543
3|2025-05-14|1946506
3|2025-05-15|2625604
3|2025-05-16|2144615
3|2025-05-19|2792427
3|2025-05-20|1955299
3|2025-05-21|1930486
3|2025-05-22|2151980
3|2025-05-23|2177267
3|2025-05-26|3246910
3|2025-05-27|1999802
3|2025-05-28|2160501
3|2025-05-29|2294962
3|2025-05-30|2546460
3|2025-06-02|3977222
3|2025-06-03|2299621
3|2025-06-04|2181064
3|2025-06-05|2403038
3|2025-06-06|2884205
3|2025-06-09|3311229
3|2025-06-11|2739519
3|2025-06-12|2051354
3|2025-06-13|2074911
3|2025-06-16|3808609
3|2025-06-17|1938897
3|2025-06-18|1959718
3|2025-06-20|2583574
3|2025-06-23|3316099
3|2025-06-24|1897221
3|2025-06-25|2062505
3|2025-06-26|2087116
3|2025-06-27|2407841
3|2025-06-30|3278231
3|2025-07-01|3047271
3|2025-07-02|2632705
3|2025-07-03|2222715
3|2025-07-04|2588438
3|2025-07-07|3263682
3|2025-07-08|2899451
3|2025-07-09|2122330
3|2025-07-10|2132018
3|2025-07-11|2099128
3|2025-07-14|3406456
3|2025-07-15|2615646
3|2025-07-16|2024809
3|2025-07-17|1934474
3|2025-07-18|2053129
3|2025-07-21|2820620
3|2025-07-22|2104159
3|2025-07-23|1999156
3|2025-07-24|1972354
3|2025-07-25|2113852
3|2025-07-28|3278593
3|2025-07-29|2048030
3|2025-07-30|2307700
3|2025-07-31|2466742
3|2025-08-01|3293887
3|2025-08-04|3442389
3|2025-08-05|2300315
3|2025-08-06|2511462
3|2025-08-07|2411497
3|2025-08-08|2603053
3|2025-08-11|3476636
3|2025-08-12|2005010
3|2025-08-13|1999032
3|2025-08-14|2072973
3|2025-08-18|3456664
3|2025-08-19|1931025
3|2025-08-20|1916631
3|2025-08-21|1926186
3|2025-08-22|2246693
3|2025-08-25|3288542
3|2025-08-26|1949682
3|2025-08-27|2001646
3|2025-08-28|2344375
3|2025-08-29|2463998
3|2025-09-01|3668122
3|2025-09-02|2603013
3|2025-09-03|2194110
3|2025-09-04|2185515
3|2025-09-05|2635275
3|2025-09-08|3316264
3|2025-09-09|2550364
3|2025-09-10|2088642
3|2025-09-11|2050444
3|2025-09-12|2063320
3|2025-09-15|3854004
3|2025-09-16|2038577
3|2025-09-17|1918554
3|2025-09-18|1886409
3|2025-09-19|2130899
3|2025-09-22|2890747
3|2025-09-23|1998027
3|2025-09-24|1966286
3|2025-09-25|2098772
3|2025-09-26|2185200
3|2025-09-29|3493444
3|2025-09-30|2562926
3|2025-10-01|3115027
3|2025-10-02|2637901
3|2025-10-03|2627470
3|2025-10-06|3284428
3|2025-10-07|2582092
3|2025-10-08|2566020
3|2025-10-09|2120215
3|2025-10-10|2193509
3|2025-10-13|3486040
3|2025-10-14|1971364
3|2025-10-15|2676440
3|2025-10-16|2025214
3|2025-10-17|2060818
3|2025-10-20|2856068
3|2025-10-21|1935868
3|2025-10-22|2118455
3|2025-10-23|2059078
3|2025-10-24|2093120
3|2025-10-27|3294456
3|2025-10-28|2037595
3|2025-10-29|2114500
3|2025-10-30|2316670
3|2025-10-31|2600032
3|2025-11-03|4087409
3|2025-11-04|2267169
3|2025-11-05|2355517
3|2025-11-06|2506102
3|2025-11-07|3008275
3|2025-11-10|3201240
3|2025-11-11|2031725
3|2025-11-12|2607594
3|2025-11-13|2095557
3|2025-11-14|106992
3|2025-11-17|3877927
3|2025-11-18|1925239
3|2025-11-19|1973463
3|2025-11-20|2016381
3|2025-11-21|2103458
3|2025-11-24|3620828
3|2025-11-25|131669
3|2025-11-26|2084679
3|2025-11-27|2376914
3|2025-11-28|2753863
3|2025-12-02|4296685
3|2025-12-03|2290040
3|2025-12-05|2947532
3|2025-12-04|2250686
3|2025-12-09|3760231
3|2025-12-10|2346948
3|2025-12-11|2026739
3|2025-12-12|2821899
3|2025-12-15|3928826
3|2025-12-16|2166363
3|2025-12-17|2090102
3|2025-12-18|2064243
3|2025-12-19|2281179
3|2025-12-22|3123814
3|2025-12-23|2383307
3|2025-12-29|3421361
3|2025-12-30|2497247
3|2025-12-31|2454447
3|2026-01-02|3778543
3|2026-01-05|3137187
3|2026-01-06|2574254
3|2026-01-07|2609061
3|2026-01-08|2550744
3|2026-01-09|2203218
3|2026-01-12|3541060
3|2026-01-13|1961545
3|2026-01-19|2853330
3|2026-01-20|1961295
3|2026-01-21|1951626
3|2026-01-22|2133818
3|2026-01-23|2084177
3|2026-01-26|3253188
3|2026-01-27|1918965
3|2026-01-28|2048234
3|2026-01-29|2225548
3|2026-01-30|2534158
3|2026-02-02|4032037
3|2026-02-03|2239614
3|2026-02-04|2171634
3|2026-02-05|2389646
3|2026-02-06|2865499
3|2026-02-09|3354520
3|2026-02-10|2222291
3|2026-02-11|2014157
3|2026-02-12|2034685
3|2026-02-13|2037007
3|2026-02-16|4306091
3|2026-02-18|2474445
3|2026-02-19|1971047
3|2026-02-20|2144767
3|2026-02-23|2915478
3|2026-02-24|2013241
3|2026-02-25|2168346
3|2026-02-26|2386358
3|2026-02-27|2680611
3|2026-03-02|4202678
3|2026-03-03|2366507
3|2026-03-04|2197122
3|2026-03-05|2481567
3|2026-03-06|2940815
3|2026-03-09|3453980
3|2026-03-10|2311667
3|2026-03-11|2090673
3|2026-03-12|2055307
3|2026-03-13|2094702
3|2026-03-16|3934674
3|2026-03-17|1943694
3|2026-03-18|1959566
3|2026-03-19|2008493
3|2026-03-20|2148114
3|2026-03-23|3337960
3|2026-03-24|2056424
3|2026-03-25|2051744
3|2026-03-26|2039061
3|2026-03-27|2224396
3|2026-03-30|3144702
3|2026-03-31|2539300
3|2026-04-01|3094463
3|2026-04-02|3046698
3|2026-04-06|3348670
3|2026-04-07|2904474
3|2026-04-08|2640289
3|2026-04-09|2183754
3|2026-04-10|2223742
3|2026-04-13|3503194
3|2026-04-14|2035538
3|2026-04-15|2670937
3|2026-04-16|2083382
3|2026-04-17|2110201
3|2026-04-20|2957896
3|2026-04-21|2024221
3|2026-04-22|2152528
3|2026-04-23|2110473
3|2026-04-24|2182024
3|2026-04-27|3318893
3|2026-04-28|2189925
4|2025-02-19|1
4|2025-02-24|2
4|2025-02-25|1
4|2025-02-27|2
4|2025-02-28|2
4|2025-03-13|1
4|2025-03-14|1
4|2025-03-18|1
4|2025-03-20|1
4|2025-03-28|1
4|2025-04-01|2
4|2025-04-03|2
4|2025-04-04|2
4|2025-04-07|4
4|2025-04-08|1
4|2025-04-11|2
4|2025-04-14|2
4|2025-04-15|4
4|2025-04-16|1
4|2025-04-17|1
4|2025-04-22|2
4|2025-04-23|2
4|2025-04-24|3
4|2025-04-29|4
4|2025-05-08|3
4|2025-05-27|4
4|2025-05-28|5
4|2025-05-29|6
4|2025-05-30|1
4|2025-06-05|3
4|2025-06-06|3
4|2025-06-11|1
4|2025-06-23|4
4|2025-06-30|2
4|2025-07-01|1
4|2025-07-11|2
4|2025-07-14|1
4|2025-07-23|3
4|2025-07-24|5
4|2025-08-06|1
4|2025-08-11|1
4|2025-08-13|2
4|2025-08-14|2
4|2025-08-19|2
4|2025-08-22|1
4|2025-08-25|2
4|2025-08-26|2
4|2025-08-27|2
4|2025-08-28|6
4|2025-09-08|1
4|2025-09-15|1
4|2025-10-09|2
4|2025-10-10|1
4|2025-10-15|11
4|2025-10-22|1
4|2025-10-27|19
4|2025-10-28|4
4|2025-10-29|3
4|2025-10-31|1
4|2025-11-12|2
4|2025-11-17|9
4|2025-11-18|2
4|2025-11-21|1
4|2025-12-05|3
4|2025-12-04|5
4|2025-12-15|24
4|2025-12-19|1
4|2025-12-23|5
4|2026-01-07|14
4|2026-01-13|1
4|2026-01-23|3
4|2026-02-13|9
4|2026-02-16|4
4|2026-02-19|10
4|2026-02-20|1
4|2026-02-23|10
4|2026-02-24|6
4|2026-02-25|16
4|2026-02-26|21
4|2026-02-27|11
4|2026-03-04|2
4|2026-03-05|9
4|2026-03-06|5
4|2026-03-09|6
4|2026-03-10|5
4|2026-03-11|2
4|2026-03-12|1
4|2026-03-13|1
4|2026-03-16|3
4|2026-03-17|2
4|2026-03-18|1
4|2026-03-20|7
4|2026-03-23|5
4|2026-03-24|7
4|2026-03-26|8
4|2026-03-27|1
4|2026-03-30|1
4|2026-03-31|3
4|2026-04-10|1
4|2026-04-13|7
4|2026-04-21|3
4|2026-04-22|3
4|2026-04-23|2
4|2026-04-24|3
4|2026-04-27|1
4|2026-04-28|1
5|2025-05-26|141
5|2025-05-27|119
5|2025-05-28|148
5|2025-05-29|161
5|2025-05-30|231
5|2025-06-02|127
5|2025-06-03|94
5|2025-06-04|86
5|2025-06-05|113
5|2025-06-06|163
5|2025-06-09|110
5|2025-06-11|118
5|2025-06-12|139
5|2025-06-13|116
5|2025-06-16|120
5|2025-06-17|114
5|2025-06-18|119
5|2025-06-20|154
5|2025-06-23|114
5|2025-06-24|87
5|2025-06-25|120
5|2025-06-26|151
5|2025-06-27|181
5|2025-06-30|576
5|2025-07-01|96
5|2025-07-02|97
5|2025-07-03|92
5|2025-07-04|117
5|2025-07-07|469
5|2025-07-08|107
5|2025-07-09|84
5|2025-07-10|222
5|2025-07-11|128
5|2025-07-14|110
5|2025-07-15|96
5|2025-07-16|111
5|2025-07-17|111
5|2025-07-18|159
5|2025-07-21|137
5|2025-07-22|94
5|2025-07-23|122
5|2025-07-24|129
5|2025-07-25|181
5|2025-07-28|187
5|2025-07-29|144
5|2025-07-30|548
5|2025-07-31|213
5|2025-08-01|104
5|2025-08-04|133
5|2025-08-05|105
5|2025-08-06|110
5|2025-08-07|107
5|2025-08-08|133
5|2025-08-11|127
5|2025-08-12|107
5|2025-08-13|123
5|2025-08-14|148
5|2025-08-18|143
5|2025-08-19|87
5|2025-08-20|103
5|2025-08-21|99
5|2025-08-22|132
5|2025-08-25|114
5|2025-08-26|130
5|2025-08-27|115
5|2025-08-28|139
5|2025-08-29|204
5|2025-09-01|88
5|2025-09-02|100
5|2025-09-03|79
5|2025-09-04|78
5|2025-09-05|121
5|2025-09-08|114
5|2025-09-09|88
5|2025-09-10|82
5|2025-09-11|93
5|2025-09-12|137
5|2025-09-15|101
5|2025-09-16|88
5|2025-09-17|101
5|2025-09-18|120
5|2025-09-19|143
5|2025-09-22|107
5|2025-09-23|106
5|2025-09-24|107
5|2025-09-25|129
5|2025-09-26|195
5|2025-09-29|179
5|2025-09-30|184
5|2025-10-01|77
5|2025-10-02|95
5|2025-10-03|100
5|2025-10-06|99
5|2025-10-07|75
5|2025-10-08|82
5|2025-10-09|94
5|2025-10-10|149
5|2025-10-13|765
5|2025-10-14|12
5|2025-10-15|269568
5|2025-10-16|107
5|2025-10-17|137
5|2025-10-20|130
5|2025-10-21|128
5|2025-10-22|125
5|2025-10-23|146
5|2025-10-24|180
5|2025-10-27|130
5|2025-10-28|154
5|2025-10-29|132
5|2025-10-30|166
5|2025-10-31|232
5|2025-11-03|105
5|2025-11-04|81
5|2025-11-05|90
5|2025-11-06|89
5|2025-11-07|119
5|2025-11-10|148
5|2025-11-11|109
5|2025-11-12|112
5|2025-11-13|148
5|2025-11-14|275
5|2025-11-17|132
5|2025-11-18|107
5|2025-11-21|188
5|2025-11-24|130
5|2025-11-25|153
5|2025-11-26|160
5|2025-11-27|202
5|2025-11-28|283
5|2025-12-02|154
5|2025-12-03|109
5|2025-12-05|168
5|2025-12-04|122
5|2025-12-09|127
5|2025-12-10|123
5|2025-12-11|118
5|2025-12-12|183
5|2025-12-15|163
5|2025-12-16|113
5|2025-12-17|134
5|2025-12-18|154
5|2025-12-19|168
5|2025-12-22|193
5|2025-12-23|180
5|2025-12-29|241
5|2025-12-30|173
5|2025-12-31|86
5|2026-01-02|81
5|2026-01-05|126
5|2026-01-06|85
5|2026-01-07|96
5|2026-01-08|96
5|2026-01-09|133
5|2026-01-12|100
5|2026-01-13|93
5|2026-01-19|122
5|2026-01-20|106
5|2026-01-21|93
5|2026-01-22|137
5|2026-01-23|162
5|2026-01-26|137
5|2026-01-27|118
5|2026-01-28|127
5|2026-01-29|136
5|2026-01-30|222
5|2026-02-02|102
5|2026-02-03|102
5|2026-02-04|67
5|2026-02-05|104
5|2026-02-06|135
5|2026-02-09|100
5|2026-02-10|95
5|2026-02-11|77
5|2026-02-12|112
5|2026-02-13|138
5|2026-02-16|109
5|2026-02-18|122
5|2026-02-19|105
5|2026-02-20|182
5|2026-02-23|137
5|2026-02-24|116
5|2026-02-25|135
5|2026-02-26|151
5|2026-02-27|244
5|2026-03-02|123
5|2026-03-03|81
5|2026-03-04|78
5|2026-03-05|106
5|2026-03-06|139
5|2026-03-09|102
5|2026-03-10|100
5|2026-03-11|95
5|2026-03-12|86
5|2026-03-13|131
5|2026-03-16|131
5|2026-03-17|86
5|2026-03-18|107
5|2026-03-19|102
5|2026-03-20|133
5|2026-03-23|133
5|2026-03-24|107
5|2026-03-25|109
5|2026-03-26|122
5|2026-03-27|168
5|2026-03-30|201
5|2026-03-31|172
5|2026-04-01|121
5|2026-04-02|102
5|2026-04-06|85
5|2026-04-07|100
5|2026-04-08|96
5|2026-04-09|89
5|2026-04-10|111
5|2026-04-13|103
5|2026-04-14|96
5|2026-04-15|92
5|2026-04-16|101
5|2026-04-17|130
5|2026-04-20|130
5|2026-04-21|90
5|2026-04-22|112
5|2026-04-23|119
5|2026-04-24|126
5|2026-04-27|159
5|2026-04-28|128
6|2025-05-26|2722
6|2025-05-27|2405
6|2025-05-28|2577
6|2025-05-29|2612
6|2025-05-30|2058
6|2025-06-02|2400
6|2025-06-03|2575
6|2025-06-04|2569
6|2025-06-05|2572
6|2025-06-06|1853
6|2025-06-09|2592
6|2025-06-11|2562
6|2025-06-12|2676
6|2025-06-13|1530
6|2025-06-16|2646
6|2025-06-17|2645
6|2025-06-18|1781
6|2025-06-20|2690
6|2025-06-23|2427
6|2025-06-24|2400
6|2025-06-25|2474
6|2025-06-26|2636
6|2025-06-27|1894
6|2025-06-30|2992
6|2025-07-01|2594
6|2025-07-02|2543
6|2025-07-04|1823
6|2025-07-07|2500
6|2025-07-08|2524
6|2025-07-09|2453
6|2025-07-10|2567
6|2025-07-11|1895
6|2025-07-14|2564
6|2025-07-15|2456
6|2025-07-16|2558
6|2025-07-17|2564
6|2025-07-18|1833
6|2025-07-21|2470
6|2025-07-22|2550
6|2025-07-23|2457
6|2025-07-24|2448
6|2025-07-25|1932
6|2025-07-28|2620
6|2025-07-29|2581
6|2025-07-30|2721
6|2025-07-31|2760
6|2025-08-01|1820
6|2025-08-04|2441
6|2025-08-05|2529
6|2025-08-06|2455
6|2025-08-07|2326
6|2025-08-08|1761
6|2025-08-11|2548
6|2025-08-12|2315
6|2025-08-13|2488
6|2025-08-14|1887
6|2025-08-18|2551
6|2025-08-19|2485
6|2025-08-20|2391
6|2025-08-21|2472
6|2025-08-22|1639
6|2025-08-25|2529
6|2025-08-26|2470
6|2025-08-27|2346
6|2025-08-28|2446
6|2025-08-29|2037
6|2025-09-01|2444
6|2025-09-02|2429
6|2025-09-03|2314
6|2025-09-04|2436
6|2025-09-05|1836
6|2025-09-08|2361
6|2025-09-09|2459
6|2025-09-10|2198
6|2025-09-11|2088
6|2025-09-12|1844
6|2025-09-15|2372
6|2025-09-16|2474
6|2025-09-17|2301
6|2025-09-18|2280
6|2025-09-19|1850
6|2025-09-22|2334
6|2025-09-23|2280
6|2025-09-24|2338
6|2025-09-25|2187
6|2025-09-26|1884
6|2025-09-29|2536
6|2025-09-30|2960
6|2025-10-01|2368
6|2025-10-02|2379
6|2025-10-03|1791
6|2025-10-06|2426
6|2025-10-07|2384
6|2025-10-08|2359
6|2025-10-09|2367
6|2025-10-10|1684
6|2025-10-13|3022
6|2025-10-14|2276
6|2025-10-15|271758
6|2025-10-16|2280
6|2025-10-17|1819
6|2025-10-20|2425
6|2025-10-21|2392
6|2025-10-22|2338
6|2025-10-23|2144
6|2025-10-24|1678
6|2025-10-27|2287
6|2025-10-28|2464
6|2025-10-29|2252
6|2025-10-30|2081
6|2025-10-31|2186
6|2025-11-03|2295
6|2025-11-04|2150
6|2025-11-05|2221
6|2025-11-06|2225
6|2025-11-07|1755
6|2025-11-10|2207
6|2025-11-11|2186
6|2025-11-12|2244
6|2025-11-13|136
6|2025-11-14|2441
6|2025-11-17|2224
6|2025-11-18|2253
6|2025-11-19|2084
6|2025-11-20|2097
6|2025-11-21|1591
6|2025-11-24|2062
6|2025-11-25|2250
6|2025-11-26|2262
6|2025-11-27|2171
6|2025-11-28|2107
6|2025-12-02|2129
6|2025-12-03|2228
6|2025-12-05|1775
6|2025-12-04|2177
6|2025-12-09|2096
6|2025-12-10|2254
6|2025-12-11|2146
6|2025-12-12|1664
6|2025-12-15|2258
6|2025-12-16|2188
6|2025-12-17|2058
6|2025-12-18|2242
6|2025-12-19|1762
6|2025-12-22|2290
6|2025-12-23|1734
6|2025-12-29|2197
6|2025-12-30|2178
6|2025-12-31|2051
6|2026-01-02|2044
6|2026-01-05|2193
6|2026-01-06|2199
6|2026-01-07|2213
6|2026-01-08|2221
6|2026-01-09|1759
6|2026-01-12|2193
6|2026-01-13|2210
6|2026-01-19|2188
6|2026-01-20|102
6|2026-01-21|2118
6|2026-01-22|2113
6|2026-01-23|1787
6|2026-01-26|2240
6|2026-01-27|2196
6|2026-01-28|1924
6|2026-01-29|2262
6|2026-01-30|2010
6|2026-02-02|2021
6|2026-02-03|2091
6|2026-02-04|2196
6|2026-02-05|2204
6|2026-02-06|1695
6|2026-02-09|2178
6|2026-02-10|2163
6|2026-02-11|2040
6|2026-02-12|2219
6|2026-02-13|1738
6|2026-02-16|2167
6|2026-02-18|2214
6|2026-02-19|2187
6|2026-02-20|1761
6|2026-02-23|1990
6|2026-02-24|2217
6|2026-02-25|2147
6|2026-02-26|2124
6|2026-02-27|2155
6|2026-03-02|2173
6|2026-03-03|2150
6|2026-03-04|2082
6|2026-03-05|2185
6|2026-03-06|1732
6|2026-03-09|2152
6|2026-03-10|2153
6|2026-03-11|2163
6|2026-03-12|2169
6|2026-03-13|1719
6|2026-03-16|2180
6|2026-03-17|2121
6|2026-03-18|2138
6|2026-03-19|2048
6|2026-03-20|1718
6|2026-03-23|2174
6|2026-03-24|2083
6|2026-03-25|2148
6|2026-03-26|2192
6|2026-03-27|1686
6|2026-03-30|2237
6|2026-03-31|2679
6|2026-04-02|1634
6|2026-04-06|2057
6|2026-04-07|1958
6|2026-04-08|1992
6|2026-04-09|2105
6|2026-04-10|1644
6|2026-04-13|2076
6|2026-04-14|2071
6|2026-04-15|2076
6|2026-04-16|2055
6|2026-04-17|1619
6|2026-04-20|2100
6|2026-04-21|2042
6|2026-04-22|2065
6|2026-04-23|1979
6|2026-04-24|1605
6|2026-04-27|2124
6|2026-04-28|2154
7|2025-02-17|6028
7|2025-02-18|5845
7|2025-02-19|4936
7|2025-02-20|6200
7|2025-02-21|8632
7|2025-02-24|13590
7|2025-02-25|5877
7|2025-02-26|6063
7|2025-02-27|5314
7|2025-02-28|6035
7|2025-03-03|7468
7|2025-03-05|6661
7|2025-03-06|5636
7|2025-03-07|5608
7|2025-03-10|6134
7|2025-03-11|6120
7|2025-03-12|5913
7|2025-03-13|6090
7|2025-03-14|6494
7|2025-03-17|6057
7|2025-03-18|5354
7|2025-03-19|6285
7|2025-03-20|6017
7|2025-03-21|14953
7|2025-03-24|14746
7|2025-03-25|6722
7|2025-03-26|6660
7|2025-03-27|6099
7|2025-03-28|6379
7|2025-03-31|6491
7|2025-04-01|5858
7|2025-04-02|5726
7|2025-04-03|5947
7|2025-04-04|6290
7|2025-04-07|6621
7|2025-04-08|5531
7|2025-04-09|5514
7|2025-04-10|5830
7|2025-04-11|5159
7|2025-04-14|6333
7|2025-04-15|6451
7|2025-04-16|6579
7|2025-04-17|4042
7|2025-04-21|8374
7|2025-04-22|7692
7|2025-04-23|6965
7|2025-04-24|6500
7|2025-04-28|17611
7|2025-04-29|5067
7|2025-04-30|6118
7|2025-05-02|8373
7|2025-05-05|6732
7|2025-05-06|6526
7|2025-05-07|6342
7|2025-05-08|6185
7|2025-05-09|6851
7|2025-05-12|6793
7|2025-05-13|6202
7|2025-05-14|5778
7|2025-05-15|6758
7|2025-05-16|8457
7|2025-05-19|6856
7|2025-05-20|6994
7|2025-05-21|6731
7|2025-05-22|6116
7|2025-05-23|6768
7|2025-05-26|18228
7|2025-05-27|7310
7|2025-05-28|6695
7|2025-05-29|6260
7|2025-05-30|7229
7|2025-06-02|6131
7|2025-06-03|7174
7|2025-06-04|6985
7|2025-06-05|6441
7|2025-06-06|7694
7|2025-06-09|7098
7|2025-06-11|5988
7|2025-06-12|6101
7|2025-06-13|5764
7|2025-06-16|6414
7|2025-06-17|6041
7|2025-06-18|5873
7|2025-06-20|5320
7|2025-06-23|17647
7|2025-06-24|5873
7|2025-06-25|5993
7|2025-06-26|5937
7|2025-06-27|5992
7|2025-06-30|6322
7|2025-07-01|5247
7|2025-07-02|6015
7|2025-07-03|5471
7|2025-07-04|5747
7|2025-07-07|6346
7|2025-07-08|5770
7|2025-07-09|6195
7|2025-07-10|5631
7|2025-07-11|5428
7|2025-07-14|6049
7|2025-07-15|5966
7|2025-07-16|5973
7|2025-07-17|5824
7|2025-07-18|5865
7|2025-07-21|6868
7|2025-07-22|6188
7|2025-07-23|6048
7|2025-07-24|5797
7|2025-07-25|6043
7|2025-07-28|16636
7|2025-07-29|6301
7|2025-07-30|6049
7|2025-07-31|5831
7|2025-08-01|6230
7|2025-08-04|6732
7|2025-08-05|6371
7|2025-08-06|6435
7|2025-08-07|6567
7|2025-08-08|6289
7|2025-08-11|6843
7|2025-08-12|7116
7|2025-08-13|7124
7|2025-08-14|6844
7|2025-08-18|7879
7|2025-08-19|6750
7|2025-08-20|6741
7|2025-08-21|6212
7|2025-08-22|9238
7|2025-08-25|14846
7|2025-08-26|7887
7|2025-08-27|7371
7|2025-08-28|7595
7|2025-08-29|7381
7|2025-09-01|7984
7|2025-09-02|7945
7|2025-09-03|7925
7|2025-09-04|7821
7|2025-09-05|7768
7|2025-09-08|8627
7|2025-09-09|7384
7|2025-09-10|7307
7|2025-09-11|6990
7|2025-09-12|7570
7|2025-09-15|7552
7|2025-09-16|6135
7|2025-09-17|6369
7|2025-09-18|7291
7|2025-09-19|8370
7|2025-09-22|16458
7|2025-09-23|8100
7|2025-09-24|8247
7|2025-09-25|7579
7|2025-09-26|7616
7|2025-09-29|9553
7|2025-09-30|8007
7|2025-10-01|7868
7|2025-10-02|7743
7|2025-10-03|7928
7|2025-10-06|8588
7|2025-10-07|8138
7|2025-10-08|7320
7|2025-10-09|6925
7|2025-10-10|7183
7|2025-10-13|8470
7|2025-10-14|6864
7|2025-10-15|7351
7|2025-10-16|7652
7|2025-10-17|7563
7|2025-10-20|9191
7|2025-10-21|7559
7|2025-10-22|7852
7|2025-10-23|7644
7|2025-10-24|8558
7|2025-10-27|18247
7|2025-10-28|6679
7|2025-10-29|8266
7|2025-10-30|7926
7|2025-10-31|8136
7|2025-11-03|9946
7|2025-11-04|8758
7|2025-11-05|7849
7|2025-11-06|8332
7|2025-11-07|8192
7|2025-11-10|10411
7|2025-11-11|8335
7|2025-11-12|7574
7|2025-11-13|7297
7|2025-11-14|7209
7|2025-11-17|9978
7|2025-11-18|9037
7|2025-11-19|8395
7|2025-11-20|7758
7|2025-11-21|11000
7|2025-11-24|19200
7|2025-11-25|9624
7|2025-11-26|9620
7|2025-11-27|8905
7|2025-11-28|8672
7|2025-12-02|11190
7|2025-12-03|9989
7|2025-12-05|9410
7|2025-12-04|9065
7|2025-12-09|10755
7|2025-12-10|9005
7|2025-12-11|8182
7|2025-12-12|8034
7|2025-12-15|10443
7|2025-12-16|7415
7|2025-12-17|8360
7|2025-12-18|8222
7|2025-12-19|8105
7|2025-12-22|19196
7|2025-12-23|10408
7|2025-12-29|12811
7|2025-12-30|12260
7|2025-12-31|7785
7|2026-01-02|12498
7|2026-01-05|11349
7|2026-01-06|9823
7|2026-01-07|9029
7|2026-01-08|9513
7|2026-01-09|9939
7|2026-01-12|10487
7|2026-01-13|8893
7|2026-01-19|11945
7|2026-01-20|9815
7|2026-01-21|9383
7|2026-01-22|8046
7|2026-01-23|9442
7|2026-01-26|25112
7|2026-01-27|8528
7|2026-01-28|9890
7|2026-01-29|9412
7|2026-01-30|10496
7|2026-02-02|12198
7|2026-02-03|9452
7|2026-02-04|9070
7|2026-02-05|9267
7|2026-02-06|9644
7|2026-02-09|11868
7|2026-02-10|10094
7|2026-02-11|9137
7|2026-02-12|10081
7|2026-02-13|10822
7|2026-02-16|15641
7|2026-02-18|11918
7|2026-02-19|11097
7|2026-02-20|12681
7|2026-02-23|25417
7|2026-02-24|10185
7|2026-02-25|10827
7|2026-02-26|11512
7|2026-02-27|8918
7|2026-03-02|13696
7|2026-03-03|11256
7|2026-03-04|10597
7|2026-03-05|10224
7|2026-03-06|10671
7|2026-03-09|9670
7|2026-03-10|8717
7|2026-03-11|9675
7|2026-03-12|10849
7|2026-03-13|10150
7|2026-03-16|11244
7|2026-03-17|9994
7|2026-03-18|10201
7|2026-03-20|9462
7|2026-03-23|23751
7|2026-03-24|10328
7|2026-03-25|9835
7|2026-03-26|9683
7|2026-03-27|10387
7|2026-03-30|11737
7|2026-03-31|10199
7|2026-04-02|8183
7|2026-04-06|15087
7|2026-04-07|11708
7|2026-04-08|11470
7|2026-04-09|11331
7|2026-04-10|11014
7|2026-04-13|12350
7|2026-04-14|9987
7|2026-04-15|10713
7|2026-04-16|10742
7|2026-04-17|11663
7|2026-04-20|14122
7|2026-04-21|9946
7|2026-04-22|10222
7|2026-04-23|10245
7|2026-04-24|10309
7|2026-04-27|20840
7|2026-04-28|9763
8|2025-02-17|19628
8|2025-02-18|12470
8|2025-02-19|15377
8|2025-02-20|13613
8|2025-02-21|49100
8|2025-02-24|18970
8|2025-02-25|60574
8|2025-02-26|16941
8|2025-02-27|12558
8|2025-02-28|13607
8|2025-03-03|23220
8|2025-03-05|31382
8|2025-03-06|13530
8|2025-03-07|13676
8|2025-03-10|403575
8|2025-03-11|12338
8|2025-03-12|21145
8|2025-03-13|18036
8|2025-03-14|12876
8|2025-03-17|16447
8|2025-03-18|11304
8|2025-03-19|17444
8|2025-03-20|12114
8|2025-03-21|14666
8|2025-03-24|259869
8|2025-03-25|48494
8|2025-03-26|17588
8|2025-03-27|11648
8|2025-03-28|13989
8|2025-03-31|183884
8|2025-04-01|11441
8|2025-04-02|17502
8|2025-04-03|11240
8|2025-04-04|15314
8|2025-04-07|21860
8|2025-04-08|12828
8|2025-04-09|40334
8|2025-04-10|13582
8|2025-04-11|10982
8|2025-04-14|28537
8|2025-04-15|15778
8|2025-04-16|21200
8|2025-04-17|12083
8|2025-04-21|21461
8|2025-04-22|14381
8|2025-04-23|20345
8|2025-04-24|14521
8|2025-04-28|29132
8|2025-04-29|10946
8|2025-04-30|19780
8|2025-05-02|16988
8|2025-05-05|21276
8|2025-05-06|14300
8|2025-05-07|17855
8|2025-05-08|14915
8|2025-05-09|12609
8|2025-05-12|19714
8|2025-05-13|20530
8|2025-05-14|18436
8|2025-05-15|11776
8|2025-05-16|15354
8|2025-05-19|19715
8|2025-05-20|16132
8|2025-05-21|20197
8|2025-05-22|13151
8|2025-05-23|12906
8|2025-05-26|51529
8|2025-05-27|20894
8|2025-05-28|21147
8|2025-05-29|12697
8|2025-05-30|14256
8|2025-06-02|20290
8|2025-06-03|13421
8|2025-06-04|18509
8|2025-06-05|11752
8|2025-06-06|12220
8|2025-06-09|19161
8|2025-06-11|21333
8|2025-06-12|11096
8|2025-06-13|12541
8|2025-06-16|19043
8|2025-06-17|12948
8|2025-06-18|19319
8|2025-06-20|16171
8|2025-06-23|21692
8|2025-06-24|34570
8|2025-06-25|19541
8|2025-06-26|12382
8|2025-06-27|16320
8|2025-06-30|21842
8|2025-07-01|19749
8|2025-07-02|11630
8|2025-07-03|10920
8|2025-07-04|13804
8|2025-07-07|39840
8|2025-07-08|30101
8|2025-07-09|11146
8|2025-07-10|12669
8|2025-07-11|12870
8|2025-07-14|45888
8|2025-07-15|16816
8|2025-07-16|10712
8|2025-07-17|10820
8|2025-07-18|12816
8|2025-07-21|19650
8|2025-07-22|17431
8|2025-07-23|13085
8|2025-07-24|12446
8|2025-07-25|13561
8|2025-07-28|19124
8|2025-07-29|31769
8|2025-07-30|11541
8|2025-07-31|31576
8|2025-08-01|14761
8|2025-08-04|19458
8|2025-08-05|17960
8|2025-08-06|12899
8|2025-08-07|36110
8|2025-08-08|38150
8|2025-08-11|21007
8|2025-08-12|18542
8|2025-08-13|12111
8|2025-08-14|19420
8|2025-08-18|21255
8|2025-08-19|18062
8|2025-08-20|12544
8|2025-08-21|11486
8|2025-08-22|16218
8|2025-08-25|20499
8|2025-08-26|20212
8|2025-08-27|12462
8|2025-08-28|12878
8|2025-08-29|15703
8|2025-09-01|19500
8|2025-09-02|19265
8|2025-09-03|65925
8|2025-09-04|21585
8|2025-09-05|22442
8|2025-09-08|28876
8|2025-09-09|26743
8|2025-09-10|21794
8|2025-09-11|21462
8|2025-09-12|28215
8|2025-09-15|28244
8|2025-09-16|28060
8|2025-09-17|20361
8|2025-09-18|18898
8|2025-09-19|23697
8|2025-09-22|30078
8|2025-09-23|36515
8|2025-09-24|31225
8|2025-09-25|23596
8|2025-09-26|25284
8|2025-09-29|31851
8|2025-09-30|27852
8|2025-10-01|23369
8|2025-10-02|21516
8|2025-10-03|21312
8|2025-10-06|45150
8|2025-10-07|26105
8|2025-10-08|21920
8|2025-10-09|21330
8|2025-10-10|31683
8|2025-10-13|30222
8|2025-10-14|25743
8|2025-10-15|38397
8|2025-10-16|85637
8|2025-10-17|27607
8|2025-10-20|159434
8|2025-10-21|30361
8|2025-10-22|50148
8|2025-10-23|313466
8|2025-10-24|48131
8|2025-10-27|33808
8|2025-10-28|33164
8|2025-10-29|19669
8|2025-10-30|21608
8|2025-10-31|23647
8|2025-11-03|30572
8|2025-11-04|29934
8|2025-11-05|22755
8|2025-11-06|21763
8|2025-11-07|23505
8|2025-11-10|20770
8|2025-11-11|80506
8|2025-11-12|24344
8|2025-11-13|227200
8|2025-11-14|176819
8|2025-11-17|31026
8|2025-11-18|26975
8|2025-11-19|21151
8|2025-11-20|20471
8|2025-11-21|27286
8|2025-11-24|32126
8|2025-11-25|27306
8|2025-11-26|21940
8|2025-11-27|22841
8|2025-11-28|23928
8|2025-12-02|36336
8|2025-12-03|28003
8|2025-12-05|20104
8|2025-12-04|20683
8|2025-12-09|43529
8|2025-12-10|49889
8|2025-12-11|1188458
8|2025-12-12|772523
8|2025-12-15|28494
8|2025-12-16|30507
8|2025-12-17|23112
8|2025-12-18|22365
8|2025-12-19|22143
8|2025-12-22|30778
8|2025-12-23|27641
8|2025-12-29|30287
8|2025-12-30|30923
8|2025-12-31|22930
8|2026-01-02|25266
8|2026-01-05|30375
8|2026-01-06|30347
8|2026-01-07|20872
8|2026-01-08|39611
8|2026-01-09|26012
8|2026-01-12|53268
8|2026-01-13|26236
8|2026-01-19|31420
8|2026-01-20|217561
8|2026-01-21|173649
8|2026-01-22|127445
8|2026-01-23|21231
8|2026-01-26|28691
8|2026-01-27|25480
8|2026-01-28|20704
8|2026-01-29|20976
8|2026-01-30|23773
8|2026-02-02|32026
8|2026-02-03|26067
8|2026-02-04|19878
8|2026-02-05|20792
8|2026-02-06|23657
8|2026-02-09|101693
8|2026-02-10|100036
8|2026-02-11|19526
8|2026-02-12|21581
8|2026-02-13|24288
8|2026-02-16|31856
8|2026-02-18|32677
8|2026-02-19|78395
8|2026-02-20|24854
8|2026-02-23|34233
8|2026-02-24|26234
8|2026-02-25|21159
8|2026-02-26|22319
8|2026-02-27|24592
8|2026-03-02|55523
8|2026-03-03|29453
8|2026-03-04|22046
8|2026-03-05|97426
8|2026-03-06|23903
8|2026-03-09|28131
8|2026-03-10|27795
8|2026-03-11|20281
8|2026-03-12|21592
8|2026-03-13|23212
8|2026-03-16|30733
8|2026-03-17|26378
8|2026-03-18|20429
8|2026-03-19|21564
8|2026-03-20|22334
8|2026-03-23|30795
8|2026-03-24|25977
8|2026-03-25|21815
8|2026-03-26|20575
8|2026-03-27|23182
8|2026-03-30|28510
8|2026-03-31|26993
8|2026-04-02|19651
8|2026-04-06|29312
8|2026-04-07|27540
8|2026-04-08|50928
8|2026-04-09|141876
8|2026-04-10|23273
8|2026-04-13|31487
8|2026-04-14|30164
8|2026-04-15|50592
8|2026-04-16|51372
8|2026-04-17|32675
8|2026-04-20|29963
8|2026-04-21|28257
8|2026-04-22|20950
8|2026-04-23|21890
8|2026-04-24|24442
8|2026-04-27|29076
8|2026-04-28|29044
9|2025-02-17|22110
9|2025-02-18|20827
9|2025-02-19|22416
9|2025-02-20|21194
9|2025-02-21|21714
9|2025-02-24|22010
9|2025-02-25|20979
9|2025-02-26|22316
9|2025-02-27|20876
9|2025-02-28|22026
9|2025-03-03|23297
9|2025-03-05|32917
9|2025-03-06|23983
9|2025-03-07|23147
9|2025-03-10|181559
9|2025-03-11|22262
9|2025-03-12|22751
9|2025-03-13|20932
9|2025-03-14|21451
9|2025-03-17|21892
9|2025-03-18|20649
9|2025-03-19|22410
9|2025-03-20|20964
9|2025-03-21|21522
9|2025-03-24|152199
9|2025-03-25|21000
9|2025-03-26|22209
9|2025-03-27|21065
9|2025-03-28|21491
9|2025-03-31|22531
9|2025-04-01|23422
9|2025-04-02|25777
9|2025-04-03|22045
9|2025-04-04|23093
9|2025-04-07|22394
9|2025-04-08|174257
9|2025-04-09|22959
9|2025-04-10|22219
9|2025-04-11|21473
9|2025-04-14|28459
9|2025-04-15|21956
9|2025-04-16|22788
9|2025-04-17|22381
9|2025-04-21|24192
9|2025-04-22|21163
9|2025-04-23|22195
9|2025-04-24|22345
9|2025-04-28|23695
9|2025-04-29|22368
9|2025-04-30|22884
9|2025-05-02|23019
9|2025-05-05|28574
9|2025-05-06|23348
9|2025-05-07|23519
9|2025-05-08|157327
9|2025-05-09|21629
9|2025-05-12|24103
9|2025-05-13|21084
9|2025-05-14|21803
9|2025-05-15|21380
9|2025-05-16|22121
9|2025-05-19|24415
9|2025-05-20|21726
9|2025-05-21|23067
9|2025-05-22|21440
9|2025-05-23|21526
9|2025-05-26|24351
9|2025-05-27|27277
9|2025-05-28|23831
9|2025-05-29|22226
9|2025-05-30|22526
9|2025-06-02|24426
9|2025-06-03|27008
9|2025-06-04|23534
9|2025-06-05|21708
9|2025-06-06|21650
9|2025-06-09|23895
9|2025-06-11|186538
9|2025-06-12|22818
9|2025-06-13|21793
9|2025-06-16|23400
9|2025-06-17|22054
9|2025-06-18|23894
9|2025-06-20|22889
9|2025-06-23|25189
9|2025-06-24|33339
9|2025-06-25|23708
9|2025-06-26|21782
9|2025-06-27|21935
9|2025-06-30|24151
9|2025-07-01|21783
9|2025-07-02|27145
9|2025-07-03|22359
9|2025-07-04|22298
9|2025-07-07|24136
9|2025-07-08|186644
9|2025-07-09|23206
9|2025-07-10|22612
9|2025-07-11|21824
9|2025-07-14|24397
9|2025-07-15|21315
9|2025-07-16|22203
9|2025-07-17|22545
9|2025-07-18|22118
9|2025-07-21|24203
9|2025-07-22|21645
9|2025-07-23|23075
9|2025-07-24|21711
9|2025-07-25|21927
9|2025-07-28|23453
9|2025-07-29|21651
9|2025-07-30|22282
9|2025-07-31|21822
9|2025-08-01|22611
9|2025-08-04|28840
9|2025-08-05|22570
9|2025-08-06|22653
9|2025-08-07|21513
9|2025-08-08|197091
9|2025-08-11|23739
9|2025-08-12|21038
9|2025-08-13|21929
9|2025-08-14|20826
9|2025-08-18|24054
9|2025-08-19|21962
9|2025-08-20|22253
9|2025-08-21|19783
9|2025-08-22|20757
9|2025-08-25|23190
9|2025-08-26|20838
9|2025-08-27|21110
9|2025-08-28|20397
9|2025-08-29|20874
9|2025-09-01|24541
9|2025-09-02|25259
9|2025-09-03|23270
9|2025-09-04|21369
9|2025-09-05|21490
9|2025-09-08|24027
9|2025-09-09|198542
9|2025-09-10|22481
9|2025-09-11|20785
9|2025-09-12|21134
9|2025-09-15|22899
9|2025-09-16|21444
9|2025-09-17|22688
9|2025-09-18|21778
9|2025-09-19|21044
9|2025-09-22|23888
9|2025-09-23|30124
9|2025-09-24|22758
9|2025-09-25|21692
9|2025-09-26|22087
9|2025-09-29|24061
9|2025-09-30|21832
9|2025-10-01|20718
9|2025-10-02|27725
9|2025-10-03|22612
9|2025-10-06|24299
9|2025-10-07|21637
9|2025-10-08|177151
9|2025-10-09|21493
9|2025-10-10|22051
9|2025-10-13|24116
9|2025-10-14|21415
9|2025-10-15|22193
9|2025-10-16|21406
9|2025-10-17|22514
9|2025-10-20|24124
9|2025-10-21|21111
9|2025-10-22|21991
9|2025-10-23|21251
9|2025-10-24|21184
9|2025-10-27|23607
9|2025-10-28|21447
9|2025-10-29|22491
9|2025-10-30|21604
9|2025-10-31|22373
9|2025-11-03|24515
9|2025-11-04|26103
9|2025-11-05|2357113
9|2025-11-06|22102
9|2025-11-07|22590
9|2025-11-10|201375
9|2025-11-11|23264
9|2025-11-12|26291
9|2025-11-13|21076
9|2025-11-14|12
9|2025-11-17|23600
9|2025-11-18|20571
9|2025-11-19|22773
9|2025-11-20|21401
9|2025-11-21|21544
9|2025-11-24|27570
9|2025-11-25|65
9|2025-11-26|22447
9|2025-11-27|21398
9|2025-11-28|22199
9|2025-12-02|25608
9|2025-12-03|27416
9|2025-12-05|21995
9|2025-12-04|24372
9|2025-12-09|24640
9|2025-12-10|199438
9|2025-12-11|23542
9|2025-12-12|22211
9|2025-12-15|23487
9|2025-12-16|21447
9|2025-12-17|22861
9|2025-12-18|22462
9|2025-12-19|21543
9|2025-12-22|23953
9|2025-12-23|21362
9|2025-12-29|23216
9|2025-12-30|21909
9|2025-12-31|21518
9|2026-01-02|20212
9|2026-01-05|25380
9|2026-01-06|22535
9|2026-01-07|22176
9|2026-01-08|198892
9|2026-01-09|21787
9|2026-01-12|23767
9|2026-01-13|20820
9|2026-01-19|24861
9|2026-01-20|20918
9|2026-01-21|22981
9|2026-01-22|20241
9|2026-01-23|20876
9|2026-01-26|22606
9|2026-01-27|24226
9|2026-01-28|21379
9|2026-01-29|20128
9|2026-01-30|20527
9|2026-02-02|22956
9|2026-02-03|25762
9|2026-02-04|22839
9|2026-02-05|22797
9|2026-02-06|21776
9|2026-02-09|24387
9|2026-02-10|169988
9|2026-02-11|22307
9|2026-02-12|23796
9|2026-02-13|21872
9|2026-02-16|24166
9|2026-02-18|22388
9|2026-02-19|23890
9|2026-02-20|23067
9|2026-02-23|24877
9|2026-02-24|22264
9|2026-02-25|22383
9|2026-02-26|21930
9|2026-02-27|22206
9|2026-03-02|25263
9|2026-03-03|26071
9|2026-03-04|24288
9|2026-03-05|22574
9|2026-03-06|22268
9|2026-03-09|24991
9|2026-03-10|180617
9|2026-03-11|22614
9|2026-03-12|21756
9|2026-03-13|22038
9|2026-03-16|25039
9|2026-03-17|21364
9|2026-03-18|23125
9|2026-03-19|21270
9|2026-03-20|21645
9|2026-03-23|24004
9|2026-03-24|21766
9|2026-03-25|22871
9|2026-03-26|21509
9|2026-03-27|21791
9|2026-03-30|23814
9|2026-04-01|22922
9|2026-04-06|23706
9|2026-04-07|22610
9|2026-04-08|172550
9|2026-04-09|21710
9|2026-04-10|22097
9|2026-04-13|25614
9|2026-04-14|21230
9|2026-04-15|22491
9|2026-04-16|21644
9|2026-04-17|22016
9|2026-04-20|24867
9|2026-04-21|21701
9|2026-04-22|23718
9|2026-04-23|21527
9|2026-04-24|21956
9|2026-04-27|23999
9|2026-04-28|21468
10|2025-02-17|8609
10|2025-02-18|5789
10|2025-02-19|5460
10|2025-02-20|5185
10|2025-02-21|5593
10|2025-02-24|8361
10|2025-02-25|5909
10|2025-02-26|5228
10|2025-02-27|5466
10|2025-02-28|5434
10|2025-03-03|27147
10|2025-03-05|25830
10|2025-03-06|5738
10|2025-03-07|9130
10|2025-03-10|9199
10|2025-03-11|5158
10|2025-03-12|5403
10|2025-03-13|5246
10|2025-03-14|5162
10|2025-03-17|8284
10|2025-03-18|5065
10|2025-03-19|4870
10|2025-03-20|5579
10|2025-03-21|4696
10|2025-03-24|8133
10|2025-03-25|5819
10|2025-03-26|4892
10|2025-03-27|5035
10|2025-03-28|4681
10|2025-03-31|38862
10|2025-04-01|34408
10|2025-04-02|25425
10|2025-04-03|5560
10|2025-04-04|5583
10|2025-04-07|8763
10|2025-04-08|8833
10|2025-04-09|5533
10|2025-04-10|5771
10|2025-04-11|5421
10|2025-04-14|7961
10|2025-04-15|5193
10|2025-04-16|5240
10|2025-04-17|6274
10|2025-04-21|9180
10|2025-04-22|5524
10|2025-04-23|5735
10|2025-04-24|5275
10|2025-04-28|9597
10|2025-04-29|2849
10|2025-04-30|5044
10|2025-05-02|29843
10|2025-05-05|27628
10|2025-05-06|6094
10|2025-05-07|8898
10|2025-05-08|6419
10|2025-05-09|6838
10|2025-05-12|8847
10|2025-05-13|5509
10|2025-05-14|5245
10|2025-05-15|11924
10|2025-05-16|17783
10|2025-05-19|8938
10|2025-05-20|699189
10|2025-05-21|699192
10|2025-05-22|6323
10|2025-05-23|5667
10|2025-05-26|13166
10|2025-05-27|5358
10|2025-05-28|5576
10|2025-05-29|5454
10|2025-05-30|5335
10|2025-06-02|15418
10|2025-06-03|34853
10|2025-06-04|5589
10|2025-06-05|5759
10|2025-06-06|5288
10|2025-06-09|9903
10|2025-06-11|7686
10|2025-06-12|4787
10|2025-06-13|5317
10|2025-06-16|30164
10|2025-06-17|6455
10|2025-06-18|5750
10|2025-06-20|7371
10|2025-06-23|8480
10|2025-06-24|6650
10|2025-06-25|4933
10|2025-06-26|5255
10|2025-06-27|5199
10|2025-06-30|9015
10|2025-07-01|15306
10|2025-07-02|27499
10|2025-07-03|5330
10|2025-07-04|5513
10|2025-07-07|8552
10|2025-07-08|7185
10|2025-07-09|5438
10|2025-07-10|5019
10|2025-07-11|4881
10|2025-07-14|8046
10|2025-07-15|25429
10|2025-07-16|5398
10|2025-07-17|5442
10|2025-07-18|5239
10|2025-07-21|9688
10|2025-07-22|5455
10|2025-07-23|5333
10|2025-07-24|5626
10|2025-07-25|4679
10|2025-07-28|8004
10|2025-07-29|5292
10|2025-07-30|5332
10|2025-07-31|5252
10|2025-08-01|52334
10|2025-08-04|14048
10|2025-08-05|6256
10|2025-08-06|5852
10|2025-08-07|6953
10|2025-08-08|4947
10|2025-08-11|8649
10|2025-08-12|4885
10|2025-08-13|5099
10|2025-08-14|5068
10|2025-08-18|30201
10|2025-08-19|5683
10|2025-08-20|5143
10|2025-08-21|5164
10|2025-08-22|5485
10|2025-08-25|9524
10|2025-08-26|6617
10|2025-08-27|5881
10|2025-08-28|5790
10|2025-08-29|6135
10|2025-09-01|43360
10|2025-09-02|13846
10|2025-09-03|6213
10|2025-09-04|6223
10|2025-09-05|5941
10|2025-09-08|9947
10|2025-09-09|7252
10|2025-09-10|6021
10|2025-09-11|6010
10|2025-09-12|5010
10|2025-09-15|32903
10|2025-09-16|7408
10|2025-09-17|5980
10|2025-09-18|6407
10|2025-09-19|6238
10|2025-09-22|9604
10|2025-09-23|6722
10|2025-09-24|15115
10|2025-09-25|6242
10|2025-09-26|5810
10|2025-09-29|9539
10|2025-09-30|6548
10|2025-10-01|31309
10|2025-10-02|50261
10|2025-10-03|6254
10|2025-10-06|9735
10|2025-10-07|7106
10|2025-10-08|5438
10|2025-10-09|6279
10|2025-10-10|5105
10|2025-10-13|9556
10|2025-10-14|5933
10|2025-10-16|6130
10|2025-10-17|5357
10|2025-10-20|9033
10|2025-10-21|5752
10|2025-10-22|4992
10|2025-10-23|7826
10|2025-10-24|5281
10|2025-10-27|8489
10|2025-10-28|5465
10|2025-10-29|4989
10|2025-10-30|5497
10|2025-10-31|5875
10|2025-11-03|17294
10|2025-11-04|43591
10|2025-11-05|8711
10|2025-11-06|3730
10|2025-11-07|6328
10|2025-11-10|8931
10|2025-11-11|5566
10|2025-11-12|5727
10|2025-11-13|8308
10|2025-11-14|1387
10|2025-11-17|29306
10|2025-11-18|6632
10|2025-11-19|6039
10|2025-11-20|5769
10|2025-11-21|5380
10|2025-11-24|9205
10|2025-11-25|6537
10|2025-11-26|5376
10|2025-11-27|5401
10|2025-11-28|6272
10|2025-12-02|88245
10|2025-12-03|6028
10|2025-12-05|5297
10|2025-12-04|5706
10|2025-12-09|12388
10|2025-12-10|5061
10|2025-12-11|691075
10|2025-12-12|692825
10|2025-12-15|31916
10|2025-12-16|7174
10|2025-12-17|5676
10|2025-12-18|5868
10|2025-12-19|5577
10|2025-12-22|9086
10|2025-12-23|6398
10|2025-12-29|7895
10|2025-12-30|6499
10|2025-12-31|6073
10|2026-01-02|33687
10|2026-01-05|17940
10|2026-01-06|5799
10|2026-01-07|7117
10|2026-01-08|6759
10|2026-01-09|6395
10|2026-01-12|9672
10|2026-01-13|5524
10|2026-01-19|9176
10|2026-01-20|6296
10|2026-01-21|5950
10|2026-01-22|7450
10|2026-01-23|6149
10|2026-01-26|9052
10|2026-01-27|6412
10|2026-01-28|5441
10|2026-01-29|5404
10|2026-01-30|6428
10|2026-02-02|45156
10|2026-02-03|68638
10|2026-02-04|6039
10|2026-02-05|5568
10|2026-02-06|5732
10|2026-02-09|10953
10|2026-02-10|5742
10|2026-02-11|5471
10|2026-02-12|5442
10|2026-02-13|5759
10|2026-02-16|32457
10|2026-02-18|10385
10|2026-02-19|5588
10|2026-02-20|5666
10|2026-02-23|9525
10|2026-02-24|7037
10|2026-02-25|6391
10|2026-02-26|6043
10|2026-02-27|6495
10|2026-03-03|39439
10|2026-03-04|6380
10|2026-03-05|6055
10|2026-03-06|5993
10|2026-03-09|10942
10|2026-03-10|5946
10|2026-03-11|5667
10|2026-03-12|5630
10|2026-03-13|5280
10|2026-03-16|30578
10|2026-03-17|8055
10|2026-03-18|5816
10|2026-03-20|5240
10|2026-03-23|8969
10|2026-03-24|6159
10|2026-03-25|6086
10|2026-03-26|5955
10|2026-03-27|5768
10|2026-03-30|9365
10|2026-03-31|6577
10|2026-04-01|43866
10|2026-04-06|12362
10|2026-04-07|7823
10|2026-04-08|6309
10|2026-04-09|6228
10|2026-04-10|5531
10|2026-04-13|9812
10|2026-04-14|6297
10|2026-04-15|25062
10|2026-04-16|6409
10|2026-04-17|6599
10|2026-04-20|10461
10|2026-04-21|6419
10|2026-04-22|5840
10|2026-04-23|5979
10|2026-04-24|5512
10|2026-04-27|9104
10|2026-04-28|5440
11|2025-02-17|5618
11|2025-02-18|2635
11|2025-02-19|4485
11|2025-02-20|2359
11|2025-02-21|2424
11|2025-02-24|5452
11|2025-02-25|2572
11|2025-02-26|4883
11|2025-02-27|2321
11|2025-02-28|2458
11|2025-03-03|5569
11|2025-03-05|6298
11|2025-03-06|2331
11|2025-03-07|2904
11|2025-03-10|5390
11|2025-03-11|2639
11|2025-03-12|4734
11|2025-03-13|2316
11|2025-03-14|2359
11|2025-03-17|5133
11|2025-03-18|2673
11|2025-03-19|4791
11|2025-03-20|2647
11|2025-03-21|2518
11|2025-03-24|5496
11|2025-03-25|2509
11|2025-03-26|4352
11|2025-03-27|2169
11|2025-03-28|2984
11|2025-03-31|5711
11|2025-04-01|2836
11|2025-04-02|4760
11|2025-04-03|2466
11|2025-04-04|2376
11|2025-04-07|5561
11|2025-04-08|2982
11|2025-04-09|5091
11|2025-04-10|2217
11|2025-04-11|2391
11|2025-04-14|5432
11|2025-04-15|2805
11|2025-04-16|5365
11|2025-04-17|1953
11|2025-04-21|6950
11|2025-04-22|2840
11|2025-04-23|5704
11|2025-04-24|2277
11|2025-04-28|5976
11|2025-04-29|3330
11|2025-04-30|5735
11|2025-05-02|3488
11|2025-05-05|5914
11|2025-05-06|2774
11|2025-05-07|4581
11|2025-05-08|2200
11|2025-05-09|2693
11|2025-05-12|5391
11|2025-05-13|2667
11|2025-05-14|5494
11|2025-05-15|2259
11|2025-05-16|2660
11|2025-05-19|5354
11|2025-05-20|2645
11|2025-05-21|5204
11|2025-05-22|2152
11|2025-05-23|2804
11|2025-05-26|5218
11|2025-05-27|2332
11|2025-05-28|5196
11|2025-05-29|2109
11|2025-05-30|3747
11|2025-06-02|5752
11|2025-06-03|2367
11|2025-06-04|5176
11|2025-06-05|2231
11|2025-06-06|2694
11|2025-06-09|5477
11|2025-06-11|6346
11|2025-06-12|2237
11|2025-06-13|3109
11|2025-06-16|5476
11|2025-06-17|2836
11|2025-06-18|4681
11|2025-06-20|4355
11|2025-06-23|5682
11|2025-06-24|2512
11|2025-06-25|5317
11|2025-06-26|2284
11|2025-06-27|2860
11|2025-06-30|6135
11|2025-07-01|4928
11|2025-07-02|2513
11|2025-07-03|2268
11|2025-07-04|3111
11|2025-07-07|5387
11|2025-07-08|5074
11|2025-07-09|2605
11|2025-07-10|1994
11|2025-07-11|2925
11|2025-07-14|5293
11|2025-07-15|5364
11|2025-07-16|2286
11|2025-07-17|1964
11|2025-07-18|2800
11|2025-07-21|5442
11|2025-07-22|5323
11|2025-07-23|2303
11|2025-07-24|2135
11|2025-07-25|2790
11|2025-07-28|5098
11|2025-07-29|5065
11|2025-07-30|2264
11|2025-07-31|1856
11|2025-08-01|2719
11|2025-08-04|5108
11|2025-08-05|5046
11|2025-08-06|2141
11|2025-08-07|1955
11|2025-08-08|2729
11|2025-08-11|4942
11|2025-08-12|4639
11|2025-08-13|2311
11|2025-08-14|1934
11|2025-08-18|6196
11|2025-08-19|5262
11|2025-08-20|2458
11|2025-08-21|2087
11|2025-08-22|2872
11|2025-08-25|5206
11|2025-08-26|5168
11|2025-08-27|2400
11|2025-08-28|2149
11|2025-08-29|2985
11|2025-09-01|4987
11|2025-09-02|5194
11|2025-09-03|2420
11|2025-09-04|2104
11|2025-09-05|2798
11|2025-09-08|4985
11|2025-09-09|4722
11|2025-09-10|2226
11|2025-09-11|2034
11|2025-09-12|2714
11|2025-09-15|4440
11|2025-09-16|4635
11|2025-09-17|2267
11|2025-09-18|1905
11|2025-09-19|2643
11|2025-09-22|5131
11|2025-09-23|4729
11|2025-09-24|2236
11|2025-09-25|1988
11|2025-09-26|2874
11|2025-09-29|5099
11|2025-09-30|4990
11|2025-10-01|2189
11|2025-10-02|2297
11|2025-10-03|2828
11|2025-10-06|5045
11|2025-10-07|4877
11|2025-10-08|2206
11|2025-10-09|1954
11|2025-10-10|2801
11|2025-10-13|4947
11|2025-10-14|4652
11|2025-10-15|2228
11|2025-10-16|1748
11|2025-10-17|2535
11|2025-10-20|5371
11|2025-10-21|5267
11|2025-10-22|2171
11|2025-10-23|1781
11|2025-10-24|2657
11|2025-10-27|4690
11|2025-10-28|4966
11|2025-10-29|1851
11|2025-10-30|2229
11|2025-10-31|2896
11|2025-11-03|5121
11|2025-11-04|4911
11|2025-11-05|2309
11|2025-11-06|2137
11|2025-11-07|2968
11|2025-11-10|5135
11|2025-11-11|5100
11|2025-11-12|2327
11|2025-11-13|2203
11|2025-11-14|2663
11|2025-11-17|5329
11|2025-11-18|4892
11|2025-11-19|2171
11|2025-11-20|2199
11|2025-11-21|3021
11|2025-11-24|4887
11|2025-11-25|5367
11|2025-11-26|2332
11|2025-11-27|2296
11|2025-11-28|3201
11|2025-12-02|7844
11|2025-12-03|4760
11|2025-12-05|1894
11|2025-12-04|2342
11|2025-12-09|7920
11|2025-12-10|4800
11|2025-12-11|2256
11|2025-12-12|1966
11|2025-12-15|4980
11|2025-12-16|5747
11|2025-12-17|2043
11|2025-12-18|2083
11|2025-12-19|2913
11|2025-12-22|5884
11|2025-12-23|5121
11|2025-12-29|5553
11|2025-12-30|5697
11|2025-12-31|2331
11|2026-01-02|3732
11|2026-01-05|5692
11|2026-01-06|6315
11|2026-01-07|2466
11|2026-01-08|2328
11|2026-01-09|3428
11|2026-01-12|5279
11|2026-01-13|5535
11|2026-01-19|5305
11|2026-01-20|4971
11|2026-01-21|2195
11|2026-01-22|2173
11|2026-01-23|2847
11|2026-01-26|4950
11|2026-01-27|4740
11|2026-01-28|2080
11|2026-01-29|1945
11|2026-01-30|2934
11|2026-02-02|4951
11|2026-02-03|4466
11|2026-02-04|2042
11|2026-02-05|2007
11|2026-02-06|2718
11|2026-02-09|4524
11|2026-02-10|4321
11|2026-02-11|2050
11|2026-02-12|1762
11|2026-02-13|2514
11|2026-02-16|5093
11|2026-02-18|6053
11|2026-02-19|2318
11|2026-02-20|3075
11|2026-02-23|5052
11|2026-02-24|4606
11|2026-02-25|2179
11|2026-02-26|2137
11|2026-02-27|2903
11|2026-03-02|4842
11|2026-03-03|4915
11|2026-03-04|2144
11|2026-03-05|2030
11|2026-03-06|2892
11|2026-03-09|4563
11|2026-03-10|4548
11|2026-03-11|2189
11|2026-03-12|2130
11|2026-03-13|2692
11|2026-03-16|4431
11|2026-03-17|4354
11|2026-03-18|2142
11|2026-03-19|2817
11|2026-03-20|2529
11|2026-03-23|4840
11|2026-03-24|4464
11|2026-03-25|1934
11|2026-03-26|1932
11|2026-03-27|2712
11|2026-03-30|4903
11|2026-03-31|4357
11|2026-04-02|1959
11|2026-04-06|6181
11|2026-04-07|5029
11|2026-04-08|2235
11|2026-04-09|2052
11|2026-04-10|3056
11|2026-04-13|4874
11|2026-04-14|5001
11|2026-04-15|2195
11|2026-04-16|2104
11|2026-04-17|2793
11|2026-04-20|4949
11|2026-04-21|5068
11|2026-04-22|2161
11|2026-04-23|2174
11|2026-04-24|2898
11|2026-04-27|5000
11|2026-04-28|4669
12|2025-02-17|17829
12|2025-02-18|13831
12|2025-02-19|9839
12|2025-02-20|9546
12|2025-02-21|23900
12|2025-02-24|13498
12|2025-02-25|28212
12|2025-02-26|11107
12|2025-02-27|8928
12|2025-02-28|9611
12|2025-03-03|15891
12|2025-03-05|20174
12|2025-03-06|9991
12|2025-03-07|13870
12|2025-03-10|308242
12|2025-03-11|8876
12|2025-03-12|12632
12|2025-03-13|13004
12|2025-03-14|8828
12|2025-03-17|16289
12|2025-03-18|12625
12|2025-03-19|10914
12|2025-03-20|8618
12|2025-03-21|9067
12|2025-03-24|142612
12|2025-03-25|36332
12|2025-03-26|12443
12|2025-03-27|8028
12|2025-03-28|12134
12|2025-03-31|178264
12|2025-04-01|8751
12|2025-04-02|12220
12|2025-04-03|8157
12|2025-04-04|11670
12|2025-04-07|14431
12|2025-04-08|12519
12|2025-04-09|27635
12|2025-04-10|9372
12|2025-04-11|8468
12|2025-04-14|17735
12|2025-04-15|15752
12|2025-04-16|18306
12|2025-04-17|9092
12|2025-04-21|14442
12|2025-04-22|10821
12|2025-04-23|13044
12|2025-04-24|10320
12|2025-04-28|27178
12|2025-04-29|7081
12|2025-04-30|12103
12|2025-05-02|11552
12|2025-05-05|15151
12|2025-05-06|10370
12|2025-05-07|15829
12|2025-05-08|10647
12|2025-05-09|9423
12|2025-05-12|16149
12|2025-05-13|14079
12|2025-05-14|11583
12|2025-05-15|19887
12|2025-05-16|15096
12|2025-05-19|14657
12|2025-05-20|12924
12|2025-05-21|12503
12|2025-05-22|9745
12|2025-05-23|9225
12|2025-05-26|43230
12|2025-05-27|14737
12|2025-05-28|13577
12|2025-05-29|9434
12|2025-05-30|9600
12|2025-06-02|14484
12|2025-06-03|10840
12|2025-06-04|11841
12|2025-06-05|8542
12|2025-06-06|9476
12|2025-06-09|13754
12|2025-06-11|14196
12|2025-06-12|7732
12|2025-06-13|8260
12|2025-06-16|26039
12|2025-06-17|14428
12|2025-06-18|12495
12|2025-06-20|11485
12|2025-06-23|16149
12|2025-06-24|21437
12|2025-06-25|12922
12|2025-06-26|8954
12|2025-06-27|11898
12|2025-06-30|16199
12|2025-07-01|15228
12|2025-07-02|8723
12|2025-07-03|7964
12|2025-07-04|8935
12|2025-07-07|28930
12|2025-07-08|14579
12|2025-07-09|7844
12|2025-07-10|8756
12|2025-07-11|8591
12|2025-07-14|31684
12|2025-07-15|23713
12|2025-07-16|12369
12|2025-07-17|7967
12|2025-07-18|8479
12|2025-07-21|14091
12|2025-07-22|11747
12|2025-07-23|9031
12|2025-07-24|8715
12|2025-07-25|8669
12|2025-07-28|13275
12|2025-07-29|11270
12|2025-07-30|7813
12|2025-07-31|20970
12|2025-08-01|12675
12|2025-08-04|13746
12|2025-08-05|12095
12|2025-08-06|9937
12|2025-08-07|24552
12|2025-08-08|24417
12|2025-08-11|13930
12|2025-08-12|11966
12|2025-08-13|8103
12|2025-08-14|12741
12|2025-08-18|21515
12|2025-08-19|11314
12|2025-08-20|8823
12|2025-08-21|8333
12|2025-08-22|9907
12|2025-08-25|14864
12|2025-08-26|13658
12|2025-08-27|8748
12|2025-08-28|9655
12|2025-08-29|10340
12|2025-09-01|14691
12|2025-09-02|13091
12|2025-09-03|9187
12|2025-09-04|8357
12|2025-09-05|9312
12|2025-09-08|15865
12|2025-09-09|12353
12|2025-09-10|7739
12|2025-09-11|7928
12|2025-09-12|12092
12|2025-09-15|25393
12|2025-09-16|16399
12|2025-09-17|7355
12|2025-09-18|8297
12|2025-09-19|8595
12|2025-09-22|13865
12|2025-09-23|20691
12|2025-09-24|18726
12|2025-09-25|10739
12|2025-09-26|10438
12|2025-09-29|14738
12|2025-09-30|12673
12|2025-10-01|13518
12|2025-10-02|8686
12|2025-10-03|8539
12|2025-10-06|25674
12|2025-10-07|12518
12|2025-10-08|8091
12|2025-10-09|7749
12|2025-10-10|13078
12|2025-10-13|14627
12|2025-10-14|11314
12|2025-10-15|19714
12|2025-10-16|58374
12|2025-10-17|12593
12|2025-10-20|46861
12|2025-10-21|14430
12|2025-10-22|15625
12|2025-10-23|229172
12|2025-10-24|21196
12|2025-10-27|14894
12|2025-10-28|14313
12|2025-10-29|7136
12|2025-10-30|8976
12|2025-10-31|9531
12|2025-11-03|13951
12|2025-11-04|18964
12|2025-11-05|8258
12|2025-11-06|10156
12|2025-11-07|10670
12|2025-11-10|13837
12|2025-11-11|42420
12|2025-11-12|11829
12|2025-11-13|53246
12|2025-11-14|12881
12|2025-11-17|26840
12|2025-11-18|16472
12|2025-11-19|8269
12|2025-11-20|8192
12|2025-11-21|9557
12|2025-11-24|17361
12|2025-11-25|12284
12|2025-11-26|7701
12|2025-11-27|8728
12|2025-11-28|9961
12|2025-12-02|23070
12|2025-12-03|11716
12|2025-12-05|7572
12|2025-12-04|7321
12|2025-12-09|23726
12|2025-12-10|34559
12|2025-12-11|1002532
12|2025-12-12|755156
12|2025-12-15|27032
12|2025-12-16|19362
12|2025-12-17|9995
12|2025-12-18|8729
12|2025-12-19|9069
12|2025-12-22|13577
12|2025-12-23|11674
12|2025-12-26|10896
12|2025-12-29|13965
12|2025-12-30|13744
12|2025-12-31|8681
12|2026-01-02|10129
12|2026-01-05|15043
12|2026-01-06|13586
12|2026-01-07|8447
12|2026-01-08|20858
12|2026-01-09|10431
12|2026-01-12|17266
12|2026-01-13|11715
12|2026-01-19|15229
12|2026-01-20|35796
12|2026-01-21|9833
12|2026-01-22|19624
12|2026-01-23|9221
12|2026-01-26|13432
12|2026-01-27|12017
12|2026-01-28|8190
12|2026-01-29|8465
12|2026-01-30|9439
12|2026-02-02|26278
12|2026-02-03|12255
12|2026-02-04|8550
12|2026-02-05|8157
12|2026-02-06|12821
12|2026-02-09|49687
12|2026-02-10|45243
12|2026-02-11|7971
12|2026-02-12|9230
12|2026-02-13|10511
12|2026-02-16|28853
12|2026-02-18|21911
12|2026-02-19|44627
12|2026-02-20|9952
12|2026-02-23|16415
12|2026-02-24|12558
12|2026-02-25|9183
12|2026-02-26|11018
12|2026-02-27|10290
12|2026-03-02|36385
12|2026-03-03|13179
12|2026-03-05|54568
12|2026-03-06|11889
12|2026-03-09|14118
12|2026-03-10|13294
12|2026-03-11|8296
12|2026-03-12|10189
12|2026-03-13|14872
12|2026-03-16|26986
12|2026-03-17|18345
12|2026-03-18|8731
12|2026-03-19|8439
12|2026-03-20|9025
12|2026-03-23|14372
12|2026-03-24|11267
12|2026-03-25|8554
12|2026-03-26|9013
12|2026-03-27|9593
12|2026-03-30|13803
12|2026-04-06|13491
12|2026-04-07|13067
12|2026-04-08|30577
12|2026-04-09|84964
12|2026-04-10|9151
12|2026-04-13|14471
12|2026-04-14|13614
12|2026-04-15|28675
12|2026-04-16|30236
12|2026-04-17|16552
12|2026-04-20|14004
12|2026-04-21|13062
12|2026-04-22|8489
12|2026-04-23|8762
12|2026-04-24|9770
12|2026-04-27|14442
12|2026-04-28|11869
13|2025-02-17|50432
13|2025-02-18|19249
13|2025-02-19|17842
13|2025-02-20|21062
13|2025-02-21|22832
13|2025-02-24|51162
13|2025-02-25|23189
13|2025-02-26|21229
13|2025-02-27|23973
13|2025-02-28|67445
13|2025-03-03|372762
13|2025-03-05|93067
13|2025-03-06|21805
13|2025-03-07|21221
13|2025-03-10|59855
13|2025-03-11|20110
13|2025-03-12|19793
13|2025-03-13|17403
13|2025-03-14|18171
13|2025-03-17|50610
13|2025-03-18|18837
13|2025-03-19|18414
13|2025-03-20|21554
13|2025-03-21|23020
13|2025-03-24|51331
13|2025-03-25|23453
13|2025-03-26|20709
13|2025-03-27|24867
13|2025-03-28|23319
13|2025-03-31|51212
13|2025-04-01|34485
13|2025-04-02|332965
13|2025-04-03|60893
13|2025-04-04|20923
13|2025-04-07|54019
13|2025-04-08|25145
13|2025-04-09|18017
13|2025-04-10|26617
13|2025-04-11|17448
13|2025-04-14|48287
13|2025-04-15|22176
13|2025-04-16|19896
13|2025-04-17|19358
13|2025-04-21|67239
13|2025-04-22|22346
13|2025-04-23|19602
13|2025-04-24|20193
13|2025-04-28|85469
13|2025-04-29|24532
13|2025-04-30|38129
13|2025-05-02|362127
13|2025-05-05|102741
13|2025-05-06|23452
13|2025-05-07|19842
13|2025-05-08|25354
13|2025-05-09|18001
13|2025-05-12|60432
13|2025-05-13|18812
13|2025-05-14|18632
13|2025-05-15|21639
13|2025-05-16|21400
13|2025-05-19|49509
13|2025-05-20|23917
13|2025-05-21|22621
13|2025-05-22|20647
13|2025-05-23|20436
13|2025-05-26|53526
13|2025-05-27|21851
13|2025-05-28|22455
13|2025-05-29|20310
13|2025-05-30|26909
13|2025-06-02|368982
13|2025-06-03|67322
13|2025-06-04|20714
13|2025-06-05|24277
13|2025-06-06|23085
13|2025-06-09|52083
13|2025-06-11|44564
13|2025-06-12|20247
13|2025-06-13|17880
13|2025-06-16|51493
13|2025-06-17|19967
13|2025-06-18|18584
13|2025-06-20|37726
13|2025-06-23|55822
13|2025-06-24|20235
13|2025-06-25|22424
13|2025-06-26|21266
13|2025-06-27|23079
13|2025-06-30|66997
13|2025-07-01|32158
13|2025-07-02|337229
13|2025-07-04|21054
13|2025-07-07|55022
13|2025-07-08|24676
13|2025-07-09|18084
13|2025-07-10|28016
13|2025-07-11|17699
13|2025-07-14|48222
13|2025-07-15|22088
13|2025-07-16|20010
13|2025-07-17|18448
13|2025-07-18|17815
13|2025-07-21|53875
13|2025-07-22|20909
13|2025-07-23|19687
13|2025-07-24|19226
13|2025-07-25|21650
13|2025-07-28|55144
13|2025-07-29|19689
13|2025-07-30|25062
13|2025-07-31|17143
13|2025-08-01|29748
13|2025-08-04|367722
13|2025-08-05|26389
13|2025-08-06|20423
13|2025-08-07|18298
13|2025-08-08|22597
13|2025-08-11|58530
13|2025-08-12|20924
13|2025-08-13|17205
13|2025-08-14|18683
13|2025-08-18|66916
13|2025-08-19|19215
13|2025-08-20|21905
13|2025-08-21|21394
13|2025-08-22|21952
13|2025-08-25|54354
13|2025-08-26|21195
13|2025-08-27|20206
13|2025-08-28|23731
13|2025-08-29|22382
13|2025-09-01|56989
13|2025-09-02|340658
13|2025-09-03|21386
13|2025-09-04|19548
13|2025-09-05|23509
13|2025-09-08|55169
13|2025-09-09|20109
13|2025-09-10|27528
13|2025-09-11|18626
13|2025-09-12|19122
13|2025-09-15|62626
13|2025-09-16|21611
13|2025-09-17|18587
13|2025-09-18|18326
13|2025-09-19|20568
13|2025-09-22|56930
13|2025-09-23|21117
13|2025-09-24|18878
13|2025-09-25|22767
13|2025-09-26|22224
13|2025-09-29|55272
13|2025-09-30|37366
13|2025-10-01|36914
13|2025-10-02|339757
13|2025-10-03|21562
13|2025-10-06|56974
13|2025-10-07|34456
13|2025-10-08|24649
13|2025-10-09|18403
13|2025-10-10|27317
13|2025-10-13|49500
13|2025-10-14|30989
13|2025-10-15|33829
13|2025-10-16|20343
13|2025-10-17|18457
13|2025-10-20|52199
13|2025-10-21|22369
13|2025-10-22|20796
13|2025-10-23|20192
13|2025-10-24|19635
13|2025-10-27|55530
13|2025-10-28|23080
13|2025-10-29|19577
13|2025-10-30|25247
13|2025-10-31|18578
13|2025-11-03|387385
13|2025-11-04|26768
13|2025-11-05|25043
13|2025-11-06|20511
13|2025-11-07|21153
13|2025-11-10|63704
13|2025-11-11|19795
13|2025-11-12|31922
13|2025-11-13|30430
13|2025-11-14|27607
13|2025-11-17|64801
13|2025-11-18|19298
13|2025-11-19|17926
13|2025-11-20|22584
13|2025-11-21|23440
13|2025-11-24|70699
13|2025-11-25|23204
13|2025-11-26|21370
13|2025-11-27|23073
13|2025-11-28|28157
13|2025-12-02|416702
13|2025-12-03|30484
13|2025-12-05|28646
13|2025-12-04|20837
13|2025-12-09|70067
13|2025-12-10|31527
13|2025-12-11|18928
13|2025-12-12|19932
13|2025-12-15|62795
13|2025-12-16|21733
13|2025-12-17|19429
13|2025-12-18|18505
13|2025-12-19|19053
13|2025-12-22|58595
13|2025-12-23|22837
13|2025-12-29|56377
13|2025-12-30|26854
13|2025-12-31|16070
13|2026-01-02|372774
13|2026-01-05|68241
13|2026-01-06|22400
13|2026-01-07|18952
13|2026-01-08|24031
13|2026-01-09|18343
13|2026-01-12|62487
13|2026-01-13|18103
13|2026-01-19|52339
13|2026-01-20|25023
13|2026-01-21|23474
13|2026-01-22|21915
13|2026-01-23|21934
13|2026-01-26|56942
13|2026-01-27|24639
13|2026-01-28|25483
13|2026-01-29|22206
13|2026-01-30|28583
13|2026-02-02|386116
13|2026-02-03|72086
13|2026-02-04|63145
13|2026-02-05|27032
13|2026-02-06|24263
13|2026-02-09|55045
13|2026-02-10|33005
13|2026-02-11|20965
13|2026-02-12|21243
13|2026-02-13|21903
13|2026-02-16|68627
13|2026-02-18|38109
13|2026-02-19|22168
13|2026-02-20|26494
13|2026-02-23|57628
13|2026-02-24|22937
13|2026-02-25|25226
13|2026-02-26|26546
13|2026-02-27|30433
13|2026-03-02|436249
13|2026-03-03|73682
13|2026-03-04|62622
13|2026-03-05|27377
13|2026-03-06|24622
13|2026-03-09|54851
13|2026-03-10|33259
13|2026-03-11|21078
13|2026-03-12|22156
13|2026-03-13|18530
13|2026-03-16|65733
13|2026-03-17|22308
13|2026-03-18|21187
13|2026-03-19|20552
13|2026-03-20|25285
13|2026-03-23|56022
13|2026-03-24|22965
13|2026-03-25|24082
13|2026-03-26|22842
13|2026-03-27|23348
13|2026-03-30|58817
13|2026-03-31|19501
13|2026-04-01|36227
13|2026-04-02|345721
13|2026-04-06|116084
13|2026-04-07|23080
13|2026-04-08|27048
13|2026-04-09|20327
13|2026-04-10|30170
13|2026-04-13|51360
13|2026-04-14|19984
13|2026-04-15|34066
13|2026-04-16|22694
13|2026-04-17|19602
13|2026-04-20|55665
13|2026-04-21|23527
13|2026-04-22|21786
13|2026-04-23|21951
13|2026-04-24|20742
13|2026-04-27|59252
13|2026-04-28|25107
14|2025-02-17|61049
14|2025-02-18|28904
14|2025-02-19|51946
14|2025-02-20|53359
14|2025-02-21|159125
14|2025-02-24|171122
14|2025-02-25|147440
14|2025-02-26|98834
14|2025-02-27|61159
14|2025-02-28|29799
14|2025-03-03|68209
14|2025-03-05|77092
14|2025-03-06|64533
14|2025-03-07|49773
14|2025-03-10|1596681
14|2025-03-11|671600
14|2025-03-12|381829
14|2025-03-13|867044
14|2025-03-14|137900
14|2025-03-17|784450
14|2025-03-18|29499
14|2025-03-19|47378
14|2025-03-20|27325
14|2025-03-21|30317
14|2025-03-24|418274
14|2025-03-25|69449
14|2025-03-26|44452
14|2025-03-27|67474
14|2025-03-28|32775
14|2025-03-31|191093
14|2025-04-01|614306
14|2025-04-02|82233
14|2025-04-03|67593
14|2025-04-04|66122
14|2025-04-07|56068
14|2025-04-08|29446
14|2025-04-09|76193
14|2025-04-10|89262
14|2025-04-11|22839
14|2025-04-14|110172
14|2025-04-15|35728
14|2025-04-16|43560
14|2025-04-17|23063
14|2025-04-21|63808
14|2025-04-22|40771
14|2025-04-23|44439
14|2025-04-24|27192
14|2025-04-28|82258
14|2025-04-29|28646
14|2025-04-30|76162
14|2025-05-02|67463
14|2025-05-05|62634
14|2025-05-06|33634
14|2025-05-07|81760
14|2025-05-08|84732
14|2025-05-09|76973
14|2025-05-12|81490
14|2025-05-13|96321
14|2025-05-14|39594
14|2025-05-15|29242
14|2025-05-16|65660
14|2025-05-19|60822
14|2025-05-20|41267
14|2025-05-21|46891
14|2025-05-22|31016
14|2025-05-23|26413
14|2025-05-26|146923
14|2025-05-27|44982
14|2025-05-28|66406
14|2025-05-29|35925
14|2025-05-30|32912
14|2025-06-02|66752
14|2025-06-03|35024
14|2025-06-04|47490
14|2025-06-05|52163
14|2025-06-06|26199
14|2025-06-09|53278
14|2025-06-11|46592
14|2025-06-12|30146
14|2025-06-13|23849
14|2025-06-16|74815
14|2025-06-17|29342
14|2025-06-18|45317
14|2025-06-20|30476
14|2025-06-23|85600
14|2025-06-24|71481
14|2025-06-25|42868
14|2025-06-26|28560
14|2025-06-27|26591
14|2025-06-30|61936
14|2025-07-01|44705
14|2025-07-02|31810
14|2025-07-03|44671
14|2025-07-04|33387
14|2025-07-07|56312
14|2025-07-08|36714
14|2025-07-09|24950
14|2025-07-10|23343
14|2025-07-11|32214
14|2025-07-14|74477
14|2025-07-15|38124
14|2025-07-16|503731
14|2025-07-17|23307
14|2025-07-18|31350
14|2025-07-21|74013
14|2025-07-22|32679
14|2025-07-23|32225
14|2025-07-24|25423
14|2025-07-25|31253
14|2025-07-28|59810
14|2025-07-29|28474
14|2025-07-30|23361
14|2025-07-31|28932
14|2025-08-01|38456
14|2025-08-04|61164
14|2025-08-05|30423
14|2025-08-06|23989
14|2025-08-07|26558
14|2025-08-08|33891
14|2025-08-11|71553
14|2025-08-12|37576
14|2025-08-13|25170
14|2025-08-14|23147
14|2025-08-18|60089
14|2025-08-19|33965
14|2025-08-20|22872
14|2025-08-21|23622
14|2025-08-22|35781
14|2025-08-25|90429
14|2025-08-26|33226
14|2025-08-27|26668
14|2025-08-28|26861
14|2025-08-29|36056
14|2025-09-01|58702
14|2025-09-02|35369
14|2025-09-03|35052
14|2025-09-04|23903
14|2025-09-05|36259
14|2025-09-08|64118
14|2025-09-09|33940
14|2025-09-10|28153
14|2025-09-11|27397
14|2025-09-12|33254
14|2025-09-15|53433
14|2025-09-16|38097
14|2025-09-17|25659
14|2025-09-18|28700
14|2025-09-19|37219
14|2025-09-22|63212
14|2025-09-23|36834
14|2025-09-24|27452
14|2025-09-25|26557
14|2025-09-26|34740
14|2025-09-29|68517
14|2025-09-30|40702
14|2025-10-01|28062
14|2025-10-02|29232
14|2025-10-03|35423
14|2025-10-06|58343
14|2025-10-07|34338
14|2025-10-08|27471
14|2025-10-09|24223
14|2025-10-10|33828
14|2025-10-13|68873
14|2025-10-14|45317
14|2025-10-15|26793
14|2025-10-16|27065
14|2025-10-17|49639
14|2025-10-20|94787
14|2025-10-21|42345
14|2025-10-22|295314
14|2025-10-23|42880
14|2025-10-24|89304
14|2025-10-27|336270
14|2025-10-28|55778
14|2025-10-29|29305
14|2025-10-30|31377
14|2025-10-31|37752
14|2025-11-03|157456
14|2025-11-04|41206
14|2025-11-05|37482
14|2025-11-06|27761
14|2025-11-07|38072
14|2025-11-10|62794
14|2025-11-11|49223
14|2025-11-12|29963
14|2025-11-13|28784
14|2025-11-14|41118
14|2025-11-17|156703
14|2025-11-18|38680
14|2025-11-19|28000
14|2025-11-20|29220
14|2025-11-21|40787
14|2025-11-24|97706
14|2025-11-25|36383
14|2025-11-26|34329
14|2025-11-27|33081
14|2025-11-28|43289
14|2025-12-02|77009
14|2025-12-03|43688
14|2025-12-05|30418
14|2025-12-04|32752
14|2025-12-09|78361
14|2025-12-10|39368
14|2025-12-11|29439
14|2025-12-12|75138
14|2025-12-15|348994
14|2025-12-16|55617
14|2025-12-17|29528
14|2025-12-18|30003
14|2025-12-19|50955
14|2025-12-22|107319
14|2025-12-23|34446
14|2025-12-29|68846
14|2025-12-30|44869
14|2025-12-31|26890
14|2026-01-02|34997
14|2026-01-05|67280
14|2026-01-06|39592
14|2026-01-07|28649
14|2026-01-08|28604
14|2026-01-09|51045
14|2026-01-12|79211
14|2026-01-13|47598
14|2026-01-19|177661
14|2026-01-20|36693
14|2026-01-21|33916
14|2026-01-22|29630
14|2026-01-23|39699
14|2026-01-26|99248
14|2026-01-27|35374
14|2026-01-28|30473
14|2026-01-29|29468
14|2026-01-30|40201
14|2026-02-02|70203
14|2026-02-03|38111
14|2026-02-04|30893
14|2026-02-05|28432
14|2026-02-06|20153
14|2026-02-09|113296
14|2026-02-10|67450
14|2026-02-11|28757
14|2026-02-12|34691
14|2026-02-13|40272
14|2026-02-16|68502
14|2026-02-18|67382
14|2026-02-19|48810
14|2026-02-20|46753
14|2026-02-23|110897
14|2026-02-24|38357
14|2026-02-25|34560
14|2026-02-26|36558
14|2026-02-27|43062
14|2026-03-02|83856
14|2026-03-03|44126
14|2026-03-04|31735
14|2026-03-05|34493
14|2026-03-06|48390
14|2026-03-09|84296
14|2026-03-10|51888
14|2026-03-11|32817
14|2026-03-12|33977
14|2026-03-13|48613
14|2026-03-16|153387
14|2026-03-17|45975
14|2026-03-18|38185
14|2026-03-19|38473
14|2026-03-20|40898
14|2026-03-23|101279
14|2026-03-24|35107
14|2026-03-25|31393
14|2026-03-26|31842
14|2026-03-27|15013
14|2026-03-30|107857
14|2026-03-31|71917
14|2026-04-01|32767
14|2026-04-02|28690
14|2026-04-06|76298
14|2026-04-07|43816
14|2026-04-08|34077
14|2026-04-09|35908
14|2026-04-10|10652
14|2026-04-13|210966
14|2026-04-14|47672
14|2026-04-15|62057
14|2026-04-16|37359
14|2026-04-17|48035
14|2026-04-20|118272
14|2026-04-21|37219
14|2026-04-22|33190
14|2026-04-23|117718
14|2026-04-24|41542
14|2026-04-27|110642
14|2026-04-28|40686
15|2025-02-17|4731
15|2025-02-18|4688
15|2025-02-19|3593
15|2025-02-20|4920
15|2025-02-21|6675
15|2025-02-24|15507
15|2025-02-25|4668
15|2025-02-26|4691
15|2025-02-27|3993
15|2025-02-28|4346
15|2025-03-03|5458
15|2025-03-05|5093
15|2025-03-06|4017
15|2025-03-07|4266
15|2025-03-10|4617
15|2025-03-11|4999
15|2025-03-12|4483
15|2025-03-13|4722
15|2025-03-14|4899
15|2025-03-17|4503
15|2025-03-18|4122
15|2025-03-19|4280
15|2025-03-20|4025
15|2025-03-21|9844
15|2025-03-24|13697
15|2025-03-25|4179
15|2025-03-26|4100
15|2025-03-27|4013
15|2025-03-28|3968
15|2025-03-31|4320
15|2025-04-01|3795
15|2025-04-02|3756
15|2025-04-03|3776
15|2025-04-04|4019
15|2025-04-07|4504
15|2025-04-08|3961
15|2025-04-09|3430
15|2025-04-10|4491
15|2025-04-11|3089
15|2025-04-14|4212
15|2025-04-15|3974
15|2025-04-16|4859
15|2025-04-17|2657
15|2025-04-21|5626
15|2025-04-22|4744
15|2025-04-23|4450
15|2025-04-24|4250
15|2025-04-28|18618
15|2025-04-29|3295
15|2025-04-30|3687
15|2025-05-02|5394
15|2025-05-05|4469
15|2025-05-06|4346
15|2025-05-07|3904
15|2025-05-08|4887
15|2025-05-09|4046
15|2025-05-12|4459
15|2025-05-13|3916
15|2025-05-14|3539
15|2025-05-15|4177
15|2025-05-16|6174
15|2025-05-19|4008
15|2025-05-20|4251
15|2025-05-21|4693
15|2025-05-22|4095
15|2025-05-23|4245
15|2025-05-26|17295
15|2025-05-27|4255
15|2025-05-28|4830
15|2025-05-29|4189
15|2025-05-30|4546
15|2025-06-02|3942
15|2025-06-03|4685
15|2025-06-04|4470
15|2025-06-05|4397
15|2025-06-06|4688
15|2025-06-09|5084
15|2025-06-11|3954
15|2025-06-12|4567
15|2025-06-13|3909
15|2025-06-16|4376
15|2025-06-17|4109
15|2025-06-18|4092
15|2025-06-20|3688
15|2025-06-23|16924
15|2025-06-24|4079
15|2025-06-25|3730
15|2025-06-26|4362
15|2025-06-27|4098
15|2025-06-30|4290
15|2025-07-01|3637
15|2025-07-02|3768
15|2025-07-03|3878
15|2025-07-04|3855
15|2025-07-07|3932
15|2025-07-08|4576
15|2025-07-09|4285
15|2025-07-10|4151
15|2025-07-11|3992
15|2025-07-14|4890
15|2025-07-15|4679
15|2025-07-16|4563
15|2025-07-17|4279
15|2025-07-18|4464
15|2025-07-21|5041
15|2025-07-22|4488
15|2025-07-23|5636
15|2025-07-24|4459
15|2025-07-25|4575
15|2025-07-28|17120
15|2025-07-29|4903
15|2025-07-30|4616
15|2025-07-31|4733
15|2025-08-01|4800
15|2025-08-04|5229
15|2025-08-05|4826
15|2025-08-06|5206
15|2025-08-07|4753
15|2025-08-08|4698
15|2025-08-11|4905
15|2025-08-12|5372
15|2025-08-13|5207
15|2025-08-14|5090
15|2025-08-18|5956
15|2025-08-19|4969
15|2025-08-20|5067
15|2025-08-21|5691
15|2025-08-22|7486
15|2025-08-25|14472
15|2025-08-26|6476
15|2025-08-27|5501
15|2025-08-28|5749
15|2025-08-29|5669
15|2025-09-01|6129
15|2025-09-02|5944
15|2025-09-03|6059
15|2025-09-04|6029
15|2025-09-05|5881
15|2025-09-08|6566
15|2025-09-09|5419
15|2025-09-10|5882
15|2025-09-11|4914
15|2025-09-12|5177
15|2025-09-15|5376
15|2025-09-16|4222
15|2025-09-17|4463
15|2025-09-18|5063
15|2025-09-19|5845
15|2025-09-22|15204
15|2025-09-23|5720
15|2025-09-24|5957
15|2025-09-25|5088
15|2025-09-26|5383
15|2025-09-29|6439
15|2025-09-30|5378
15|2025-10-01|5230
15|2025-10-02|5186
15|2025-10-03|5280
15|2025-10-06|5723
15|2025-10-07|5270
15|2025-10-08|4854
15|2025-10-09|4725
15|2025-10-10|4855
15|2025-10-13|5612
15|2025-10-14|4679
15|2025-10-15|4800
15|2025-10-16|5294
15|2025-10-17|5184
15|2025-10-20|6037
15|2025-10-21|4987
15|2025-10-22|5281
15|2025-10-23|5169
15|2025-10-24|5438
15|2025-10-27|17363
15|2025-10-28|4273
15|2025-10-29|5442
15|2025-10-30|5313
15|2025-10-31|5407
15|2025-11-03|6328
15|2025-11-04|5409
15|2025-11-05|5061
15|2025-11-06|5356
15|2025-11-07|5388
15|2025-11-10|6262
15|2025-11-11|5497
15|2025-11-12|5310
15|2025-11-13|4887
15|2025-11-14|4850
15|2025-11-17|6439
15|2025-11-18|5805
15|2025-11-19|5457
15|2025-11-20|5224
15|2025-11-21|7297
15|2025-11-24|16994
15|2025-11-25|5990
15|2025-11-26|6015
15|2025-11-27|5573
15|2025-11-28|5774
15|2025-12-03|6072
15|2025-12-05|5961
15|2025-12-09|6434
15|2025-12-10|5562
15|2025-12-11|5036
15|2025-12-12|4920
15|2025-12-15|6492
15|2025-12-16|5107
15|2025-12-17|5400
15|2025-12-18|5257
15|2025-12-19|5134
15|2025-12-22|16235
15|2025-12-23|6673
15|2025-12-26|7519
15|2025-12-29|8209
15|2025-12-30|8197
15|2025-12-31|5124
15|2026-01-02|8356
15|2026-01-05|6999
15|2026-01-06|6187
15|2026-01-07|6148
15|2026-01-08|6250
15|2026-01-09|6542
15|2026-01-12|6559
15|2026-01-13|5971
15|2026-01-19|7611
15|2026-01-20|6298
15|2026-01-21|6180
15|2026-01-22|5326
15|2026-01-23|6094
15|2026-01-26|24506
15|2026-01-27|5574
15|2026-01-28|6704
15|2026-01-29|6011
15|2026-01-30|6697
15|2026-02-02|7623
15|2026-02-03|6111
15|2026-02-04|5830
15|2026-02-05|5918
15|2026-02-06|6260
15|2026-02-09|7540
15|2026-02-10|6487
15|2026-02-11|5949
15|2026-02-12|6348
15|2026-02-13|6640
15|2026-02-16|9541
15|2026-02-18|7235
15|2026-02-19|7036
15|2026-02-20|8370
15|2026-02-23|21909
15|2026-02-24|6522
15|2026-02-25|6910
15|2026-02-26|7389
15|2026-02-27|5697
15|2026-03-02|8502
15|2026-03-03|7332
15|2026-03-04|6647
15|2026-03-05|7560
15|2026-03-06|7245
15|2026-03-09|6311
15|2026-03-10|5760
15|2026-03-11|5694
15|2026-03-12|8437
15|2026-03-13|6814
15|2026-03-16|8153
15|2026-03-17|6491
15|2026-03-18|6393
15|2026-03-19|5891
15|2026-03-20|6120
15|2026-03-23|22147
15|2026-03-24|6542
15|2026-03-25|6438
15|2026-03-26|6281
15|2026-03-27|6519
15|2026-03-30|7206
15|2026-03-31|6460
15|2026-04-02|4780
15|2026-04-06|9470
15|2026-04-07|7989
15|2026-04-08|7283
15|2026-04-09|7147
15|2026-04-10|6867
15|2026-04-13|7861
15|2026-04-14|6270
15|2026-04-15|7068
15|2026-04-16|6962
15|2026-04-17|7353
15|2026-04-20|9186
15|2026-04-21|6312
15|2026-04-22|6780
15|2026-04-23|6543
15|2026-04-24|6782
15|2026-04-27|19069
15|2026-04-28|6776
16|2025-02-17|1117
16|2025-02-18|1067
16|2025-02-19|821
16|2025-02-20|1101
16|2025-02-21|2050
16|2025-02-24|5275
16|2025-02-25|1040
16|2025-02-26|1031
16|2025-02-27|861
16|2025-02-28|860
16|2025-03-03|1065
16|2025-03-05|1169
16|2025-03-06|885
16|2025-03-07|968
16|2025-03-10|1036
16|2025-03-11|1197
16|2025-03-12|1048
16|2025-03-13|1079
16|2025-03-14|1053
16|2025-03-17|952
16|2025-03-18|955
16|2025-03-19|1063
16|2025-03-20|968
16|2025-03-21|4670
16|2025-03-24|5693
16|2025-03-25|896
16|2025-03-26|984
16|2025-03-27|928
16|2025-03-28|916
16|2025-03-31|1056
16|2025-04-01|906
16|2025-04-02|903
16|2025-04-03|868
16|2025-04-04|980
16|2025-04-07|1085
16|2025-04-08|1051
16|2025-04-09|789
16|2025-04-10|1291
16|2025-04-11|713
16|2025-04-14|1034
16|2025-04-15|873
16|2025-04-16|1282
16|2025-04-17|609
16|2025-04-21|1239
16|2025-04-22|954
16|2025-04-23|962
16|2025-04-24|959
16|2025-04-28|8284
16|2025-04-29|726
16|2025-04-30|822
16|2025-05-02|1156
16|2025-05-05|1053
16|2025-05-06|1000
16|2025-05-07|933
16|2025-05-08|1472
16|2025-05-09|873
16|2025-05-12|1059
16|2025-05-13|931
16|2025-05-14|815
16|2025-05-15|973
16|2025-05-16|2025
16|2025-05-19|891
16|2025-05-20|908
16|2025-05-21|1149
16|2025-05-22|951
16|2025-05-23|949
16|2025-05-26|7500
16|2025-05-27|872
16|2025-05-28|1197
16|2025-05-29|1009
16|2025-05-30|958
16|2025-06-02|954
16|2025-06-03|1050
16|2025-06-04|982
16|2025-06-05|1070
16|2025-06-06|1201
16|2025-06-09|1145
16|2025-06-11|897
16|2025-06-12|1156
16|2025-06-13|915
16|2025-06-16|1071
16|2025-06-17|940
16|2025-06-18|998
16|2025-06-20|890
16|2025-06-23|7574
16|2025-06-24|950
16|2025-06-25|841
16|2025-06-26|1072
16|2025-06-27|934
16|2025-06-30|1002
16|2025-07-01|887
16|2025-07-02|819
16|2025-07-04|927
16|2025-07-07|959
16|2025-07-08|1146
16|2025-07-09|869
16|2025-07-10|893
16|2025-07-11|827
16|2025-07-14|1077
16|2025-07-15|1025
16|2025-07-16|1004
16|2025-07-17|832
16|2025-07-18|938
16|2025-07-21|1069
16|2025-07-22|900
16|2025-07-23|1483
16|2025-07-24|935
16|2025-07-25|953
16|2025-07-28|6859
16|2025-07-29|989
16|2025-07-30|945
16|2025-07-31|1015
16|2025-08-01|976
16|2025-08-04|1012
16|2025-08-05|970
16|2025-08-06|1093
16|2025-08-07|945
16|2025-08-08|946
16|2025-08-11|919
16|2025-08-12|1033
16|2025-08-13|1135
16|2025-08-14|985
16|2025-08-18|1102
16|2025-08-19|945
16|2025-08-20|909
16|2025-08-21|884
16|2025-08-22|2727
16|2025-08-25|5470
16|2025-08-26|1378
16|2025-08-27|999
16|2025-08-28|1136
16|2025-08-29|1066
16|2025-09-01|1264
16|2025-09-02|1150
16|2025-09-03|1179
16|2025-09-04|1158
16|2025-09-05|1131
16|2025-09-08|1324
16|2025-09-09|1026
16|2025-09-10|1331
16|2025-09-11|859
16|2025-09-12|938
16|2025-09-15|986
16|2025-09-16|845
16|2025-09-17|911
16|2025-09-18|1084
16|2025-09-19|1294
16|2025-09-22|5795
16|2025-09-23|1234
16|2025-09-24|1345
16|2025-09-25|961
16|2025-09-26|1090
16|2025-09-29|1191
16|2025-09-30|1032
16|2025-10-01|1095
16|2025-10-02|961
16|2025-10-03|949
16|2025-10-06|989
16|2025-10-07|917
16|2025-10-08|966
16|2025-10-09|898
16|2025-10-10|856
16|2025-10-13|1136
16|2025-10-14|942
16|2025-10-15|897
16|2025-10-16|1080
16|2025-10-17|990
16|2025-10-20|1008
16|2025-10-21|902
16|2025-10-22|1019
16|2025-10-23|897
16|2025-10-24|861
16|2025-10-27|6365
16|2025-10-28|815
16|2025-10-29|985
16|2025-10-30|943
16|2025-10-31|974
16|2025-11-03|950
16|2025-11-04|891
16|2025-11-05|857
16|2025-11-06|951
16|2025-11-07|936
16|2025-11-10|884
16|2025-11-11|906
16|2025-11-12|1093
16|2025-11-13|845
16|2025-11-14|828
16|2025-11-17|1108
16|2025-11-18|910
16|2025-11-19|948
16|2025-11-20|887
16|2025-11-21|2264
16|2025-11-24|6049
16|2025-11-25|845
16|2025-11-26|988
16|2025-11-27|786
16|2025-11-28|848
16|2025-12-02|1030
16|2025-12-03|933
16|2025-12-05|944
16|2025-12-04|845
16|2025-12-09|1036
16|2025-12-10|816
16|2025-12-11|805
16|2025-12-12|803
16|2025-12-15|944
16|2025-12-16|920
16|2025-12-17|789
16|2025-12-18|917
16|2025-12-19|801
16|2025-12-22|5104
16|2025-12-23|852
16|2025-12-26|925
16|2025-12-29|926
16|2025-12-30|1095
16|2025-12-31|678
16|2026-01-02|973
16|2026-01-05|848
16|2026-01-06|830
16|2026-01-07|957
16|2026-01-08|970
16|2026-01-09|1163
16|2026-01-12|987
16|2026-01-13|1124
16|2026-01-19|1030
16|2026-01-20|921
16|2026-01-21|1235
16|2026-01-22|957
16|2026-01-23|903
16|2026-01-26|9711
16|2026-01-27|961
16|2026-01-28|1062
16|2026-01-29|891
16|2026-01-30|997
16|2026-02-02|1125
16|2026-02-03|1004
16|2026-02-04|902
16|2026-02-05|927
16|2026-02-06|1020
16|2026-02-09|1112
16|2026-02-10|1037
16|2026-02-11|969
16|2026-02-12|999
16|2026-02-13|985
16|2026-02-16|1111
16|2026-02-18|985
16|2026-02-19|1026
16|2026-02-20|2183
16|2026-02-23|8530
16|2026-02-24|917
16|2026-02-25|1074
16|2026-02-26|1123
16|2026-02-27|816
16|2026-03-02|1122
16|2026-03-03|1094
16|2026-03-04|964
16|2026-03-05|1160
16|2026-03-06|1024
16|2026-03-09|965
16|2026-03-10|831
16|2026-03-11|424
16|2026-03-12|1653
16|2026-03-13|984
16|2026-03-16|1681
16|2026-03-17|986
16|2026-03-18|874
16|2026-03-19|951
16|2026-03-20|1057
16|2026-03-23|8931
16|2026-03-24|1003
16|2026-03-25|1024
16|2026-03-26|973
16|2026-03-27|934
16|2026-03-30|997
16|2026-03-31|870
16|2026-04-01|972
16|2026-04-02|548
16|2026-04-06|901
16|2026-04-07|1077
16|2026-04-08|952
16|2026-04-09|925
16|2026-04-10|826
16|2026-04-13|1135
16|2026-04-14|878
16|2026-04-15|1154
16|2026-04-16|1019
16|2026-04-17|929
16|2026-04-20|1359
16|2026-04-21|980
16|2026-04-22|933
16|2026-04-23|846
16|2026-04-24|796
16|2026-04-27|6429
16|2026-04-28|1011
17|2025-02-17|57
17|2025-02-18|57
17|2025-02-19|57
17|2025-02-20|57
17|2025-02-21|57
17|2025-02-24|57
17|2025-02-25|57
17|2025-02-26|57
17|2025-02-27|57
17|2025-02-28|57
17|2025-03-03|57
17|2025-03-05|57
17|2025-03-06|57
17|2025-03-07|57
17|2025-03-10|57
17|2025-03-11|57
17|2025-03-12|57
17|2025-03-13|57
17|2025-03-14|57
17|2025-03-17|57
17|2025-03-18|57
17|2025-03-19|57
17|2025-03-20|57
17|2025-03-21|57
17|2025-03-24|57
17|2025-03-25|57
17|2025-03-26|57
17|2025-03-27|57
17|2025-03-28|57
17|2025-03-31|57
17|2025-04-01|57
17|2025-04-02|57
17|2025-04-03|57
17|2025-04-04|57
17|2025-04-07|57
17|2025-04-08|57
17|2025-04-09|57
17|2025-04-10|57
17|2025-04-11|57
17|2025-04-14|57
17|2025-04-15|57
17|2025-04-16|57
17|2025-04-17|57
17|2025-04-21|57
17|2025-04-22|57
17|2025-04-23|57
17|2025-04-24|57
17|2025-04-28|57
17|2025-04-29|57
17|2025-04-30|57
17|2025-05-02|57
17|2025-05-05|57
17|2025-05-06|57
17|2025-05-07|57
17|2025-05-08|57
17|2025-05-09|57
17|2025-05-12|57
17|2025-05-13|57
17|2025-05-14|57
17|2025-05-15|57
17|2025-05-16|57
17|2025-05-19|57
17|2025-05-20|57
17|2025-05-21|57
17|2025-05-22|57
17|2025-05-23|57
17|2025-05-26|57
17|2025-05-27|57
17|2025-05-28|57
17|2025-05-29|57
17|2025-05-30|57
17|2025-06-02|57
17|2025-06-03|57
17|2025-06-04|57
17|2025-06-05|57
17|2025-06-06|57
17|2025-06-09|57
17|2025-06-11|57
17|2025-06-12|57
17|2025-06-13|57
17|2025-06-16|57
17|2025-06-17|57
17|2025-06-18|57
17|2025-06-20|57
17|2025-06-23|57
17|2025-06-24|57
17|2025-06-25|57
17|2025-06-26|57
17|2025-06-27|57
17|2025-06-30|57
17|2025-07-01|57
17|2025-07-02|57
17|2025-07-03|57
17|2025-07-04|57
17|2025-07-07|57
17|2025-07-08|57
17|2025-07-09|57
17|2025-07-10|57
17|2025-07-11|57
17|2025-07-14|57
17|2025-07-15|57
17|2025-07-16|57
17|2025-07-17|57
17|2025-07-18|57
17|2025-07-21|57
17|2025-07-22|57
17|2025-07-23|57
17|2025-07-24|57
17|2025-07-25|57
17|2025-07-28|57
17|2025-07-29|57
17|2025-07-30|57
17|2025-07-31|57
17|2025-08-01|57
17|2025-08-04|57
17|2025-08-05|57
17|2025-08-06|57
17|2025-08-07|57
17|2025-08-08|57
17|2025-08-11|57
17|2025-08-12|57
17|2025-08-13|57
17|2025-08-14|57
17|2025-08-18|57
17|2025-08-19|57
17|2025-08-20|57
17|2025-08-21|57
17|2025-08-22|57
17|2025-08-25|57
17|2025-08-26|57
17|2025-08-27|57
17|2025-08-28|57
17|2025-08-29|57
17|2025-09-01|57
17|2025-09-02|57
17|2025-09-03|57
17|2025-09-04|57
17|2025-09-05|57
17|2025-09-08|57
17|2025-09-09|57
17|2025-09-10|57
17|2025-09-11|57
17|2025-09-12|57
17|2025-09-15|57
17|2025-09-16|57
17|2025-09-17|57
17|2025-09-18|57
17|2025-09-19|57
17|2025-09-22|57
17|2025-09-23|57
17|2025-09-24|57
17|2025-09-25|57
17|2025-09-26|57
17|2025-09-29|57
17|2025-09-30|57
17|2025-10-01|57
17|2025-10-02|57
17|2025-10-03|57
17|2025-10-06|57
17|2025-10-07|57
17|2025-10-08|57
17|2025-10-09|57
17|2025-10-10|57
17|2025-10-13|57
17|2025-10-14|57
17|2025-10-15|57
17|2025-10-16|57
17|2025-10-17|57
17|2025-10-20|57
17|2025-10-21|57
17|2025-10-22|57
17|2025-10-23|57
17|2025-10-24|57
17|2025-10-27|57
17|2025-10-28|57
17|2025-10-29|57
17|2025-10-30|57
17|2025-10-31|57
17|2025-11-03|57
17|2025-11-04|57
17|2025-11-05|57
17|2025-11-06|57
17|2025-11-07|57
17|2025-11-10|57
17|2025-11-11|57
17|2025-11-12|57
17|2025-11-13|57
17|2025-11-14|57
17|2025-11-17|57
17|2025-11-18|57
17|2025-11-19|57
17|2025-11-20|57
17|2025-11-21|57
17|2025-11-24|57
17|2025-11-25|57
17|2025-11-26|57
17|2025-11-27|57
17|2025-11-28|57
17|2025-12-02|57
17|2025-12-03|57
17|2025-12-05|57
17|2025-12-04|57
17|2025-12-09|57
17|2025-12-10|57
17|2025-12-11|57
17|2025-12-12|57
17|2025-12-15|57
17|2025-12-16|57
17|2025-12-17|57
17|2025-12-18|57
17|2025-12-19|57
17|2025-12-22|57
17|2025-12-23|57
17|2025-12-29|57
17|2025-12-30|57
17|2025-12-31|57
17|2026-01-02|57
17|2026-01-05|57
17|2026-01-06|57
17|2026-01-07|57
17|2026-01-08|57
17|2026-01-09|57
17|2026-01-12|58
17|2026-01-13|58
17|2026-01-19|58
17|2026-01-20|58
17|2026-01-21|58
17|2026-01-22|58
17|2026-01-23|58
17|2026-01-26|58
17|2026-01-27|58
17|2026-01-28|58
17|2026-01-29|58
17|2026-01-30|58
17|2026-02-02|58
17|2026-02-03|58
17|2026-02-04|58
17|2026-02-05|58
17|2026-02-06|58
17|2026-02-09|58
17|2026-02-10|58
17|2026-02-11|58
17|2026-02-12|58
17|2026-02-13|58
17|2026-02-16|58
17|2026-02-18|58
17|2026-02-19|58
17|2026-02-20|58
17|2026-02-23|58
17|2026-02-24|58
17|2026-02-25|58
17|2026-02-26|58
17|2026-02-27|58
17|2026-03-02|58
17|2026-03-03|58
17|2026-03-04|58
17|2026-03-05|58
17|2026-03-06|58
17|2026-03-09|58
17|2026-03-10|58
17|2026-03-11|58
17|2026-03-12|58
17|2026-03-13|58
17|2026-03-16|58
17|2026-03-17|58
17|2026-03-18|58
17|2026-03-19|58
17|2026-03-20|58
17|2026-03-23|58
17|2026-03-24|58
17|2026-03-25|58
17|2026-03-26|58
17|2026-03-27|58
17|2026-03-30|58
17|2026-04-01|58
17|2026-04-06|58
17|2026-04-07|58
17|2026-04-08|58
17|2026-04-09|58
17|2026-04-10|58
17|2026-04-13|58
17|2026-04-14|58
17|2026-04-15|58
17|2026-04-16|58
17|2026-04-17|58
17|2026-04-20|58
17|2026-04-21|58
17|2026-04-22|58
17|2026-04-23|58
17|2026-04-24|58
17|2026-04-27|58
17|2026-04-28|58
18|2025-03-25|1
19|2025-03-25|7892
19|2025-03-31|1
19|2025-04-23|1
19|2025-05-07|4
19|2025-05-21|2
19|2025-05-23|120
19|2025-05-27|1
19|2025-06-04|10
19|2025-06-05|24
19|2025-06-06|1
19|2025-06-11|8
19|2025-06-16|2
19|2025-06-26|1
19|2025-06-27|2
19|2025-06-30|6
19|2025-07-01|3
19|2025-07-09|4
19|2025-07-18|1
19|2025-07-29|3
19|2025-07-31|1
19|2025-08-01|5
19|2025-09-29|1
19|2025-10-13|2
19|2025-10-14|5
19|2025-10-21|2
19|2025-11-04|1
19|2025-11-24|2
19|2025-11-25|1
19|2025-11-26|2
19|2025-12-03|2
19|2025-12-05|1
19|2025-12-04|1
19|2025-12-11|2
19|2025-12-16|1
19|2026-01-05|1
19|2026-01-09|2
19|2026-01-20|1
19|2026-01-28|1
19|2026-01-29|1
19|2026-02-03|1
19|2026-02-05|1
19|2026-02-19|2
19|2026-03-09|1
19|2026-03-11|1
19|2026-04-13|1
19|2026-04-14|4
19|2026-04-16|1
19|2026-04-24|2
20|2025-02-17|238772
20|2025-02-18|21906
20|2025-02-19|20832
20|2025-02-20|21795
20|2025-02-21|238230
20|2025-02-24|238367
20|2025-02-25|24072
20|2025-02-26|22254
20|2025-02-27|22780
20|2025-02-28|228062
20|2025-03-03|244217
20|2025-03-05|31661
20|2025-03-06|22646
20|2025-03-07|238752
20|2025-03-10|239287
20|2025-03-11|21583
20|2025-03-12|21669
20|2025-03-13|20552
20|2025-03-14|238196
20|2025-03-17|238505
20|2025-03-18|20902
20|2025-03-19|20634
20|2025-03-20|21640
20|2025-03-21|238012
20|2025-03-24|238403
20|2025-03-25|23846
20|2025-03-26|22766
20|2025-03-27|22534
20|2025-03-28|238523
20|2025-03-31|213618
20|2025-04-01|229867
20|2025-04-02|155255
20|2025-04-03|22180
20|2025-04-04|238386
20|2025-04-07|238866
20|2025-04-08|23154
20|2025-04-09|20967
20|2025-04-10|24633
20|2025-04-11|237785
20|2025-04-14|238100
20|2025-04-15|22219
20|2025-04-16|20369
20|2025-04-17|237459
20|2025-04-21|237922
20|2025-04-22|21734
20|2025-04-23|20808
20|2025-04-24|237393
20|2025-04-28|237940
20|2025-04-29|22558
20|2025-04-30|227564
20|2025-05-02|244382
20|2025-05-05|238935
20|2025-05-06|22079
20|2025-05-07|21047
20|2025-05-08|22998
20|2025-05-09|236750
20|2025-05-12|237471
20|2025-05-13|20245
20|2025-05-14|20020
20|2025-05-15|21587
20|2025-05-16|236667
20|2025-05-19|236885
20|2025-05-20|21648
20|2025-05-21|21066
20|2025-05-22|20652
20|2025-05-23|236921
20|2025-05-26|237374
20|2025-05-27|21442
20|2025-05-28|22163
20|2025-05-29|21425
20|2025-05-30|226569
20|2025-06-02|241718
20|2025-06-03|24250
20|2025-06-04|21378
20|2025-06-05|21840
20|2025-06-06|236748
20|2025-06-09|237051
20|2025-06-11|28450
20|2025-06-12|20717
20|2025-06-13|236543
20|2025-06-16|237106
20|2025-06-17|19789
20|2025-06-18|19370
20|2025-06-20|237007
20|2025-06-23|237155
20|2025-06-24|20240
20|2025-06-25|22519
20|2025-06-26|20944
20|2025-06-27|236601
20|2025-06-30|234898
20|2025-07-01|229333
20|2025-07-02|155578
20|2025-07-03|20689
20|2025-07-04|236544
20|2025-07-07|394578
20|2025-07-08|28456
20|2025-07-09|25088
20|2025-07-10|30822
20|2025-07-11|391699
20|2025-07-14|391940
20|2025-07-15|26696
20|2025-07-16|24620
20|2025-07-17|24204
20|2025-07-18|391942
20|2025-07-21|392169
20|2025-07-22|25406
20|2025-07-23|24816
20|2025-07-24|24908
20|2025-07-25|392297
20|2025-07-28|392504
20|2025-07-29|25939
20|2025-07-30|349732
20|2025-07-31|226970
20|2025-08-01|233096
20|2025-08-04|250077
20|2025-08-05|21725
20|2025-08-06|19845
20|2025-08-07|19398
20|2025-08-08|237050
20|2025-08-11|237431
20|2025-08-12|20031
20|2025-08-13|18862
20|2025-08-14|236683
20|2025-08-18|237220
20|2025-08-19|19026
20|2025-08-20|19868
20|2025-08-21|19639
20|2025-08-22|236528
20|2025-08-25|236924
20|2025-08-26|20021
20|2025-08-27|20071
20|2025-08-28|20929
20|2025-08-29|226888
20|2025-09-01|229202
20|2025-09-02|155737
20|2025-09-03|19748
20|2025-09-04|19655
20|2025-09-05|236897
20|2025-09-08|237310
20|2025-09-09|19984
20|2025-09-10|22818
20|2025-09-11|18823
20|2025-09-12|236793
20|2025-09-15|237186
20|2025-09-16|18938
20|2025-09-17|18396
20|2025-09-18|18647
20|2025-09-19|237291
20|2025-09-22|237682
20|2025-09-23|19487
20|2025-09-24|19362
20|2025-09-25|21530
20|2025-09-26|236890
20|2025-09-29|237436
20|2025-09-30|229027
20|2025-10-01|228824
20|2025-10-02|156173
20|2025-10-03|237071
20|2025-10-06|237558
20|2025-10-07|19336
20|2025-10-08|21109
20|2025-10-09|19068
20|2025-10-10|237286
20|2025-10-13|430363
20|2025-10-14|16742
20|2025-10-15|372477
20|2025-10-16|18586
20|2025-10-17|236730
20|2025-10-20|237133
20|2025-10-21|19572
20|2025-10-22|19183
20|2025-10-23|18875
20|2025-10-24|237007
20|2025-10-27|237513
20|2025-10-28|20682
20|2025-10-29|19633
20|2025-10-30|21536
20|2025-10-31|228131
20|2025-11-03|243070
20|2025-11-04|22409
20|2025-11-05|20692
20|2025-11-06|19194
20|2025-11-07|237700
20|2025-11-10|238327
20|2025-11-11|18732
20|2025-11-12|18950
20|2025-11-13|100890
20|2025-11-14|263343
20|2025-11-17|237450
20|2025-11-18|18237
20|2025-11-19|17955
20|2025-11-20|19026
20|2025-11-21|237552
20|2025-11-24|237711
20|2025-11-25|21248
20|2025-11-26|19772
20|2025-11-27|20033
20|2025-11-28|229035
20|2025-12-02|244887
20|2025-12-03|22321
20|2025-12-05|238512
20|2025-12-04|19377
20|2025-12-09|238854
20|2025-12-10|23230
20|2025-12-11|18563
20|2025-12-12|237897
20|2025-12-15|238142
20|2025-12-16|18252
20|2025-12-17|17908
20|2025-12-18|18091
20|2025-12-19|238204
20|2025-12-22|238819
20|2025-12-23|18763
20|2025-12-29|238836
20|2025-12-30|21720
20|2025-12-31|229702
20|2026-01-02|245745
20|2026-01-05|239272
20|2026-01-06|19393
20|2026-01-07|18349
20|2026-01-08|20091
20|2026-01-09|238059
20|2026-01-12|238780
20|2026-01-13|17896
20|2026-01-19|237826
20|2026-01-20|103679
20|2026-01-21|18545
20|2026-01-22|18510
20|2026-01-23|237815
20|2026-01-26|238089
20|2026-01-27|19351
20|2026-01-28|19700
20|2026-01-29|19336
20|2026-01-30|228859
20|2026-02-02|243688
20|2026-02-03|22273
20|2026-02-04|19188
20|2026-02-05|19955
20|2026-02-06|238524
20|2026-02-09|238728
20|2026-02-10|22892
20|2026-02-11|17858
20|2026-02-12|18546
20|2026-02-13|238009
20|2026-02-16|238302
20|2026-02-18|21752
20|2026-02-19|17876
20|2026-02-20|238193
20|2026-02-23|238514
20|2026-02-24|18544
20|2026-02-25|20547
20|2026-02-26|19257
20|2026-02-27|229806
20|2026-03-02|245594
20|2026-03-03|22546
20|2026-03-04|19081
20|2026-03-05|20156
20|2026-03-06|239533
20|2026-03-09|239856
20|2026-03-10|22840
20|2026-03-11|18193
20|2026-03-12|19360
20|2026-03-13|239431
20|2026-03-16|239719
20|2026-03-17|17730
20|2026-03-18|17673
20|2026-03-19|17545
20|2026-03-20|239410
20|2026-03-23|239877
20|2026-03-24|18408
20|2026-03-25|20234
20|2026-03-26|18865
20|2026-03-27|239509
20|2026-03-30|239730
20|2026-03-31|232065
20|2026-04-02|252158
20|2026-04-06|240711
20|2026-04-07|18769
20|2026-04-08|20015
20|2026-04-09|18018
20|2026-04-10|240189
20|2026-04-13|240300
20|2026-04-14|17722
20|2026-04-15|22404
20|2026-04-16|17299
20|2026-04-17|239915
20|2026-04-20|240274
20|2026-04-21|17986
20|2026-04-22|17754
20|2026-04-23|17604
20|2026-04-24|240506
20|2026-04-27|240921
20|2026-04-28|19494
21|2025-05-26|366504
21|2025-05-27|393
21|2025-05-28|531
21|2025-05-29|455
21|2025-05-30|634
21|2025-06-02|540
21|2025-06-03|377
21|2025-06-04|347
21|2025-06-05|355
21|2025-06-06|425
21|2025-06-09|409
21|2025-06-11|324
21|2025-06-12|442
21|2025-06-13|351
21|2025-06-16|365
21|2025-06-17|390
21|2025-06-18|359
21|2025-06-20|446
21|2025-06-23|397
21|2025-06-24|330
21|2025-06-25|429
21|2025-06-26|411
21|2025-06-27|533
21|2025-06-30|564
21|2025-07-01|481
21|2025-07-02|332
21|2025-07-03|249
21|2025-07-04|386
21|2025-07-07|398
21|2025-07-08|352
21|2025-07-09|270
21|2025-07-10|565
21|2025-07-11|420
21|2025-07-14|342
21|2025-07-15|341
21|2025-07-16|330
21|2025-07-17|338
21|2025-07-18|435
21|2025-07-21|390
21|2025-07-22|357
21|2025-07-23|377
21|2025-07-24|360
21|2025-07-25|456
21|2025-07-28|552
21|2025-07-29|380
21|2025-07-30|512
21|2025-07-31|706
21|2025-08-01|430
21|2025-08-04|505
21|2025-08-05|332
21|2025-08-06|307
21|2025-08-07|357
21|2025-08-08|406
21|2025-08-11|398
21|2025-08-12|367
21|2025-08-13|403
21|2025-08-14|421
21|2025-08-18|413
21|2025-08-19|328
21|2025-08-20|367
21|2025-08-21|422
21|2025-08-22|382
21|2025-08-25|388
21|2025-08-26|357
21|2025-08-27|381
21|2025-08-28|412
21|2025-08-29|505
21|2025-09-01|415
21|2025-09-02|353
21|2025-09-03|286
21|2025-09-04|341
21|2025-09-05|373
21|2025-09-08|334
21|2025-09-09|353
21|2025-09-10|275
21|2025-09-11|329
21|2025-09-12|354
21|2025-09-15|307
21|2025-09-16|377
21|2025-09-17|348
21|2025-09-18|337
21|2025-09-19|429
21|2025-09-22|351
21|2025-09-23|349
21|2025-09-24|371
21|2025-09-25|386
21|2025-09-26|482
21|2025-09-29|528
21|2025-09-30|554
21|2025-10-01|425
21|2025-10-02|456
21|2025-10-03|266
21|2025-10-06|378
21|2025-10-07|293
21|2025-10-08|286
21|2025-10-09|309
21|2025-10-10|393
21|2025-10-13|362560
21|2025-10-14|28
21|2025-10-15|362563
21|2025-10-16|409
21|2025-10-17|404
21|2025-10-20|414
21|2025-10-21|333
21|2025-10-22|354
21|2025-10-23|421
21|2025-10-24|563
21|2025-10-27|446
21|2025-10-28|447
21|2025-10-29|362
21|2025-10-30|517
21|2025-10-31|567
21|2025-11-03|464
21|2025-11-04|418
21|2025-11-05|388
21|2025-11-06|386
21|2025-11-07|371
21|2025-11-10|436
21|2025-11-11|339
21|2025-11-12|371
21|2025-11-13|5000
21|2025-11-14|729
21|2025-11-17|335
21|2025-11-18|303
21|2025-11-19|257
21|2025-11-20|347
21|2025-11-21|405
21|2025-11-24|320
21|2025-11-25|464
21|2025-11-26|645
21|2025-11-27|543
21|2025-11-28|690
21|2025-12-02|606
21|2025-12-03|331
21|2025-12-05|444
21|2025-12-04|381
21|2025-12-09|387
21|2025-12-10|322
21|2025-12-11|428
21|2025-12-12|547
21|2025-12-15|442
21|2025-12-16|329
21|2025-12-17|414
21|2025-12-18|465
21|2025-12-19|480
21|2025-12-22|562
21|2025-12-23|538
21|2025-12-29|710
21|2025-12-30|572
21|2025-12-31|416
21|2026-01-02|304
21|2026-01-05|331
21|2026-01-06|341
21|2026-01-07|297
21|2026-01-08|372
21|2026-01-09|423
21|2026-01-12|399
21|2026-01-13|405
21|2026-01-19|342
21|2026-01-20|4859
21|2026-01-21|361
21|2026-01-22|396
21|2026-01-23|367
21|2026-01-26|446
21|2026-01-27|449
21|2026-01-28|370
21|2026-01-29|446
21|2026-01-30|538
21|2026-02-02|356
21|2026-02-03|417
21|2026-02-04|377
21|2026-02-05|356
21|2026-02-06|449
21|2026-02-09|310
21|2026-02-10|353
21|2026-02-11|324
21|2026-02-12|395
21|2026-02-13|441
21|2026-02-16|339
21|2026-02-18|425
21|2026-02-19|383
21|2026-02-20|471
21|2026-02-23|386
21|2026-02-24|416
21|2026-02-25|529
21|2026-02-26|407
21|2026-02-27|630
21|2026-03-03|340
21|2026-03-04|329
21|2026-03-05|328
21|2026-03-06|403
21|2026-03-09|353
21|2026-03-10|331
21|2026-03-11|404
21|2026-03-12|917
21|2026-03-13|435
21|2026-03-16|403
21|2026-03-17|331
21|2026-03-18|368
21|2026-03-19|389
21|2026-03-20|495
21|2026-03-23|516
21|2026-03-24|474
21|2026-03-25|448
21|2026-03-26|484
21|2026-03-27|516
21|2026-03-30|597
21|2026-04-02|401
21|2026-04-06|385
21|2026-04-07|400
21|2026-04-08|354
21|2026-04-09|363
21|2026-04-10|363
21|2026-04-13|345
21|2026-04-14|355
21|2026-04-15|435
21|2026-04-16|343
21|2026-04-17|437
21|2026-04-20|375
21|2026-04-21|386
21|2026-04-22|366
21|2026-04-23|426
21|2026-04-24|455
21|2026-04-27|493
21|2026-04-28|435
22|2025-02-17|551
22|2025-02-18|560
22|2025-02-19|531
22|2025-02-20|572
22|2025-02-21|700
22|2025-02-24|618
22|2025-02-25|627
22|2025-02-26|644
22|2025-02-27|826
22|2025-02-28|943
22|2025-03-03|736
22|2025-03-05|507
22|2025-03-06|594
22|2025-03-07|641
22|2025-03-10|593
22|2025-03-11|500
22|2025-03-12|515
22|2025-03-13|595
22|2025-03-14|653
22|2025-03-17|620
22|2025-03-18|525
22|2025-03-19|477
22|2025-03-20|595
22|2025-03-21|613
22|2025-03-24|712
22|2025-03-25|509
22|2025-03-26|645
22|2025-03-27|772
22|2025-03-28|835
22|2025-03-31|922
22|2025-04-01|683
22|2025-04-02|528
22|2025-04-03|511
22|2025-04-04|580
22|2025-04-07|544
22|2025-04-08|455
22|2025-04-09|479
22|2025-04-10|467
22|2025-04-11|575
22|2025-04-14|515
22|2025-04-15|592
22|2025-04-16|515
22|2025-04-17|382
22|2025-04-21|459
22|2025-04-22|645
22|2025-04-23|455
22|2025-04-24|604
22|2025-04-28|675
22|2025-04-29|642
22|2025-04-30|792
22|2025-05-02|556
22|2025-05-05|923
22|2025-05-06|440
22|2025-05-07|474
22|2025-05-08|471
22|2025-05-09|604
22|2025-05-12|651
22|2025-05-13|617
22|2025-05-14|516
22|2025-05-15|585
22|2025-05-16|618
22|2025-05-19|586
22|2025-05-20|627
22|2025-05-21|609
22|2025-05-22|517
22|2025-05-23|676
22|2025-05-26|697
22|2025-05-27|588
22|2025-05-28|717
22|2025-05-29|705
22|2025-05-30|809
22|2025-06-02|748
22|2025-06-03|541
22|2025-06-04|468
22|2025-06-05|496
22|2025-06-06|564
22|2025-06-09|579
22|2025-06-11|466
22|2025-06-12|577
22|2025-06-13|440
22|2025-06-16|520
22|2025-06-17|535
22|2025-06-18|529
22|2025-06-20|645
22|2025-06-23|583
22|2025-06-24|437
22|2025-06-25|583
22|2025-06-26|565
22|2025-06-27|713
22|2025-06-30|839
22|2025-07-01|596
22|2025-07-02|434
22|2025-07-03|351
22|2025-07-04|495
22|2025-07-07|503
22|2025-07-08|479
22|2025-07-09|370
22|2025-07-10|494
22|2025-07-11|459
22|2025-07-14|483
22|2025-07-15|452
22|2025-07-16|459
22|2025-07-17|466
22|2025-07-18|532
22|2025-07-21|544
22|2025-07-22|446
22|2025-07-23|494
22|2025-07-24|477
22|2025-07-25|593
22|2025-07-28|687
22|2025-07-29|516
22|2025-07-30|669
22|2025-07-31|825
22|2025-08-01|631
22|2025-08-04|632
22|2025-08-05|431
22|2025-08-06|417
22|2025-08-07|744
22|2025-08-08|805
22|2025-08-11|525
22|2025-08-12|492
22|2025-08-13|526
22|2025-08-14|558
22|2025-08-18|544
22|2025-08-19|438
22|2025-08-20|481
22|2025-08-21|526
22|2025-08-22|499
22|2025-08-25|485
22|2025-08-26|498
22|2025-08-27|515
22|2025-08-28|555
22|2025-08-29|700
22|2025-09-01|498
22|2025-09-02|432
22|2025-09-03|407
22|2025-09-04|436
22|2025-09-05|501
22|2025-09-08|461
22|2025-09-09|470
22|2025-09-10|372
22|2025-09-11|430
22|2025-09-12|460
22|2025-09-15|461
22|2025-09-16|447
22|2025-09-17|448
22|2025-09-18|456
22|2025-09-19|626
22|2025-09-22|527
22|2025-09-23|486
22|2025-09-24|505
22|2025-09-25|560
22|2025-09-26|632
22|2025-09-29|713
22|2025-09-30|732
22|2025-10-01|527
22|2025-10-02|560
22|2025-10-03|370
22|2025-10-06|482
22|2025-10-07|416
22|2025-10-08|407
22|2025-10-09|435
22|2025-10-10|499
22|2025-10-13|294101
22|2025-10-14|165
22|2025-10-15|294099
22|2025-10-16|577
22|2025-10-17|561
22|2025-10-20|555
22|2025-10-21|477
22|2025-10-22|508
22|2025-10-23|477
22|2025-10-24|644
22|2025-10-27|588
22|2025-10-28|475
22|2025-10-29|573
22|2025-10-30|717
22|2025-10-31|800
22|2025-11-03|583
22|2025-11-04|530
22|2025-11-05|493
22|2025-11-06|504
22|2025-11-07|565
22|2025-11-10|516
22|2025-11-11|482
22|2025-11-12|529
22|2025-11-13|92576
22|2025-11-14|92850
22|2025-11-17|484
22|2025-11-18|427
22|2025-11-19|412
22|2025-11-20|487
22|2025-11-21|609
22|2025-11-24|471
22|2025-11-25|684
22|2025-11-26|828
22|2025-11-27|811
22|2025-11-28|977
22|2025-12-02|755
22|2025-12-03|438
22|2025-12-05|592
22|2025-12-04|532
22|2025-12-09|521
22|2025-12-10|453
22|2025-12-11|591
22|2025-12-12|738
22|2025-12-15|596
22|2025-12-16|485
22|2025-12-17|615
22|2025-12-18|657
22|2025-12-19|693
22|2025-12-22|799
22|2025-12-23|750
22|2025-12-26|577
22|2025-12-29|847
22|2025-12-30|774
22|2025-12-31|600
22|2026-01-02|385
22|2026-01-05|430
22|2026-01-06|402
22|2026-01-07|387
22|2026-01-08|441
22|2026-01-09|518
22|2026-01-12|510
22|2026-01-13|498
22|2026-01-19|483
22|2026-01-20|94462
22|2026-01-21|494
22|2026-01-22|519
22|2026-01-23|484
22|2026-01-26|584
22|2026-01-27|562
22|2026-01-28|494
22|2026-01-29|608
22|2026-01-30|705
22|2026-02-02|487
22|2026-02-03|514
22|2026-02-04|497
22|2026-02-05|440
22|2026-02-06|565
22|2026-02-09|513
22|2026-02-10|499
22|2026-02-11|406
22|2026-02-12|509
22|2026-02-13|565
22|2026-02-16|439
22|2026-02-18|614
22|2026-02-19|454
22|2026-02-20|660
22|2026-02-23|555
22|2026-02-24|485
22|2026-02-25|639
22|2026-02-26|539
22|2026-02-27|906
22|2026-03-02|651
22|2026-03-03|525
22|2026-03-04|482
22|2026-03-05|534
22|2026-03-06|623
22|2026-03-09|570
22|2026-03-10|508
22|2026-03-11|597
22|2026-03-12|1154
22|2026-03-13|609
22|2026-03-16|580
22|2026-03-17|560
22|2026-03-18|507
22|2026-03-19|544
22|2026-03-20|705
22|2026-03-23|689
22|2026-03-24|575
22|2026-03-25|620
22|2026-03-26|646
22|2026-03-27|704
22|2026-03-30|904
22|2026-03-31|792
22|2026-04-01|648
22|2026-04-06|506
22|2026-04-07|557
22|2026-04-08|457
22|2026-04-09|460
22|2026-04-10|476
22|2026-04-13|489
22|2026-04-14|498
22|2026-04-15|3949
22|2026-04-16|464
22|2026-04-17|583
22|2026-04-20|487
22|2026-04-21|506
22|2026-04-22|485
22|2026-04-23|570
22|2026-04-24|612
22|2026-04-27|749
22|2026-04-28|690
23|2025-02-17|304
23|2025-02-18|262
23|2025-02-19|312
23|2025-02-25|332
23|2025-02-26|351
23|2025-02-27|405
23|2025-02-28|529
23|2025-03-03|324
23|2025-03-05|242
23|2025-03-06|290
23|2025-03-07|284
23|2025-03-10|344
23|2025-03-11|295
23|2025-03-12|269
23|2025-03-13|323
23|2025-03-14|317
23|2025-03-17|363
23|2025-03-18|297
23|2025-03-19|271
23|2025-03-20|295
23|2025-03-21|332
23|2025-03-24|445
23|2025-03-25|264
23|2025-03-26|353
23|2025-03-27|365
23|2025-03-28|395
23|2025-03-31|557
23|2025-04-01|339
23|2025-04-02|262
23|2025-04-03|264
23|2025-04-04|266
23|2025-04-07|283
23|2025-04-08|235
23|2025-04-09|244
23|2025-04-10|228
23|2025-04-11|303
23|2025-04-14|269
23|2025-04-15|289
23|2025-04-16|238
23|2025-04-17|213
23|2025-04-21|224
23|2025-04-22|316
23|2025-04-23|241
23|2025-04-24|290
23|2025-04-28|670
23|2025-04-29|360
23|2025-04-30|395
23|2025-05-02|263
23|2025-05-05|452
23|2025-05-06|275
23|2025-05-07|268
23|2025-05-08|297
23|2025-05-09|306
23|2025-05-12|390
23|2025-05-13|382
23|2025-05-14|289
23|2025-05-15|397
23|2025-05-16|386
23|2025-05-19|327
23|2025-05-20|344
23|2025-05-21|375
23|2025-05-22|355
23|2025-05-23|316
23|2025-05-26|433
23|2025-05-27|373
23|2025-05-28|413
23|2025-05-29|486
23|2025-05-30|408
23|2025-06-02|483
23|2025-06-03|327
23|2025-06-04|277
23|2025-06-05|282
23|2025-06-06|288
23|2025-06-09|383
23|2025-06-11|267
23|2025-06-12|264
23|2025-06-13|203
23|2025-06-16|299
23|2025-06-17|299
23|2025-06-18|312
23|2025-06-20|377
23|2025-06-23|347
23|2025-06-24|238
23|2025-06-25|299
23|2025-06-26|326
23|2025-06-27|357
23|2025-06-30|544
23|2025-07-01|305
23|2025-07-02|254
23|2025-07-03|211
23|2025-07-04|221
23|2025-07-07|233
23|2025-07-08|246
23|2025-07-09|202
23|2025-07-10|237
23|2025-07-11|216
23|2025-07-14|288
23|2025-07-15|245
23|2025-07-16|247
23|2025-07-17|250
23|2025-07-18|216
23|2025-07-21|327
23|2025-07-22|228
23|2025-07-23|258
23|2025-07-24|276
23|2025-07-25|296
23|2025-07-28|331
23|2025-07-29|295
23|2025-07-30|313
23|2025-07-31|453
23|2025-08-01|377
23|2025-08-04|300
23|2025-08-05|223
23|2025-08-06|229
23|2025-08-07|742
23|2025-08-08|731
23|2025-08-11|293
23|2025-08-12|274
23|2025-08-13|234
23|2025-08-14|259
23|2025-08-18|315
23|2025-08-19|243
23|2025-08-20|247
23|2025-08-21|233
23|2025-08-22|337
23|2025-08-25|198
23|2025-08-26|275
23|2025-08-27|264
23|2025-08-28|282
23|2025-08-29|367
23|2025-09-01|203
23|2025-09-02|207
23|2025-09-03|236
23|2025-09-04|223
23|2025-09-05|259
23|2025-09-08|279
23|2025-09-09|247
23|2025-09-10|194
23|2025-09-11|232
23|2025-09-12|216
23|2025-09-15|260
23|2025-09-16|198
23|2025-09-17|249
23|2025-09-18|245
23|2025-09-19|337
23|2025-09-22|344
23|2025-09-23|313
23|2025-09-24|286
23|2025-09-25|363
23|2025-09-26|308
23|2025-09-29|416
23|2025-09-30|391
23|2025-10-01|292
23|2025-10-02|270
23|2025-10-03|181
23|2025-10-06|243
23|2025-10-07|256
23|2025-10-08|224
23|2025-10-09|257
23|2025-10-10|231
23|2025-10-13|377
23|2025-10-14|242
23|2025-10-15|253
23|2025-10-16|341
23|2025-10-17|300
23|2025-10-20|293
23|2025-10-21|262
23|2025-10-22|303
23|2025-10-23|250
23|2025-10-24|343
23|2025-10-27|307
23|2025-10-28|246
23|2025-10-29|366
23|2025-10-30|373
23|2025-10-31|384
23|2025-11-03|256
23|2025-11-04|267
23|2025-11-05|253
23|2025-11-06|252
23|2025-11-07|336
23|2025-11-10|246
23|2025-11-11|329
23|2025-11-12|318
23|2025-11-13|153489
23|2025-11-14|153812
23|2025-11-17|325
23|2025-11-18|256
23|2025-11-19|279
23|2025-11-20|241
23|2025-11-21|435
23|2025-11-24|295
23|2025-11-25|377
23|2025-11-26|368
23|2025-11-27|474
23|2025-11-28|519
23|2025-12-02|377
23|2025-12-03|205
23|2025-12-05|285
23|2025-12-04|282
23|2025-12-09|296
23|2025-12-10|250
23|2025-12-11|302
23|2025-12-12|442
23|2025-12-15|299
23|2025-12-16|294
23|2025-12-17|404
23|2025-12-18|347
23|2025-12-19|393
23|2025-12-22|436
23|2025-12-23|389
23|2025-12-29|370
23|2025-12-30|418
23|2025-12-31|371
23|2026-01-02|187
23|2026-01-05|239
23|2026-01-06|176
23|2026-01-07|196
23|2026-01-08|185
23|2026-01-09|260
23|2026-01-12|223
23|2026-01-13|238
23|2026-01-19|261
23|2026-01-20|155505
23|2026-01-21|257
23|2026-01-22|293
23|2026-01-23|205
23|2026-01-26|321
23|2026-01-27|266
23|2026-01-28|263
23|2026-01-29|329
23|2026-01-30|312
23|2026-02-02|265
23|2026-02-03|239
23|2026-02-04|271
23|2026-02-05|213
23|2026-02-06|249
23|2026-02-09|345
23|2026-02-10|275
23|2026-02-11|162
23|2026-02-12|227
23|2026-02-13|228
23|2026-02-16|245
23|2026-02-18|326
23|2026-02-19|172
23|2026-02-20|385
23|2026-02-23|348
23|2026-02-24|176
23|2026-02-25|249
23|2026-02-26|281
23|2026-02-27|512
23|2026-03-02|412
23|2026-03-03|319
23|2026-03-04|291
23|2026-03-05|370
23|2026-03-06|382
23|2026-03-09|366
23|2026-03-10|316
23|2026-03-11|344
23|2026-03-12|584
23|2026-03-13|321
23|2026-03-16|348
23|2026-03-17|351
23|2026-03-18|276
23|2026-03-19|323
23|2026-03-20|462
23|2026-03-23|378
23|2026-03-24|262
23|2026-03-25|342
23|2026-03-26|304
23|2026-03-27|337
23|2026-03-30|558
23|2026-03-31|471
23|2026-04-02|247
23|2026-04-06|281
23|2026-04-07|325
23|2026-04-08|208
23|2026-04-09|223
23|2026-04-10|241
23|2026-04-13|295
23|2026-04-14|275
23|2026-04-15|6734
23|2026-04-16|251
23|2026-04-17|282
23|2026-04-20|323
23|2026-04-21|247
23|2026-04-22|223
23|2026-04-23|290
23|2026-04-24|291
23|2026-04-27|407
23|2026-04-28|380
24|2025-02-17|972
24|2025-02-18|955
24|2025-02-19|701
24|2025-02-20|953
24|2025-02-21|1777
24|2025-02-24|5146
24|2025-02-25|912
24|2025-02-26|906
24|2025-02-27|733
24|2025-02-28|750
24|2025-03-03|976
24|2025-03-05|1044
24|2025-03-06|796
24|2025-03-07|846
24|2025-03-10|904
24|2025-03-11|1085
24|2025-03-12|898
24|2025-03-13|947
24|2025-03-14|927
24|2025-03-17|836
24|2025-03-18|842
24|2025-03-19|954
24|2025-03-20|834
24|2025-03-21|900
24|2025-03-24|5577
24|2025-03-25|771
24|2025-03-26|831
24|2025-03-27|745
24|2025-03-28|792
24|2025-03-31|927
24|2025-04-01|800
24|2025-04-02|795
24|2025-04-03|743
24|2025-04-04|837
24|2025-04-07|995
24|2025-04-08|936
24|2025-04-09|697
24|2025-04-10|1176
24|2025-04-11|641
24|2025-04-14|944
24|2025-04-15|771
24|2025-04-16|1137
24|2025-04-17|541
24|2025-04-21|1125
24|2025-04-22|856
24|2025-04-23|863
24|2025-04-24|848
24|2025-04-28|8264
24|2025-04-29|646
24|2025-04-30|730
24|2025-05-02|1072
24|2025-05-05|1000
24|2025-05-06|900
24|2025-05-07|814
24|2025-05-08|1359
24|2025-05-09|763
24|2025-05-12|943
24|2025-05-13|805
24|2025-05-14|713
24|2025-05-15|841
24|2025-05-16|1660
24|2025-05-19|792
24|2025-05-20|784
24|2025-05-21|1029
24|2025-05-22|823
24|2025-05-23|865
24|2025-05-26|7434
24|2025-05-27|778
24|2025-05-28|1087
24|2025-05-29|864
24|2025-05-30|888
24|2025-06-02|879
24|2025-06-03|931
24|2025-06-04|860
24|2025-06-05|984
24|2025-06-06|1027
24|2025-06-09|1096
24|2025-06-11|798
24|2025-06-12|1061
24|2025-06-13|856
24|2025-06-16|964
24|2025-06-17|874
24|2025-06-18|921
24|2025-06-20|816
24|2025-06-23|7489
24|2025-06-24|856
24|2025-06-25|753
24|2025-06-26|971
24|2025-06-27|839
24|2025-06-30|922
24|2025-07-01|806
24|2025-07-02|743
24|2025-07-03|895
24|2025-07-04|864
24|2025-07-07|849
24|2025-07-08|1031
24|2025-07-09|776
24|2025-07-10|802
24|2025-07-11|748
24|2025-07-14|1007
24|2025-07-15|960
24|2025-07-16|924
24|2025-07-17|787
24|2025-07-18|871
24|2025-07-21|955
24|2025-07-22|810
24|2025-07-23|1361
24|2025-07-24|835
24|2025-07-25|881
24|2025-07-28|6786
24|2025-07-29|932
24|2025-07-30|851
24|2025-07-31|943
24|2025-08-01|927
24|2025-08-04|996
24|2025-08-05|882
24|2025-08-06|1061
24|2025-08-07|917
24|2025-08-08|900
24|2025-08-11|846
24|2025-08-12|990
24|2025-08-13|913
24|2025-08-14|878
24|2025-08-18|1018
24|2025-08-19|903
24|2025-08-20|856
24|2025-08-21|840
24|2025-08-22|2421
24|2025-08-25|5425
24|2025-08-26|1302
24|2025-08-27|935
24|2025-08-28|1066
24|2025-08-29|997
24|2025-09-01|1187
24|2025-09-02|1060
24|2025-09-03|1127
24|2025-09-04|1120
24|2025-09-05|1049
24|2025-09-08|1239
24|2025-09-09|929
24|2025-09-10|1233
24|2025-09-11|780
24|2025-09-12|820
24|2025-09-15|911
24|2025-09-16|798
24|2025-09-17|808
24|2025-09-18|1007
24|2025-09-19|1166
24|2025-09-22|5715
24|2025-09-23|1118
24|2025-09-24|1217
24|2025-09-25|838
24|2025-09-26|967
24|2025-09-29|1089
24|2025-09-30|943
24|2025-10-01|982
24|2025-10-02|854
24|2025-10-03|852
24|2025-10-06|905
24|2025-10-07|818
24|2025-10-08|873
24|2025-10-09|811
24|2025-10-10|761
24|2025-10-13|1051
24|2025-10-14|812
24|2025-10-15|807
24|2025-10-16|1015
24|2025-10-17|884
24|2025-10-20|877
24|2025-10-21|801
24|2025-10-22|901
24|2025-10-23|773
24|2025-10-24|763
24|2025-10-27|6247
24|2025-10-28|732
24|2025-10-29|831
24|2025-10-30|817
24|2025-10-31|886
24|2025-11-03|842
24|2025-11-04|779
24|2025-11-05|767
24|2025-11-06|821
24|2025-11-07|767
24|2025-11-10|803
24|2025-11-11|790
24|2025-11-12|993
24|2025-11-13|725
24|2025-11-14|719
24|2025-11-17|1008
24|2025-11-18|781
24|2025-11-19|834
24|2025-11-20|749
24|2025-11-21|1638
24|2025-11-24|5934
24|2025-11-25|679
24|2025-11-26|793
24|2025-11-27|667
24|2025-11-28|705
24|2025-12-02|883
24|2025-12-03|761
24|2025-12-05|801
24|2025-12-04|703
24|2025-12-09|859
24|2025-12-10|693
24|2025-12-11|665
24|2025-12-12|682
24|2025-12-15|838
24|2025-12-16|792
24|2025-12-17|697
24|2025-12-18|782
24|2025-12-19|665
24|2025-12-22|4997
24|2025-12-23|727
24|2025-12-26|813
24|2025-12-29|815
24|2025-12-30|957
24|2025-12-31|620
24|2026-01-02|864
24|2026-01-05|743
24|2026-01-06|738
24|2026-01-07|839
24|2026-01-08|816
24|2026-01-09|993
24|2026-01-12|817
24|2026-01-13|975
24|2026-01-19|916
24|2026-01-20|795
24|2026-01-21|1085
24|2026-01-22|794
24|2026-01-23|772
24|2026-01-26|9596
24|2026-01-27|820
24|2026-01-28|873
24|2026-01-29|735
24|2026-01-30|823
24|2026-02-02|930
24|2026-02-03|819
24|2026-02-04|786
24|2026-02-05|768
24|2026-02-06|893
24|2026-02-09|959
24|2026-02-10|927
24|2026-02-11|825
24|2026-02-12|880
24|2026-02-13|840
24|2026-02-16|1002
24|2026-02-18|823
24|2026-02-19|860
24|2026-02-20|1710
24|2026-02-23|8431
24|2026-02-24|823
24|2026-02-25|908
24|2026-02-26|960
24|2026-02-27|698
24|2026-03-03|962
24|2026-03-04|832
24|2026-03-05|1013
24|2026-03-06|867
24|2026-03-09|886
24|2026-03-10|703
24|2026-03-11|320
24|2026-03-12|1472
24|2026-03-13|831
24|2026-03-16|1557
24|2026-03-17|802
24|2026-03-18|725
24|2026-03-19|764
24|2026-03-20|923
24|2026-03-23|8799
24|2026-03-24|874
24|2026-03-25|847
24|2026-03-26|839
24|2026-03-27|816
24|2026-03-30|881
24|2026-03-31|721
24|2026-04-01|857
24|2026-04-02|455
24|2026-04-06|815
24|2026-04-07|949
24|2026-04-08|834
24|2026-04-09|750
24|2026-04-10|710
24|2026-04-13|978
24|2026-04-14|731
24|2026-04-15|1007
24|2026-04-16|909
24|2026-04-17|781
24|2026-04-20|1128
24|2026-04-21|879
24|2026-04-22|787
24|2026-04-23|717
24|2026-04-24|690
24|2026-04-27|6323
24|2026-04-28|841
25|2025-09-10|965727
25|2025-09-11|1885748
25|2025-09-12|911016
25|2025-09-15|3127401
25|2025-09-16|2029998
25|2025-09-17|1966202
25|2025-09-18|1897965
25|2025-09-19|924450
25|2025-09-22|3253471
25|2025-09-23|2012337
25|2025-09-24|1870145
25|2025-09-25|1923776
25|2025-09-26|1042391
25|2025-09-29|2411330
25|2025-09-30|1419200
25|2025-10-01|1316916
25|2025-10-02|1175646
25|2025-10-03|1127368
25|2025-10-06|2497884
25|2025-10-07|1218743
25|2025-10-08|1141127
25|2025-10-09|995956
25|2025-10-10|988565
25|2025-10-13|2144844
25|2025-10-14|948614
25|2025-10-15|984290
25|2025-10-16|961651
25|2025-10-17|928874
25|2025-10-20|2135792
25|2025-10-21|944664
25|2025-10-22|895233
25|2025-10-23|915771
25|2025-10-24|940074
25|2025-10-27|2137682
25|2025-10-28|15737
25|2025-10-29|1025590
25|2025-10-30|1140122
25|2025-10-31|1258618
25|2025-11-03|2677847
25|2025-11-04|1132518
25|2025-11-05|1078083
25|2025-11-06|1098913
25|2025-11-07|1090371
25|2025-11-10|2284909
25|2025-11-11|946104
25|2025-11-12|907979
25|2025-11-13|857644
25|2025-11-19|929224
25|2025-11-20|967510
25|2025-11-21|976047
25|2025-11-24|2188151
25|2025-11-25|1052087
25|2025-11-26|1039842
25|2025-11-27|1189137
25|2025-11-28|1475471
25|2025-12-02|3649459
25|2025-12-03|1198823
25|2025-12-05|1196222
25|2025-12-04|1097481
25|2025-12-09|3149891
25|2025-12-10|1074653
25|2025-12-11|1001963
25|2025-12-12|1005874
25|2025-12-15|2379981
25|2025-12-16|1071099
25|2025-12-17|993835
25|2025-12-18|983055
25|2025-12-19|1061248
25|2025-12-22|2368459
25|2025-12-23|1101128
25|2025-12-29|2282609
25|2025-12-30|1220811
25|2025-12-31|949901
25|2026-01-02|1605728
25|2026-01-05|2457342
25|2026-01-06|1085347
25|2026-01-07|1036793
25|2026-01-08|1104203
25|2026-01-09|994564
25|2026-01-12|2174493
25|2026-01-13|930721
25|2026-01-19|2073521
25|2026-01-20|975521
25|2026-01-21|920416
25|2026-01-22|900677
25|2026-01-23|944334
25|2026-01-26|2090654
25|2026-01-27|971825
25|2026-01-28|985213
25|2026-01-29|1076741
25|2026-01-30|1258945
25|2026-02-02|2664246
25|2026-02-03|1109654
25|2026-02-04|1049085
25|2026-02-05|1053645
25|2026-02-06|1128014
25|2026-02-09|2319298
25|2026-02-10|1010591
25|2026-02-11|937623
25|2026-02-12|971684
25|2026-02-13|957648
25|2026-02-16|2194488
25|2026-02-18|1616980
25|2026-02-19|957944
25|2026-02-20|1054404
25|2026-02-23|2185457
25|2026-02-24|1009512
25|2026-02-25|1108238
25|2026-02-26|1167221
25|2026-02-27|1443441
25|2026-03-02|2855988
25|2026-03-03|1182483
25|2026-03-04|1411387
25|2026-03-05|1115597
25|2026-03-06|1199042
25|2026-03-10|1028265
25|2026-03-11|966406
25|2026-03-12|946206
25|2026-03-13|970015
25|2026-03-16|2244265
25|2026-03-17|950543
25|2026-03-18|942448
25|2026-03-20|1050194
25|2026-03-23|2138601
25|2026-03-24|962621
25|2026-03-25|971426
25|2026-03-26|984389
25|2026-03-27|1103849
25|2026-03-30|2478682
25|2026-03-31|1364433
25|2026-04-01|1312820
25|2026-04-06|3000580
25|2026-04-07|1142700
25|2026-04-08|1070937
25|2026-04-09|1029288
25|2026-04-10|1011613
25|2026-04-13|2217882
25|2026-04-14|967406
25|2026-04-15|1024767
25|2026-04-16|1019057
25|2026-04-17|974549
25|2026-04-20|2252823
25|2026-04-21|973542
25|2026-04-22|946922
25|2026-04-23|946815
25|2026-04-24|980455
25|2026-04-27|2185418
25|2026-04-28|1112010
26|2025-05-26|1029
26|2025-05-27|1156
26|2025-05-28|1312
26|2025-05-29|1567
26|2025-05-30|1400
26|2025-06-02|1372
26|2025-06-03|1080
26|2025-06-04|1460
26|2025-06-05|1173
26|2025-06-06|1301
26|2025-06-09|764
26|2025-06-11|708
26|2025-06-12|1259
26|2025-06-13|199
26|2025-06-16|1021
26|2025-06-17|1384
26|2025-06-18|986
26|2025-06-20|1036
26|2025-06-23|803
26|2025-06-24|1037
26|2025-06-25|778
26|2025-06-26|690
26|2025-06-27|873
26|2025-06-30|338
26|2025-07-01|823
26|2025-07-02|438
26|2025-07-03|644
26|2025-07-04|705
26|2025-07-07|647
26|2025-07-08|726
26|2025-07-09|343
26|2025-07-10|514
26|2025-07-11|488
26|2025-07-14|336
26|2025-07-15|755
26|2025-07-16|515
26|2025-07-17|520
26|2025-07-18|723
26|2025-07-21|635
26|2025-07-22|446
26|2025-07-23|437
26|2025-07-24|495
26|2025-07-25|442
26|2025-07-28|384
26|2025-07-29|749
26|2025-07-30|723
26|2025-07-31|591
26|2025-08-01|631
26|2025-08-04|466
26|2025-08-05|1586
26|2025-08-06|716
26|2025-08-07|1134
26|2025-08-08|1296
26|2025-08-11|1227
26|2025-08-12|1270
26|2025-08-13|938
26|2025-08-14|1424
26|2025-08-18|1390
26|2025-08-19|1564
26|2025-08-20|1736
26|2025-08-21|1347
26|2025-08-22|1193
26|2025-08-25|1464
26|2025-08-26|1949
26|2025-08-27|1555
26|2025-08-28|1191
26|2025-08-29|912
26|2025-09-01|530
26|2025-09-02|790
26|2025-09-03|682
26|2025-09-04|988
26|2025-09-05|714
26|2025-09-08|481
26|2025-09-09|905
26|2025-09-10|539
26|2025-09-11|959
26|2025-09-12|1084
26|2025-09-15|1154
26|2025-09-16|1372
26|2025-09-17|839
26|2025-09-18|1411
26|2025-09-19|893
26|2025-09-22|831
26|2025-09-23|762
26|2025-09-24|705
26|2025-09-25|775
26|2025-09-26|711
26|2025-09-29|1220
26|2025-09-30|1380
26|2025-10-01|720
26|2025-10-02|897
26|2025-10-03|769
26|2025-10-06|802
26|2025-10-07|670
26|2025-10-08|921
26|2025-10-09|837
26|2025-10-10|597
26|2025-10-13|576
26|2025-10-14|845
26|2025-10-15|905
26|2025-10-16|1028
26|2025-10-17|637
26|2025-10-20|801
26|2025-10-21|631
26|2025-10-22|420
26|2025-10-23|728
26|2025-10-24|462
26|2025-10-27|729
26|2025-10-28|805
26|2025-10-29|1459
26|2025-10-30|924
26|2025-10-31|378
26|2025-11-03|824
26|2025-11-04|611
26|2025-11-05|1153
26|2025-11-06|977
26|2025-11-07|1058
26|2025-11-10|551
26|2025-11-11|1169
26|2025-11-12|971
26|2025-11-13|857
26|2025-11-14|945
26|2025-11-17|1943
26|2025-11-18|1170
26|2025-11-19|896
26|2025-11-20|1495
26|2025-11-21|1091
26|2025-11-24|1401
26|2025-11-25|1596
26|2025-11-26|1273
26|2025-11-27|1401
26|2025-11-28|1368
26|2025-12-02|1261
26|2025-12-03|829
26|2025-12-05|1180
26|2025-12-09|1228
26|2025-12-10|1397
26|2025-12-11|707
26|2025-12-12|1131
26|2025-12-15|555
26|2025-12-16|780
26|2025-12-17|778
26|2025-12-18|1345
26|2025-12-19|1034
26|2025-12-22|944
26|2025-12-23|484
26|2025-12-29|1546
26|2025-12-30|1236
26|2025-12-31|520
26|2026-01-02|78
26|2026-01-05|1517
26|2026-01-06|937
26|2026-01-07|1066
26|2026-01-08|1299
26|2026-01-09|1028
26|2026-01-12|1079
26|2026-01-13|952
26|2026-01-19|1034
26|2026-01-20|1014
26|2026-01-21|965
26|2026-01-22|984
26|2026-01-23|1376
26|2026-01-26|1284
26|2026-01-27|1429
26|2026-01-28|1114
26|2026-01-29|1392
26|2026-01-30|781
26|2026-02-02|1151
26|2026-02-03|1171
26|2026-02-04|1114
26|2026-02-05|691
26|2026-02-06|1172
26|2026-02-09|692
26|2026-02-10|1014
26|2026-02-11|1045
26|2026-02-12|1430
26|2026-02-13|1373
26|2026-02-16|853
26|2026-02-18|1042
26|2026-02-19|1427
26|2026-02-20|1581
26|2026-02-23|1154
26|2026-02-24|958
26|2026-02-25|1873
26|2026-02-26|1335
26|2026-02-27|1017
26|2026-03-02|1662
26|2026-03-03|762
26|2026-03-04|986
26|2026-03-05|1120
26|2026-03-06|1065
26|2026-03-09|1192
26|2026-03-10|1515
26|2026-03-11|1006
26|2026-03-12|1320
26|2026-03-13|1667
26|2026-03-16|805
26|2026-03-17|1566
26|2026-03-18|1092
26|2026-03-19|1696
26|2026-03-20|870
26|2026-03-23|1275
26|2026-03-24|1475
26|2026-03-25|1453
26|2026-03-26|1325
26|2026-03-27|1652
26|2026-03-30|831
26|2026-04-01|766
26|2026-04-06|824
26|2026-04-07|837
26|2026-04-08|761
26|2026-04-09|1127
26|2026-04-10|1658
26|2026-04-13|1447
26|2026-04-14|804
26|2026-04-15|1589
26|2026-04-16|1340
26|2026-04-17|3187
26|2026-04-20|1792
26|2026-04-21|1520
26|2026-04-22|1700
26|2026-04-23|1324
26|2026-04-24|1386
26|2026-04-27|1473
26|2026-04-28|1203
27|2025-02-17|54
27|2025-02-18|4
27|2025-02-19|20
27|2025-02-20|22
27|2025-02-21|11
27|2025-02-24|109
27|2025-02-25|18
27|2025-02-26|29
27|2025-02-27|19
27|2025-02-28|9
27|2025-03-03|24
27|2025-03-05|63
27|2025-03-06|6
27|2025-03-07|20
27|2025-03-10|38
27|2025-03-11|16
27|2025-03-12|31
27|2025-03-13|17
27|2025-03-14|8
27|2025-03-17|40
27|2025-03-18|13
27|2025-03-19|23
27|2025-03-20|43
27|2025-03-21|3
27|2025-03-24|58
27|2025-03-25|13
27|2025-03-26|37
27|2025-03-27|37
27|2025-03-28|37
27|2025-03-31|77
27|2025-04-01|42
27|2025-04-02|32
27|2025-04-03|41
27|2025-04-04|48
27|2025-04-07|75
27|2025-04-08|11
27|2025-04-09|10
27|2025-04-10|3
27|2025-04-11|8
27|2025-04-16|9
27|2025-04-17|7
27|2025-04-21|51
27|2025-04-22|1
27|2025-04-23|9
27|2025-04-24|9
27|2025-04-28|16
27|2025-04-29|3
27|2025-04-30|6
27|2025-05-02|11
27|2025-05-05|30
27|2025-05-07|16
27|2025-05-08|35
27|2025-05-09|29
27|2025-05-12|62
27|2025-05-13|15
27|2025-05-14|43
27|2025-05-15|15
27|2025-05-16|10
27|2025-05-19|41
27|2025-05-20|4
27|2025-05-21|24
27|2025-05-22|36
27|2025-05-23|8
27|2025-05-26|36
27|2025-05-27|4
27|2025-05-28|30
27|2025-05-29|4
27|2025-05-30|8
27|2025-06-02|20
27|2025-06-03|3
27|2025-06-04|6
27|2025-06-05|17
27|2025-06-06|4
27|2025-06-09|16
27|2025-06-11|27
27|2025-06-12|14
27|2025-06-13|2
27|2025-06-16|61
27|2025-06-17|4
27|2025-06-18|1
27|2025-06-20|4
27|2025-06-23|29
27|2025-06-24|10
27|2025-06-25|28
27|2025-06-26|16
27|2025-06-27|15
27|2025-06-30|16
27|2025-07-02|3
27|2025-07-03|7
27|2025-07-04|22
27|2025-07-07|22
27|2025-07-10|18
27|2025-07-11|6
27|2025-07-14|23
27|2025-07-15|2
27|2025-07-16|28
27|2025-07-17|7
27|2025-07-18|13
27|2025-07-21|19
27|2025-07-22|4
27|2025-07-23|10
27|2025-07-24|18
27|2025-07-25|2
27|2025-07-28|18
27|2025-07-29|11
27|2025-07-30|22
27|2025-07-31|16
27|2025-08-01|5
27|2025-08-04|8
27|2025-08-05|2
27|2025-08-06|11
27|2025-08-07|17
27|2025-08-08|3
27|2025-08-12|2
27|2025-08-14|5
27|2025-08-18|17
27|2025-08-19|12
27|2025-08-20|4
27|2025-08-21|6
27|2025-08-22|7
27|2025-08-25|7
27|2025-08-26|2
27|2025-08-27|4
27|2025-08-28|12
27|2025-08-29|2
27|2025-09-01|9
27|2025-09-02|2
27|2025-09-03|2
27|2025-09-05|2
27|2025-09-08|2
27|2025-09-10|1
27|2025-09-11|1
27|2025-09-15|15
27|2025-09-17|11
27|2025-09-18|3
27|2025-09-19|4
27|2025-09-22|4
27|2025-09-23|5
27|2025-09-24|7
27|2025-09-25|8
27|2025-09-26|4
27|2025-09-29|5
27|2025-09-30|4
27|2025-10-01|10
27|2025-10-02|7
27|2025-10-03|3
27|2025-10-06|10
27|2025-10-07|18
27|2025-10-08|7
27|2025-10-09|18
27|2025-10-10|9
27|2025-10-13|19
27|2025-10-14|3
27|2025-10-15|11
27|2025-10-16|12
27|2025-10-20|13
27|2025-10-21|2
27|2025-10-22|5
27|2025-10-23|13
27|2025-10-24|4
27|2025-10-27|7
27|2025-10-28|10
27|2025-10-29|5
27|2025-10-30|7
27|2025-10-31|7
27|2025-11-03|57
27|2025-11-04|17
27|2025-11-05|50
27|2025-11-06|15
27|2025-11-07|17
27|2025-11-10|112
27|2025-11-11|6
27|2025-11-12|20
27|2025-11-13|54
27|2025-11-14|6
27|2025-11-17|39
27|2025-11-18|8
27|2025-11-19|24
27|2025-11-20|13
27|2025-11-21|13
27|2025-11-24|37
27|2025-11-25|5
27|2025-11-26|17
27|2025-11-27|9
27|2025-11-28|6
27|2025-12-02|17
27|2025-12-05|16
27|2025-12-04|3
27|2025-12-09|22
27|2025-12-11|23
27|2025-12-12|20
27|2025-12-15|21
27|2025-12-16|6
27|2025-12-17|19
27|2025-12-18|17
27|2025-12-19|14
27|2025-12-22|48
27|2025-12-23|11
27|2025-12-26|28
27|2025-12-29|48
27|2025-12-30|7
27|2025-12-31|17
27|2026-01-02|3
27|2026-01-05|24
27|2026-01-06|15
27|2026-01-07|30
27|2026-01-08|12
27|2026-01-09|24
27|2026-01-12|179
27|2026-01-13|3
27|2026-01-19|56
27|2026-01-20|12
27|2026-01-21|22
27|2026-01-22|28
27|2026-01-23|36
27|2026-01-26|44
27|2026-01-28|9
27|2026-01-29|5
27|2026-01-30|5
27|2026-02-02|10
27|2026-02-04|6
27|2026-02-05|7
27|2026-02-06|8
27|2026-02-09|60
27|2026-02-10|3
27|2026-02-11|23
27|2026-02-12|32
27|2026-02-13|16
27|2026-02-16|46
27|2026-02-18|42
27|2026-02-19|35
27|2026-02-20|14
27|2026-02-23|75
27|2026-02-24|5
27|2026-02-25|25
27|2026-02-26|37
27|2026-02-27|8
27|2026-03-02|57
27|2026-03-03|8
27|2026-03-04|20
27|2026-03-05|8
27|2026-03-06|32
27|2026-03-09|35
27|2026-03-10|12
27|2026-03-11|22
27|2026-03-12|21
27|2026-03-13|33
27|2026-03-16|118
27|2026-03-17|40
27|2026-03-18|118
27|2026-03-20|87
27|2026-03-23|213
27|2026-03-24|35
27|2026-03-25|121
27|2026-03-26|89
27|2026-03-27|59
27|2026-03-30|136
27|2026-04-01|18
27|2026-04-02|47
27|2026-04-06|130
27|2026-04-07|49
27|2026-04-08|65
27|2026-04-09|104
27|2026-04-10|204
27|2026-04-13|101
27|2026-04-14|3
27|2026-04-15|74
27|2026-04-16|172
27|2026-04-17|107
27|2026-04-20|100
27|2026-04-21|9
27|2026-04-22|19
27|2026-04-23|4
27|2026-04-24|19
27|2026-04-27|30
27|2026-04-28|4
28|2025-06-09|509
28|2025-06-30|4
28|2025-07-07|176
28|2025-07-14|1
28|2025-07-24|1
28|2025-07-28|2
28|2025-08-04|269
28|2025-08-05|3
28|2025-09-01|5
28|2025-09-08|779
28|2025-09-09|4
28|2025-10-02|1
28|2025-10-06|238
28|2025-10-27|4
28|2025-11-03|260
28|2025-11-28|1
28|2025-12-02|3
28|2025-12-09|628
28|2025-12-11|2
28|2025-12-29|9
28|2026-01-02|1
28|2026-01-05|337
28|2026-02-02|5
28|2026-02-09|224
28|2026-02-12|1
28|2026-02-24|1
28|2026-02-26|1
28|2026-03-02|5
28|2026-03-09|202
28|2026-03-16|1
28|2026-04-06|972
28|2026-04-07|1
28|2026-04-14|3
28|2026-04-16|2
28|2026-04-21|1
28|2026-04-27|3
29|2025-02-17|4106
29|2025-02-18|3701
29|2025-02-19|3766
29|2025-02-20|5281561
29|2025-02-21|5282396
29|2025-02-24|8354
29|2025-02-25|5279224
29|2025-02-26|4112
29|2025-02-27|3936
29|2025-02-28|43558
29|2025-03-03|42385
29|2025-03-05|6650
29|2025-03-06|3318
29|2025-03-07|4016
29|2025-03-10|3802
29|2025-03-11|3553
29|2025-03-12|7486
29|2025-03-13|4658
29|2025-03-14|4120
29|2025-03-17|3944
29|2025-03-18|3289
29|2025-03-19|3727
29|2025-03-20|3134
29|2025-03-21|10800
29|2025-03-24|19699
29|2025-03-25|3281
29|2025-03-26|3999
29|2025-03-27|3186
29|2025-03-28|3517
29|2025-03-31|46668
29|2025-04-01|41908
29|2025-04-02|4027
29|2025-04-03|3232
29|2025-04-04|3642
29|2025-04-07|4294
29|2025-04-08|3301
29|2025-04-09|6917
29|2025-04-10|3358
29|2025-04-11|7987
29|2025-04-14|20808
29|2025-04-15|3964
29|2025-04-16|4559
29|2025-04-17|110331
29|2025-04-21|4120
29|2025-04-22|3730
29|2025-04-23|4254
29|2025-04-24|111768
29|2025-04-28|11030
29|2025-04-29|3491
29|2025-04-30|42330
29|2025-05-02|40559
29|2025-05-05|4012
29|2025-05-06|3438
29|2025-05-07|4117
29|2025-05-08|3765
29|2025-05-09|3527
29|2025-05-12|3797
29|2025-05-13|3239
29|2025-05-14|3796
29|2025-05-15|3023
29|2025-05-16|11976
29|2025-05-19|3853
29|2025-05-20|3345
29|2025-05-21|4617
29|2025-05-22|3233
29|2025-05-23|3730
29|2025-05-26|14234
29|2025-05-27|5059
29|2025-05-28|4674
29|2025-05-29|3421
29|2025-05-30|40303
29|2025-06-02|38336
29|2025-06-03|3545
29|2025-06-04|4356
29|2025-06-05|3218
29|2025-06-06|3866
29|2025-06-09|3469
29|2025-06-11|4173
29|2025-06-12|3071
29|2025-06-13|2854
29|2025-06-16|3525
29|2025-06-17|3623
29|2025-06-18|5021
29|2025-06-20|5325353
29|2025-06-23|10822
29|2025-06-24|7804
29|2025-06-25|114212
29|2025-06-26|3808
29|2025-06-27|4327
29|2025-06-30|41789
29|2025-07-01|39917
29|2025-07-02|2804
29|2025-07-03|2884
29|2025-07-04|3300
29|2025-07-07|8411
29|2025-07-08|4372
29|2025-07-09|14007
29|2025-07-10|14953
29|2025-07-11|3358
29|2025-07-14|7213
29|2025-07-15|7818
29|2025-07-16|3059
29|2025-07-17|2821
29|2025-07-18|5197
29|2025-07-21|4014
29|2025-07-22|3786
29|2025-07-23|3582
29|2025-07-24|3135
29|2025-07-25|3718
29|2025-07-28|48760
29|2025-07-29|5058
29|2025-07-30|2939
29|2025-07-31|403749
29|2025-08-01|380655
29|2025-08-04|395059
29|2025-08-05|4012
29|2025-08-06|8411
29|2025-08-07|4262
29|2025-08-08|4994
29|2025-08-11|4786
29|2025-08-12|9122
29|2025-08-13|3567
29|2025-08-14|6584
29|2025-08-18|4445
29|2025-08-19|4396
29|2025-08-20|5544
29|2025-08-21|3672
29|2025-08-22|8771
29|2025-08-25|8551
29|2025-08-26|5054
29|2025-08-27|3441
29|2025-08-28|4016
29|2025-08-29|61197
29|2025-09-01|59153
29|2025-09-02|4669
29|2025-09-03|4029
29|2025-09-04|3381
29|2025-09-05|4658
29|2025-09-08|4396
29|2025-09-09|4631
29|2025-09-10|3569
29|2025-09-11|3253
29|2025-09-12|4846
29|2025-09-15|3412
29|2025-09-16|4276
29|2025-09-17|2914
29|2025-09-18|3141
29|2025-09-19|9257
29|2025-09-22|8479
29|2025-09-23|7263
29|2025-09-24|4087
29|2025-09-25|3897
29|2025-09-26|5513
29|2025-09-29|4123
29|2025-09-30|47616
29|2025-10-01|44042
29|2025-10-02|2921
29|2025-10-03|3428
29|2025-10-06|6473
29|2025-10-07|3846
29|2025-10-08|24505
29|2025-10-09|2833
29|2025-10-10|4558
29|2025-10-13|21383
29|2025-10-14|3360
29|2025-10-15|555856
29|2025-10-16|565706
29|2025-10-17|557853
29|2025-10-20|648118
29|2025-10-21|18541
29|2025-10-22|24425
29|2025-10-23|69484
29|2025-10-24|8930
29|2025-10-27|8327
29|2025-10-28|3563
29|2025-10-29|2942
29|2025-10-30|4657
29|2025-10-31|41948
29|2025-11-03|42135
29|2025-11-04|6378
29|2025-11-05|4073
29|2025-11-06|3510
29|2025-11-07|4999
29|2025-11-10|3635
29|2025-11-11|32151
29|2025-11-12|4367
29|2025-11-13|29699
29|2025-11-14|13288
29|2025-11-17|4295
29|2025-11-18|3293
29|2025-11-19|2911
29|2025-11-20|2885
29|2025-11-21|6040
29|2025-11-24|56539
29|2025-11-25|2851
29|2025-11-26|3293
29|2025-11-27|14763
29|2025-11-28|40286
29|2025-12-02|3883
29|2025-12-03|3475
29|2025-12-05|2927
29|2025-12-04|3013
29|2025-12-09|5870
29|2025-12-10|3548
29|2025-12-11|264115
29|2025-12-12|100157
29|2025-12-15|4182
29|2025-12-16|3930
29|2025-12-17|2898
29|2025-12-18|3150
29|2025-12-19|2786
29|2025-12-22|9041
29|2025-12-23|3388
29|2025-12-29|4544
29|2025-12-30|4235
29|2025-12-31|39724
29|2026-01-02|37335
29|2026-01-05|3491
29|2026-01-06|3543
29|2026-01-07|3132
29|2026-01-08|12870
29|2026-01-09|3355
29|2026-01-12|23375
29|2026-01-13|3178
29|2026-01-19|4963
29|2026-01-20|30902
29|2026-01-21|13991
29|2026-01-22|40262
29|2026-01-23|3901
29|2026-01-26|12655
29|2026-01-27|3625
29|2026-01-28|3192
29|2026-01-29|3155
29|2026-01-30|45398
29|2026-02-02|51977
29|2026-02-03|4561
29|2026-02-04|4134
29|2026-02-05|4478
29|2026-02-06|3925
29|2026-02-09|19216
29|2026-02-10|18613
29|2026-02-11|3716
29|2026-02-12|3574
29|2026-02-13|4326
29|2026-02-16|5766
29|2026-02-18|5917
29|2026-02-19|27097
29|2026-02-20|33722
29|2026-02-23|12420
29|2026-02-24|3330
29|2026-02-25|3521
29|2026-02-26|3643
29|2026-02-27|43795
29|2026-03-02|49007
29|2026-03-03|3762
29|2026-03-04|3483
29|2026-03-05|42742
29|2026-03-06|3792
29|2026-03-09|4357
29|2026-03-10|3308
29|2026-03-11|2855
29|2026-03-12|3789
29|2026-03-13|3257
29|2026-03-16|6151
29|2026-03-17|3682
29|2026-03-18|3509
29|2026-03-19|3047
29|2026-03-20|11335
29|2026-03-23|13042
29|2026-03-24|3465
29|2026-03-25|3661
29|2026-03-26|3259
29|2026-03-27|3261
29|2026-03-30|5946
29|2026-03-31|44139
29|2026-04-02|2500
29|2026-04-06|3582
29|2026-04-07|3755
29|2026-04-08|8478
29|2026-04-09|57534
29|2026-04-10|6807
29|2026-04-13|5815
29|2026-04-14|20787
29|2026-04-15|30538
29|2026-04-16|8316
29|2026-04-17|25107
29|2026-04-20|5390
29|2026-04-21|3426
29|2026-04-22|4990
29|2026-04-23|6620
29|2026-04-24|4081
29|2026-04-27|9839
29|2026-04-28|4212
30|2025-06-06|249
30|2025-08-22|1236
30|2025-09-19|192
30|2025-11-21|1079
30|2026-02-20|849
30|2026-03-20|161
31|2025-02-17|139
31|2025-02-18|171
31|2025-02-19|148
31|2025-02-20|160
31|2025-02-21|293
31|2025-02-24|147
31|2025-02-25|186
31|2025-02-26|161
31|2025-02-27|147
31|2025-02-28|159
31|2025-03-03|116
31|2025-03-05|153
31|2025-03-06|129
31|2025-03-07|146
31|2025-03-10|138
31|2025-03-11|154
31|2025-03-12|165
31|2025-03-13|140
31|2025-03-14|174
31|2025-03-17|178
31|2025-03-18|141
31|2025-03-19|147
31|2025-03-20|157
31|2025-03-21|3447
31|2025-03-24|180
31|2025-03-25|167
31|2025-03-26|175
31|2025-03-27|200
31|2025-03-28|177
31|2025-03-31|163
31|2025-04-01|139
31|2025-04-02|147
31|2025-04-03|185
31|2025-04-04|184
31|2025-04-07|129
31|2025-04-08|128
31|2025-04-09|145
31|2025-04-10|157
31|2025-04-11|132
31|2025-04-14|121
31|2025-04-15|139
31|2025-04-16|172
31|2025-04-17|90
31|2025-04-21|122
31|2025-04-22|130
31|2025-04-23|136
31|2025-04-24|136
31|2025-04-28|73
31|2025-04-29|123
31|2025-04-30|152
31|2025-05-02|106
31|2025-05-05|143
31|2025-05-06|124
31|2025-05-07|159
31|2025-05-08|146
31|2025-05-09|165
31|2025-05-12|169
31|2025-05-13|207
31|2025-05-14|144
31|2025-05-15|176
31|2025-05-16|402
31|2025-05-19|158
31|2025-05-20|153
31|2025-05-21|154
31|2025-05-22|163
31|2025-05-23|171
31|2025-05-26|154
31|2025-05-27|151
31|2025-05-28|163
31|2025-05-29|149
31|2025-05-30|149
31|2025-06-02|141
31|2025-06-03|145
31|2025-06-04|263
31|2025-06-05|130
31|2025-06-06|131
31|2025-06-09|84
31|2025-06-11|115
31|2025-06-12|129
31|2025-06-13|94
31|2025-06-16|119
31|2025-06-17|151
31|2025-06-18|117
31|2025-06-20|95
31|2025-06-23|116
31|2025-06-24|109
31|2025-06-25|117
31|2025-06-26|115
31|2025-06-27|117
31|2025-06-30|108
31|2025-07-01|121
31|2025-07-02|127
31|2025-07-03|119
31|2025-07-04|131
31|2025-07-07|146
31|2025-07-08|131
31|2025-07-09|124
31|2025-07-10|126
31|2025-07-11|112
31|2025-07-14|108
31|2025-07-15|122
31|2025-07-16|131
31|2025-07-17|92
31|2025-07-18|121
31|2025-07-21|141
31|2025-07-22|119
31|2025-07-23|148
31|2025-07-24|105
31|2025-07-25|129
31|2025-07-28|112
31|2025-07-29|124
31|2025-07-30|126
31|2025-07-31|104
31|2025-08-01|122
31|2025-08-04|100
31|2025-08-05|142
31|2025-08-06|107
31|2025-08-07|119
31|2025-08-08|102
31|2025-08-11|109
31|2025-08-12|98
31|2025-08-13|275
31|2025-08-14|131
31|2025-08-18|119
31|2025-08-19|78
31|2025-08-20|80
31|2025-08-21|79
31|2025-08-22|115
31|2025-08-25|94
31|2025-08-26|103
31|2025-08-27|82
31|2025-08-28|83
31|2025-08-29|92
31|2025-09-01|101
31|2025-09-02|115
31|2025-09-03|120
31|2025-09-04|136
31|2025-09-05|105
31|2025-09-08|112
31|2025-09-09|119
31|2025-09-10|121
31|2025-09-11|126
31|2025-09-12|134
31|2025-09-15|103
31|2025-09-16|117
31|2025-09-17|152
31|2025-09-18|123
31|2025-09-19|136
31|2025-09-22|118
31|2025-09-23|122
31|2025-09-24|151
31|2025-09-25|118
31|2025-09-26|130
31|2025-09-29|142
31|2025-09-30|127
31|2025-10-01|125
31|2025-10-02|122
31|2025-10-03|137
31|2025-10-06|129
31|2025-10-07|138
31|2025-10-08|118
31|2025-10-09|160
31|2025-10-10|160
31|2025-10-13|99
31|2025-10-14|54640
31|2025-10-15|160343
31|2025-10-16|160293
31|2025-10-17|161
31|2025-10-20|163
31|2025-10-21|159
31|2025-10-22|222
31|2025-10-23|158
31|2025-10-24|140
31|2025-10-27|207
31|2025-10-28|2725
31|2025-10-29|163
31|2025-10-30|2708
31|2025-10-31|132
31|2025-11-03|155
31|2025-11-04|183
31|2025-11-05|134
31|2025-11-06|693
31|2025-11-07|205
31|2025-11-10|163
31|2025-11-11|145
31|2025-11-12|158
31|2025-11-13|145
31|2025-11-14|152
31|2025-11-17|139
31|2025-11-18|171
31|2025-11-19|167
31|2025-11-20|144
31|2025-11-21|196
31|2025-11-24|169
31|2025-11-25|153
31|2025-11-26|154
31|2025-11-27|154
31|2025-11-28|160
31|2025-12-02|141
31|2025-12-03|151
31|2025-12-05|118
31|2025-12-04|158
31|2025-12-09|136
31|2025-12-10|310
31|2025-12-11|267
31|2025-12-12|170
31|2025-12-15|342
31|2025-12-16|243
31|2025-12-17|258
31|2025-12-18|159
31|2025-12-19|350
31|2025-12-22|403
31|2025-12-23|142
31|2025-12-26|186
31|2025-12-29|241
31|2025-12-30|184
31|2025-12-31|215
31|2026-01-02|242
31|2026-01-05|177
31|2026-01-06|135
31|2026-01-07|204
31|2026-01-08|241
31|2026-01-09|220
31|2026-01-12|336
31|2026-01-13|259
31|2026-01-19|342
31|2026-01-20|169
31|2026-01-21|274
31|2026-01-22|256
31|2026-01-23|231
31|2026-01-26|333
31|2026-01-27|175
31|2026-01-28|224
31|2026-01-29|234
31|2026-01-30|227
31|2026-02-02|288
31|2026-02-03|228
31|2026-02-04|205
31|2026-02-05|238
31|2026-02-06|245
31|2026-02-09|268
31|2026-02-10|619
31|2026-02-11|242
31|2026-02-12|237
31|2026-02-13|237
31|2026-02-16|341
31|2026-02-18|227
31|2026-02-19|241
31|2026-02-20|268
31|2026-02-23|331
31|2026-02-24|139
31|2026-02-25|242
31|2026-02-26|317
31|2026-02-27|235
31|2026-03-02|363
31|2026-03-03|180
31|2026-03-04|266
31|2026-03-05|280
31|2026-03-06|299
31|2026-03-09|368
31|2026-03-10|240
31|2026-03-11|186
31|2026-03-12|350
31|2026-03-13|331
31|2026-03-16|404
31|2026-03-17|243
31|2026-03-18|320
31|2026-03-19|255
31|2026-03-20|382
31|2026-03-23|414
31|2026-03-24|248
31|2026-03-25|326
31|2026-03-26|328
31|2026-03-27|327
31|2026-03-30|526
31|2026-03-31|213
31|2026-04-01|384
31|2026-04-02|254
31|2026-04-06|406
31|2026-04-07|175
31|2026-04-08|275
31|2026-04-09|304
31|2026-04-10|310
31|2026-04-13|365
31|2026-04-14|357
31|2026-04-15|323
31|2026-04-16|321
31|2026-04-17|406
31|2026-04-20|554
31|2026-04-21|241
31|2026-04-22|322
31|2026-04-23|415
31|2026-04-24|385
31|2026-04-27|631
31|2026-04-28|249
32|2025-02-17|2349
32|2025-02-18|2323
32|2025-02-19|1824
32|2025-02-20|2458
32|2025-02-21|3124
32|2025-02-24|6659
32|2025-02-25|2270
32|2025-02-26|2284
32|2025-02-27|2025
32|2025-02-28|2074
32|2025-03-03|2585
32|2025-03-05|2474
32|2025-03-06|1993
32|2025-03-07|2042
32|2025-03-10|2341
32|2025-03-11|2436
32|2025-03-12|2205
32|2025-03-13|2323
32|2025-03-14|2322
32|2025-03-17|2199
32|2025-03-18|2083
32|2025-03-19|2395
32|2025-03-20|2202
32|2025-03-21|2258
32|2025-03-24|7067
32|2025-03-25|2242
32|2025-03-26|2341
32|2025-03-27|2110
32|2025-03-28|2167
32|2025-03-31|2751
32|2025-04-01|2048
32|2025-04-02|2049
32|2025-04-03|2083
32|2025-04-04|2217
32|2025-04-07|2450
32|2025-04-08|2194
32|2025-04-09|1900
32|2025-04-10|2496
32|2025-04-11|1732
32|2025-04-14|2362
32|2025-04-15|2190
32|2025-04-16|2584
32|2025-04-17|1415
32|2025-04-21|3134
32|2025-04-22|2512
32|2025-04-23|2432
32|2025-04-24|2290
32|2025-04-28|9185
32|2025-04-29|1753
32|2025-04-30|2022
32|2025-05-02|2908
32|2025-05-05|2517
32|2025-05-06|2363
32|2025-05-07|2142
32|2025-05-08|2673
32|2025-05-09|2177
32|2025-05-12|2483
32|2025-05-13|2147
32|2025-05-14|2036
32|2025-05-15|2353
32|2025-05-16|3138
32|2025-05-19|2359
32|2025-05-20|2386
32|2025-05-21|2599
32|2025-05-22|2228
32|2025-05-23|2356
32|2025-05-26|9338
32|2025-05-27|286927
32|2025-05-28|16686
32|2025-05-29|2325
32|2025-05-30|2485
32|2025-06-02|2236
32|2025-06-03|2552
32|2025-06-04|15995
32|2025-06-05|2466
32|2025-06-06|2368
32|2025-06-09|2873
32|2025-06-11|2257
32|2025-06-12|2452
32|2025-06-13|2156
32|2025-06-16|2512
32|2025-06-17|2279
32|2025-06-18|2243
32|2025-06-20|2049
32|2025-06-23|2700
32|2025-06-24|2245
32|2025-06-25|2116
32|2025-06-26|2356
32|2025-06-27|2190
32|2025-06-30|2388
32|2025-07-01|1975
32|2025-07-02|2063
32|2025-07-03|2127
32|2025-07-04|2089
32|2025-07-07|2286
32|2025-07-08|2228
32|2025-07-09|2087
32|2025-07-10|2078
32|2025-07-11|1989
32|2025-07-14|2441
32|2025-07-15|2274
32|2025-07-16|2261
32|2025-07-17|2140
32|2025-07-18|2206
32|2025-07-21|2561
32|2025-07-22|2201
32|2025-07-23|2705
32|2025-07-24|2181
32|2025-07-25|2220
32|2025-07-28|3655
32|2025-07-29|2349
32|2025-07-30|2192
32|2025-07-31|2290
32|2025-08-01|2256
32|2025-08-04|2472
32|2025-08-05|2197
32|2025-08-06|2455
32|2025-08-07|2224
32|2025-08-08|2096
32|2025-08-11|2298
32|2025-08-12|2483
32|2025-08-13|2304
32|2025-08-14|2331
32|2025-08-18|2821
32|2025-08-19|2333
32|2025-08-20|2365
32|2025-08-21|2249
32|2025-08-22|2510
32|2025-08-25|2985
32|2025-08-26|2918
32|2025-08-27|2539
32|2025-08-28|2682
32|2025-08-29|2590
32|2025-09-01|2871
32|2025-09-02|2680
32|2025-09-03|2760
32|2025-09-04|2794
32|2025-09-05|2662
32|2025-09-08|3013
32|2025-09-09|2523
32|2025-09-10|2730
32|2025-09-11|2313
32|2025-09-12|2395
32|2025-09-15|2510
32|2025-09-16|1952
32|2025-09-17|2064
32|2025-09-18|2403
32|2025-09-19|2606
32|2025-09-22|2658
32|2025-09-23|2773
32|2025-09-24|2838
32|2025-09-25|2487
32|2025-09-26|2544
32|2025-09-29|3045
32|2025-09-30|2452
32|2025-10-01|2440
32|2025-10-02|2438
32|2025-10-03|2528
32|2025-10-06|2791
32|2025-10-07|2482
32|2025-10-08|2343
32|2025-10-09|2256
32|2025-10-10|2352
32|2025-10-13|2806
32|2025-10-14|2233
32|2025-10-15|2289
32|2025-10-16|2546
32|2025-10-17|2443
32|2025-10-20|2867
32|2025-10-21|2409
32|2025-10-22|2545
32|2025-10-23|2505
32|2025-10-24|2645
32|2025-10-27|2921
32|2025-10-28|2081
32|2025-10-29|2648
32|2025-10-30|2528
32|2025-10-31|2579
32|2025-11-03|3132
32|2025-11-04|2637
32|2025-11-05|2416
32|2025-11-06|2548
32|2025-11-07|2539
32|2025-11-10|3132
32|2025-11-11|2666
32|2025-11-12|2543
32|2025-11-13|2348
32|2025-11-14|2254
32|2025-11-17|3166
32|2025-11-18|2829
32|2025-11-19|2657
32|2025-11-20|2569
32|2025-11-21|2622
32|2025-11-24|3229
32|2025-11-25|2933
32|2025-11-26|2976
32|2025-11-27|2704
32|2025-11-28|2775
32|2025-12-02|3492
32|2025-12-03|2874
32|2025-12-05|2756
32|2025-12-04|2709
32|2025-12-09|3112
32|2025-12-10|2719
32|2025-12-11|2415
32|2025-12-12|2396
32|2025-12-15|3129
32|2025-12-16|2454
32|2025-12-17|2564
32|2025-12-18|2504
32|2025-12-19|2424
32|2025-12-22|3580
32|2025-12-23|2968
32|2025-12-29|3720
32|2025-12-30|3659
32|2025-12-31|2250
32|2026-01-02|3666
32|2026-01-05|3284
32|2026-01-06|2940
32|2026-01-07|2828
32|2026-01-08|2896
32|2026-01-09|3167
32|2026-01-12|3200
32|2026-01-13|2886
32|2026-01-19|3719
32|2026-01-20|3102
32|2026-01-21|2905
32|2026-01-22|2535
32|2026-01-23|2889
32|2026-01-26|3607
32|2026-01-27|2673
32|2026-01-28|3195
32|2026-01-29|2884
32|2026-01-30|3211
32|2026-02-02|3656
32|2026-02-03|2877
32|2026-02-04|2773
32|2026-02-05|2815
32|2026-02-06|3078
32|2026-02-09|3586
32|2026-02-10|3068
32|2026-02-11|2855
32|2026-02-12|2976
32|2026-02-13|3130
32|2026-02-16|4497
32|2026-02-18|3546
32|2026-02-19|3356
32|2026-02-20|3327
32|2026-02-23|3589
32|2026-02-24|3158
32|2026-02-25|3323
32|2026-02-26|3591
32|2026-02-27|2760
32|2026-03-02|4042
32|2026-03-03|3504
32|2026-03-04|3175
32|2026-03-05|3303
32|2026-03-06|3265
32|2026-03-09|2917
32|2026-03-10|2521
32|2026-03-11|2702
32|2026-03-12|3702
32|2026-03-13|3139
32|2026-03-16|3900
32|2026-03-17|3086
32|2026-03-18|3100
32|2026-03-19|2758
32|2026-03-20|2797
32|2026-03-23|3547
32|2026-03-24|3198
32|2026-03-25|3110
32|2026-03-26|2988
32|2026-03-27|3055
32|2026-03-30|3410
32|2026-03-31|3055
32|2026-04-01|3213
32|2026-04-02|2229
32|2026-04-06|4457
32|2026-04-07|3702
32|2026-04-08|3550
32|2026-04-09|3465
32|2026-04-10|3225
32|2026-04-13|3741
32|2026-04-14|3080
32|2026-04-15|3519
32|2026-04-16|3370
32|2026-04-17|3490
32|2026-04-20|4476
32|2026-04-21|3084
32|2026-04-22|3381
32|2026-04-23|3217
32|2026-04-24|3337
32|2026-04-27|3767
32|2026-04-28|3224
33|2025-02-17|1094
33|2025-02-18|1125
33|2025-02-19|832
33|2025-02-20|1153
33|2025-02-21|2356
33|2025-02-24|5327
33|2025-02-25|1100
33|2025-02-26|1100
33|2025-02-27|874
33|2025-02-28|895
33|2025-03-03|1113
33|2025-03-05|1175
33|2025-03-06|914
33|2025-03-07|989
33|2025-03-10|1049
33|2025-03-11|1235
33|2025-03-12|1065
33|2025-03-13|1108
33|2025-03-14|1066
33|2025-03-17|1015
33|2025-03-18|975
33|2025-03-19|1089
33|2025-03-20|1005
33|2025-03-21|5443
33|2025-03-24|5763
33|2025-03-25|913
33|2025-03-26|1017
33|2025-03-27|929
33|2025-03-28|969
33|2025-03-31|1042
33|2025-04-01|920
33|2025-04-02|924
33|2025-04-03|891
33|2025-04-04|1024
33|2025-04-07|1168
33|2025-04-08|1065
33|2025-04-09|827
33|2025-04-10|1323
33|2025-04-11|777
33|2025-04-14|1090
33|2025-04-15|924
33|2025-04-16|1323
33|2025-04-17|656
33|2025-04-21|1290
33|2025-04-22|1079
33|2025-04-23|1072
33|2025-04-24|1050
33|2025-04-28|8424
33|2025-04-29|761
33|2025-04-30|911
33|2025-05-02|1214
33|2025-05-05|1158
33|2025-05-06|1086
33|2025-05-07|1019
33|2025-05-08|1534
33|2025-05-09|969
33|2025-05-12|1173
33|2025-05-13|964
33|2025-05-14|854
33|2025-05-15|1034
33|2025-05-16|2253
33|2025-05-19|962
33|2025-05-20|998
33|2025-05-21|1204
33|2025-05-22|974
33|2025-05-23|1028
33|2025-05-26|7637
33|2025-05-27|959
33|2025-05-28|1316
33|2025-05-29|1071
33|2025-05-30|1026
33|2025-06-02|1040
33|2025-06-03|1157
33|2025-06-04|1117
33|2025-06-05|1144
33|2025-06-06|1436
33|2025-06-09|1244
33|2025-06-11|973
33|2025-06-12|1251
33|2025-06-13|992
33|2025-06-16|1176
33|2025-06-17|1089
33|2025-06-18|1047
33|2025-06-20|973
33|2025-06-23|7761
33|2025-06-24|1046
33|2025-06-25|930
33|2025-06-26|1167
33|2025-06-27|1041
33|2025-06-30|1057
33|2025-07-01|958
33|2025-07-02|913
33|2025-07-03|1081
33|2025-07-04|1012
33|2025-07-07|1021
33|2025-07-08|1228
33|2025-07-09|975
33|2025-07-10|979
33|2025-07-11|954
33|2025-07-14|1277
33|2025-07-15|1177
33|2025-07-16|1119
33|2025-07-17|967
33|2025-07-18|1071
33|2025-07-21|1245
33|2025-07-22|1071
33|2025-07-23|1629
33|2025-07-24|1072
33|2025-07-25|1110
33|2025-07-28|7123
33|2025-07-29|1185
33|2025-07-30|1086
33|2025-07-31|1149
33|2025-08-01|1140
33|2025-08-04|1278
33|2025-08-05|1201
33|2025-08-06|1380
33|2025-08-07|1245
33|2025-08-08|1246
33|2025-08-11|1159
33|2025-08-12|1305
33|2025-08-13|1344
33|2025-08-14|1209
33|2025-08-18|1377
33|2025-08-19|1213
33|2025-08-20|1166
33|2025-08-21|1042
33|2025-08-22|3336
33|2025-08-25|5744
33|2025-08-26|1569
33|2025-08-27|1226
33|2025-08-28|1285
33|2025-08-29|1250
33|2025-09-01|1450
33|2025-09-02|1329
33|2025-09-03|1335
33|2025-09-04|1318
33|2025-09-05|1275
33|2025-09-08|1506
33|2025-09-09|1143
33|2025-09-10|1490
33|2025-09-11|1049
33|2025-09-12|1078
33|2025-09-15|1133
33|2025-09-16|969
33|2025-09-17|990
33|2025-09-18|1200
33|2025-09-19|1568
33|2025-09-22|6008
33|2025-09-23|1390
33|2025-09-24|1457
33|2025-09-25|1036
33|2025-09-26|1165
33|2025-09-29|1320
33|2025-09-30|1146
33|2025-10-01|1191
33|2025-10-02|1064
33|2025-10-03|1088
33|2025-10-06|1092
33|2025-10-07|1036
33|2025-10-08|1068
33|2025-10-09|1044
33|2025-10-10|1003
33|2025-10-13|1281
33|2025-10-14|1025
33|2025-10-15|1010
33|2025-10-16|1233
33|2025-10-17|1136
33|2025-10-20|1146
33|2025-10-21|1069
33|2025-10-22|1134
33|2025-10-23|1012
33|2025-10-24|980
33|2025-10-27|6544
33|2025-10-28|924
33|2025-10-29|1068
33|2025-10-30|1068
33|2025-10-31|1129
33|2025-11-03|1077
33|2025-11-04|996
33|2025-11-05|979
33|2025-11-06|1044
33|2025-11-07|1078
33|2025-11-10|1031
33|2025-11-11|1014
33|2025-11-12|1236
33|2025-11-13|908
33|2025-11-14|980
33|2025-11-17|1217
33|2025-11-18|1010
33|2025-11-19|1088
33|2025-11-20|954
33|2025-11-21|2678
33|2025-11-24|6250
33|2025-11-25|890
33|2025-11-26|1032
33|2025-11-27|877
33|2025-11-28|906
33|2025-12-02|1145
33|2025-12-03|976
33|2025-12-05|1040
33|2025-12-04|926
33|2025-12-09|1102
33|2025-12-10|939
33|2025-12-11|827
33|2025-12-12|856
33|2025-12-15|1058
33|2025-12-16|992
33|2025-12-17|922
33|2025-12-18|1006
33|2025-12-19|979
33|2025-12-22|5505
33|2025-12-23|1163
33|2025-12-29|1206
33|2025-12-30|1403
33|2025-12-31|886
33|2026-01-02|1184
33|2026-01-05|1097
33|2026-01-06|1006
33|2026-01-07|1141
33|2026-01-08|1117
33|2026-01-09|1221
33|2026-01-12|1051
33|2026-01-13|1242
33|2026-01-19|3209
33|2026-01-20|1021
33|2026-01-21|2469
33|2026-01-22|3822
33|2026-01-23|2819
33|2026-01-26|11922
33|2026-01-27|3410
33|2026-01-28|1093
33|2026-01-29|957
33|2026-01-30|1012
33|2026-02-02|1159
33|2026-02-03|1019
33|2026-02-04|942
33|2026-02-05|1003
33|2026-02-06|1115
33|2026-02-09|1217
33|2026-02-10|1160
33|2026-02-11|1056
33|2026-02-12|1148
33|2026-02-13|1133
33|2026-02-16|1322
33|2026-02-18|1106
33|2026-02-19|1148
33|2026-02-20|2529
33|2026-02-23|8662
33|2026-02-24|1025
33|2026-02-25|1178
33|2026-02-26|1203
33|2026-02-27|908
33|2026-03-02|1204
33|2026-03-03|1181
33|2026-03-04|1103
33|2026-03-05|1275
33|2026-03-06|1139
33|2026-03-09|1067
33|2026-03-10|903
33|2026-03-11|515
33|2026-03-12|1786
33|2026-03-16|1842
33|2026-03-17|1049
33|2026-03-18|991
33|2026-03-19|1076
33|2026-03-20|1228
33|2026-03-23|9057
33|2026-03-24|1122
33|2026-03-25|1113
33|2026-03-26|1100
33|2026-03-27|1083
33|2026-03-30|1228
33|2026-03-31|997
33|2026-04-01|1127
33|2026-04-02|681
33|2026-04-06|1069
33|2026-04-07|1294
33|2026-04-08|1187
33|2026-04-09|1095
33|2026-04-10|972
33|2026-04-13|1326
33|2026-04-14|1026
33|2026-04-15|1283
33|2026-04-16|1169
33|2026-04-17|1042
33|2026-04-20|1520
33|2026-04-21|1151
33|2026-04-22|1085
33|2026-04-23|1044
33|2026-04-24|949
33|2026-04-27|6695
33|2026-04-28|1169
34|2025-02-17|1202
34|2025-02-18|1553
34|2025-02-19|1245
34|2025-02-20|1380
34|2025-02-21|1395
34|2025-02-24|1688
34|2025-02-25|1630
34|2025-02-26|1658
34|2025-02-27|1707
34|2025-02-28|1956
34|2025-03-03|1914
34|2025-03-05|2527
34|2025-03-06|1549
34|2025-03-07|1719
34|2025-03-10|1581
34|2025-03-11|1474
34|2025-03-12|1403
34|2025-03-13|1332
34|2025-03-14|1330
34|2025-03-17|1471
34|2025-03-18|1384
34|2025-03-19|1333
34|2025-03-20|1343
34|2025-03-21|1334
34|2025-03-24|1554
34|2025-03-25|1725
34|2025-03-26|1548
34|2025-03-27|1921
34|2025-03-28|1887
34|2025-03-31|1800
34|2025-04-01|1760
34|2025-04-02|1589
34|2025-04-03|1531
34|2025-04-04|1436
34|2025-04-07|1640
34|2025-04-08|1537
34|2025-04-09|1454
34|2025-04-10|1355
34|2025-04-11|1383
34|2025-04-14|1447
34|2025-04-15|1361
34|2025-04-16|1388
34|2025-04-17|1433
34|2025-04-21|349
34|2025-04-22|2186
34|2025-04-23|1648
34|2025-04-24|1713
34|2025-04-28|2948
34|2025-04-29|1615
34|2025-04-30|2030
34|2025-05-02|2450
34|2025-05-05|1686
34|2025-05-06|1619
34|2025-05-07|1604
34|2025-05-08|1762
34|2025-05-09|1622
34|2025-05-12|1600
34|2025-05-13|1369
34|2025-05-14|1356
34|2025-05-15|1395
34|2025-05-16|1416
34|2025-05-19|1441
34|2025-05-20|1188
34|2025-05-21|1274
34|2025-05-22|1542
34|2025-05-23|1972
34|2025-05-26|1291
34|2025-05-27|1634
34|2025-05-28|1952
34|2025-05-29|1584
34|2025-05-30|1734
34|2025-06-02|1951
34|2025-06-03|1720
34|2025-06-04|1685
34|2025-06-05|1524
34|2025-06-06|1701
34|2025-06-09|1511
34|2025-06-11|2477
34|2025-06-12|1359
34|2025-06-13|1424
34|2025-06-16|1417
34|2025-06-17|1374
34|2025-06-18|1517
34|2025-06-20|2036
34|2025-06-23|1566
34|2025-06-24|1549
34|2025-06-25|1711
34|2025-06-26|1811
34|2025-06-27|1760
34|2025-06-30|2191
34|2025-07-01|1880
34|2025-07-02|1703
34|2025-07-03|1669
34|2025-07-04|1335
34|2025-07-07|1810
34|2025-07-08|1666
34|2025-07-09|1389
34|2025-07-10|1457
34|2025-07-11|1478
34|2025-07-14|1466
34|2025-07-15|1437
34|2025-07-16|1388
34|2025-07-17|1299
34|2025-07-18|1523
34|2025-07-21|1411
34|2025-07-22|1338
34|2025-07-23|1350
34|2025-07-24|1408
34|2025-07-25|1773
34|2025-07-28|1726
34|2025-07-29|1713
34|2025-07-30|1740
34|2025-07-31|1601
34|2025-08-01|1540
34|2025-08-04|1912
34|2025-08-05|1764
34|2025-08-06|1499
34|2025-08-07|1354
34|2025-08-08|1669
34|2025-08-11|1493
34|2025-08-12|1227
34|2025-08-13|1333
34|2025-08-14|1424
34|2025-08-18|2194
34|2025-08-19|1224
34|2025-08-20|1294
34|2025-08-21|1149
34|2025-08-22|1298
34|2025-08-25|1571
34|2025-08-26|1535
34|2025-08-27|1580
34|2025-08-28|1570
34|2025-08-29|1683
34|2025-09-01|1528
34|2025-09-02|1733
34|2025-09-03|1599
34|2025-09-04|1535
34|2025-09-05|1567
34|2025-09-08|1751
34|2025-09-09|1378
34|2025-09-10|1458
34|2025-09-11|1326
34|2025-09-12|1383
34|2025-09-15|1572
34|2025-09-16|1244
34|2025-09-17|1299
34|2025-09-18|1305
34|2025-09-19|1373
34|2025-09-22|1368
34|2025-09-23|1342
34|2025-09-24|1316
34|2025-09-25|1665
34|2025-09-26|1882
34|2025-09-29|1948
34|2025-09-30|1840
34|2025-10-01|1774
34|2025-10-02|1553
34|2025-10-03|1570
34|2025-10-06|1840
34|2025-10-07|1525
34|2025-10-08|1575
34|2025-10-09|1308
34|2025-10-10|1361
34|2025-10-13|1152
34|2025-10-14|1368
34|2025-10-15|1504
34|2025-10-16|1430
34|2025-10-17|1364
34|2025-10-20|1429
34|2025-10-21|1341
34|2025-10-22|1225
34|2025-10-23|1326
34|2025-10-24|1634
34|2025-10-27|1807
34|2025-10-28|1624
34|2025-10-29|1558
34|2025-10-30|1534
34|2025-10-31|1680
34|2025-11-03|2008
34|2025-11-04|1501
34|2025-11-05|1521
34|2025-11-06|1417
34|2025-11-07|1634
34|2025-11-10|1537
34|2025-11-11|1066
34|2025-11-12|1351
34|2025-11-13|1509
34|2025-11-14|1436
34|2025-11-17|1536
34|2025-11-18|1256
34|2025-11-19|1202
34|2025-11-20|1237
34|2025-11-21|1421
34|2025-11-24|1545
34|2025-11-25|1610
34|2025-11-26|1625
34|2025-11-27|1581
34|2025-11-28|2001
34|2025-12-02|3213
34|2025-12-03|1596
34|2025-12-05|1993
34|2025-12-09|2665
34|2025-12-10|1587
34|2025-12-11|1394
34|2025-12-12|1557
34|2025-12-15|1696
34|2025-12-16|1401
34|2025-12-17|1514
34|2025-12-18|1664
34|2025-12-19|1939
34|2025-12-22|2058
34|2025-12-23|1934
34|2025-12-29|2297
34|2025-12-30|1732
34|2025-12-31|1208
34|2026-01-02|1031
34|2026-01-05|1638
34|2026-01-06|1364
34|2026-01-07|1453
34|2026-01-08|1582
34|2026-01-09|1519
34|2026-01-12|1539
34|2026-01-13|1407
34|2026-01-19|1230
34|2026-01-20|1543
34|2026-01-21|1273
34|2026-01-22|1333
34|2026-01-23|1630
34|2026-01-26|1743
34|2026-01-27|1631
34|2026-01-28|1543
34|2026-01-29|1573
34|2026-01-30|1782
34|2026-02-02|2040
34|2026-02-03|1583
34|2026-02-04|1456
34|2026-02-05|1446
34|2026-02-06|1628
34|2026-02-09|1555
34|2026-02-10|1451
34|2026-02-11|1289
34|2026-02-12|1304
34|2026-02-13|1400
34|2026-02-16|1149
34|2026-02-18|2035
34|2026-02-19|1171
34|2026-02-20|1559
34|2026-02-23|1556
34|2026-02-24|1468
34|2026-02-25|1761
34|2026-02-26|1818
34|2026-02-27|2026
34|2026-03-02|2167
34|2026-03-03|1555
34|2026-03-04|1583
34|2026-03-05|1609
34|2026-03-06|1852
34|2026-03-09|1742
34|2026-03-10|1642
34|2026-03-11|1348
34|2026-03-12|1472
34|2026-03-13|1525
34|2026-03-16|1426
34|2026-03-17|1537
34|2026-03-18|1395
34|2026-03-20|1219
34|2026-03-23|1491
34|2026-03-24|1329
34|2026-03-25|1638
34|2026-03-26|1524
34|2026-03-27|1890
34|2026-03-30|1990
34|2026-03-31|1862
34|2026-04-01|1778
34|2026-04-02|1800
34|2026-04-06|453
34|2026-04-07|2793
34|2026-04-08|1854
34|2026-04-09|1476
34|2026-04-10|1537
34|2026-04-13|1489
34|2026-04-14|1272
34|2026-04-15|1493
34|2026-04-16|1398
34|2026-04-17|1533
34|2026-04-20|1651
34|2026-04-21|1169
34|2026-04-22|1317
34|2026-04-23|1346
34|2026-04-24|1740
34|2026-04-27|1723
34|2026-04-28|1773
35|2025-02-17|5
35|2025-02-18|2
35|2025-02-19|10
35|2025-02-20|2
35|2025-02-21|3
35|2025-02-24|11
35|2025-02-25|4
35|2025-02-26|3
35|2025-02-27|2
35|2025-02-28|1
35|2025-03-03|1
35|2025-03-05|9
35|2025-03-06|3
35|2025-03-07|4
35|2025-03-10|5
35|2025-03-11|46
35|2025-03-12|1
35|2025-03-13|12
35|2025-03-14|2
35|2025-03-17|4
35|2025-03-18|7
35|2025-03-19|1
35|2025-03-20|8
35|2025-03-21|10
35|2025-03-24|16
35|2025-03-25|8
35|2025-03-26|2
35|2025-03-27|3
35|2025-03-28|4
35|2025-03-31|11
35|2025-04-01|7
35|2025-04-02|17
35|2025-04-03|8
35|2025-04-04|4
35|2025-04-07|8
35|2025-04-08|3
35|2025-04-09|9
35|2025-04-11|5
35|2025-04-14|5
35|2025-04-15|3
35|2025-04-16|5
35|2025-04-17|3
35|2025-04-21|4
35|2025-04-22|3
35|2025-04-23|7
35|2025-04-24|4
35|2025-04-28|9
35|2025-04-29|4
35|2025-04-30|3
35|2025-05-02|2
35|2025-05-05|3
35|2025-05-06|7
35|2025-05-07|8
35|2025-05-08|14
35|2025-05-09|15
35|2025-05-12|8
35|2025-05-13|11
35|2025-05-14|8
35|2025-05-15|3
35|2025-05-16|3
35|2025-05-19|7
35|2025-05-20|6
35|2025-05-21|10
35|2025-05-22|2
35|2025-05-23|7
35|2025-05-26|2
35|2025-05-27|8
35|2025-05-28|6
35|2025-05-29|7
35|2025-05-30|1
35|2025-06-02|6
35|2025-06-03|5
35|2025-06-04|2
35|2025-06-05|1
35|2025-06-06|6
35|2025-06-09|1
35|2025-06-11|2
35|2025-06-12|4
35|2025-06-17|9
35|2025-06-18|7
35|2025-06-20|6
35|2025-06-23|2
35|2025-06-24|15
35|2025-06-25|21
35|2025-06-26|9
35|2025-06-27|4
35|2025-06-30|4
35|2025-07-01|21
35|2025-07-02|11
35|2025-07-03|12
35|2025-07-04|1
35|2025-07-07|2
35|2025-07-08|4
35|2025-07-10|3
35|2025-07-11|4
35|2025-07-14|2
35|2025-07-15|1
35|2025-07-16|3
35|2025-07-17|2
35|2025-07-18|2
35|2025-07-21|3
35|2025-07-22|3
35|2025-07-23|1
35|2025-07-24|5
35|2025-07-25|8
35|2025-07-28|12
35|2025-07-29|2
35|2025-07-30|2
35|2025-07-31|1
35|2025-08-01|1
35|2025-08-04|3
35|2025-08-05|2
35|2025-08-06|2
35|2025-08-07|6
35|2025-08-08|2
35|2025-08-12|5
35|2025-08-13|2
35|2025-08-14|4
35|2025-08-18|2
35|2025-08-19|5
35|2025-08-20|3
35|2025-08-21|2
35|2025-08-22|2
35|2025-08-25|5
35|2025-08-26|2
35|2025-08-27|2
35|2025-08-28|2
35|2025-08-29|7
35|2025-09-01|2
35|2025-09-02|1
35|2025-09-03|3
35|2025-09-04|5
35|2025-09-08|1
35|2025-09-09|5
35|2025-09-11|2
35|2025-09-12|1
35|2025-09-15|8
35|2025-09-16|5
35|2025-09-17|5
35|2025-09-18|4
35|2025-09-19|2
35|2025-09-22|4
35|2025-09-23|1
35|2025-09-24|3
35|2025-09-25|4
35|2025-09-26|2
35|2025-09-29|2
35|2025-09-30|2
35|2025-10-01|2
35|2025-10-02|1
35|2025-10-03|1
35|2025-10-06|5
35|2025-10-07|1
35|2025-10-08|4
35|2025-10-09|5
35|2025-10-13|4
35|2025-10-14|2
35|2025-10-15|5
35|2025-10-16|5
35|2025-10-17|5
35|2025-10-20|5
35|2025-10-21|2
35|2025-10-22|3
35|2025-10-23|2
35|2025-10-24|1
35|2025-10-27|3
35|2025-10-28|1
35|2025-10-29|4
35|2025-10-30|7
35|2025-10-31|4
35|2025-11-03|8
35|2025-11-04|9
35|2025-11-05|5
35|2025-11-06|4
35|2025-11-07|5
35|2025-11-10|7
35|2025-11-11|5
35|2025-11-12|3
35|2025-11-13|15
35|2025-11-14|10
35|2025-11-17|9
35|2025-11-18|9
35|2025-11-19|6
35|2025-11-20|9
35|2025-11-21|7
35|2025-11-24|4
35|2025-11-25|5
35|2025-11-26|4
35|2025-11-27|10
35|2025-11-28|11
35|2025-12-02|12
35|2025-12-03|4
35|2025-12-05|9
35|2025-12-04|3
35|2025-12-09|3
35|2025-12-10|9
35|2025-12-11|5
35|2025-12-12|12
35|2025-12-15|6
35|2025-12-16|4
35|2025-12-17|9
35|2025-12-18|4
35|2025-12-19|2
35|2025-12-22|6
35|2025-12-29|4
35|2025-12-30|5
35|2026-01-02|1
35|2026-01-05|4
35|2026-01-06|7
35|2026-01-07|5
35|2026-01-08|8
35|2026-01-09|4
35|2026-01-12|9
35|2026-01-13|3
35|2026-01-19|3
35|2026-01-20|6
35|2026-01-21|5
35|2026-01-22|2
35|2026-01-23|6
35|2026-01-26|11
35|2026-01-27|2
35|2026-01-28|5
35|2026-01-29|4
35|2026-01-30|6
35|2026-02-02|5
35|2026-02-03|6
35|2026-02-04|4
35|2026-02-05|1
35|2026-02-06|4
35|2026-02-09|2
35|2026-02-10|13
35|2026-02-11|9
35|2026-02-12|5
35|2026-02-13|6
35|2026-02-16|8
35|2026-02-18|6
35|2026-02-19|5
35|2026-02-20|3
35|2026-02-23|7
35|2026-02-24|2
35|2026-02-25|4
35|2026-02-26|1
35|2026-02-27|7
35|2026-03-02|8
35|2026-03-03|5297
35|2026-03-05|6
35|2026-03-06|1
35|2026-03-09|9
35|2026-03-10|4
35|2026-03-11|2
35|2026-03-12|4
35|2026-03-13|3
35|2026-03-16|2
35|2026-03-17|8
35|2026-03-18|3
35|2026-03-19|6
35|2026-03-20|3
35|2026-03-23|5
35|2026-03-24|2
35|2026-03-25|6
35|2026-03-26|4
35|2026-03-27|5
35|2026-03-30|4
35|2026-04-01|4
35|2026-04-06|5
35|2026-04-07|5
35|2026-04-09|5
35|2026-04-10|2
35|2026-04-13|8
35|2026-04-15|2
35|2026-04-16|4
35|2026-04-17|1
35|2026-04-20|6
35|2026-04-21|6
35|2026-04-22|2
35|2026-04-23|10
35|2026-04-24|4
35|2026-04-27|8
35|2026-04-28|3
36|2026-03-24|1
37|2025-02-18|6
37|2025-02-20|4
37|2025-02-24|1
37|2025-02-27|4
37|2025-02-28|9
37|2025-03-03|1
37|2025-03-05|4
37|2025-03-06|1
37|2025-03-07|1
37|2025-03-10|8
37|2025-03-11|4
37|2025-03-17|1
37|2025-03-20|1
37|2025-03-25|2
37|2025-03-28|2
37|2025-03-31|3
37|2025-04-04|1
37|2025-04-14|12
37|2025-04-16|2
37|2025-04-21|3
37|2025-04-22|4
37|2025-05-06|3
37|2025-05-09|11
37|2025-05-12|11
37|2025-05-13|10
37|2025-05-14|4
37|2025-05-15|45
37|2025-05-19|1
37|2025-05-21|4
37|2025-05-22|5
37|2025-05-23|3
37|2025-05-26|1
37|2025-05-27|2
37|2025-05-28|2
37|2025-05-30|5
37|2025-06-02|4
37|2025-06-06|1
37|2025-06-11|1
37|2025-06-12|2
37|2025-06-18|1
37|2025-06-20|9
37|2025-06-23|1
37|2025-06-25|1
37|2025-07-01|8
37|2025-07-09|1
37|2025-07-11|1
37|2025-07-15|4
37|2025-07-16|3
37|2025-07-17|2
37|2025-07-18|1
37|2025-07-25|1
37|2025-07-28|1
37|2025-07-29|2
37|2025-07-30|3
37|2025-08-05|4
37|2025-08-06|4
37|2025-08-07|10
37|2025-08-08|4
37|2025-08-12|5
37|2025-08-14|1
37|2025-08-22|2
37|2025-09-01|10
37|2025-09-02|1
37|2025-09-03|1
37|2025-09-04|1
37|2025-09-12|10
37|2025-09-15|13
37|2025-09-16|17
37|2025-09-17|10
37|2025-09-18|10
37|2025-09-19|2
37|2025-09-26|1
37|2025-10-01|1
37|2025-10-02|1
37|2025-10-07|2
37|2025-10-09|1
37|2025-10-10|2
37|2025-10-15|4
37|2025-10-16|3
37|2025-10-17|1
37|2025-10-21|2
37|2025-10-22|2
37|2025-10-27|1
37|2025-10-28|1
37|2025-10-30|2
37|2025-10-31|1
37|2025-11-04|2
37|2025-11-10|1
37|2025-11-18|2
37|2025-11-19|4
37|2025-11-20|7
37|2025-11-21|5
37|2025-11-26|4
37|2025-11-27|1
37|2025-12-02|4
37|2025-12-03|8
37|2025-12-05|4
37|2025-12-04|5
37|2025-12-09|6
37|2025-12-10|5
37|2025-12-11|1
37|2025-12-23|2
37|2025-12-29|5
37|2025-12-30|5
37|2026-01-05|1
37|2026-01-12|7
37|2026-01-13|2
37|2026-01-22|1
37|2026-01-23|1
37|2026-01-27|6
37|2026-01-28|2
37|2026-01-29|4
37|2026-02-05|3
37|2026-02-06|3
37|2026-02-09|1
37|2026-02-11|2
37|2026-02-12|2
37|2026-02-13|8
37|2026-02-20|9
37|2026-02-23|1
37|2026-02-24|8
37|2026-02-25|7
37|2026-02-26|1
37|2026-03-03|1
37|2026-03-04|1
37|2026-03-09|7
37|2026-03-10|8
37|2026-03-16|1
37|2026-03-17|1
37|2026-03-18|1
37|2026-03-20|1
37|2026-03-23|2
37|2026-03-24|3
37|2026-03-27|1
37|2026-03-31|1
37|2026-04-07|3
37|2026-04-13|1
37|2026-04-14|6
37|2026-04-15|2
37|2026-04-16|1
37|2026-04-20|1
37|2026-04-21|1
37|2026-04-22|1
37|2026-04-23|2
37|2026-04-24|1
37|2026-04-28|1
38|2025-02-17|8
38|2025-02-18|11
38|2025-02-19|15
38|2025-02-20|16
38|2025-02-21|20
38|2025-02-25|15
38|2025-02-26|18
38|2025-02-27|12
38|2025-02-28|18
38|2025-03-03|13
38|2025-03-05|13
38|2025-03-06|17
38|2025-03-07|18
38|2025-03-10|19
38|2025-03-11|14
38|2025-03-12|8
38|2025-03-13|12
38|2025-03-14|19
38|2025-03-17|21
38|2025-03-18|16
38|2025-03-19|19
38|2025-03-20|13
38|2025-03-21|15
38|2025-03-24|16
38|2025-03-25|17
38|2025-03-26|14
38|2025-03-27|23
38|2025-03-28|19
38|2025-03-31|13
38|2025-04-01|12
38|2025-04-02|14
38|2025-04-03|11
38|2025-04-04|15
38|2025-04-07|16
38|2025-04-08|16
38|2025-04-09|13
38|2025-04-10|13
38|2025-04-11|14
38|2025-04-14|16
38|2025-04-15|14
38|2025-04-16|12
38|2025-04-17|11
38|2025-04-21|13
38|2025-04-22|18
38|2025-04-23|11
38|2025-04-24|21
38|2025-04-28|11
38|2025-04-29|16
38|2025-04-30|21
38|2025-05-02|26
38|2025-05-05|2
38|2025-05-06|19
38|2025-05-07|15
38|2025-05-08|13
38|2025-05-09|15
38|2025-05-12|11
38|2025-05-13|9
38|2025-05-14|14
38|2025-05-15|8
38|2025-05-16|11
38|2025-05-19|12
38|2025-05-20|19
38|2025-05-21|21
38|2025-05-22|11
38|2025-05-23|11
38|2025-05-26|11
38|2025-05-27|15
38|2025-05-28|16
38|2025-05-29|8
38|2025-05-30|13
38|2025-06-02|13
38|2025-06-03|13
38|2025-06-04|19
38|2025-06-05|14
38|2025-06-06|21
38|2025-06-09|14
38|2025-06-11|16
38|2025-06-12|13
38|2025-06-13|16
38|2025-06-16|12
38|2025-06-17|14
38|2025-06-18|25
38|2025-06-20|16
38|2025-06-23|17
38|2025-06-24|16
38|2025-06-25|6
38|2025-06-26|20
38|2025-06-27|19
38|2025-06-30|15
38|2025-07-01|15
38|2025-07-02|11
38|2025-07-03|13
38|2025-07-04|19
38|2025-07-07|18
38|2025-07-08|20
38|2025-07-09|12
38|2025-07-10|20
38|2025-07-11|23
38|2025-07-14|14
38|2025-07-15|19
38|2025-07-16|20
38|2025-07-17|17
38|2025-07-18|23
38|2025-07-21|17
38|2025-07-22|17
38|2025-07-23|15
38|2025-07-24|21
38|2025-07-25|16
38|2025-07-28|20
38|2025-07-29|16
38|2025-07-30|15
38|2025-07-31|21
38|2025-08-01|26
38|2025-08-04|16
38|2025-08-05|17
38|2025-08-06|11
38|2025-08-07|16
38|2025-08-08|15
38|2025-08-11|14
38|2025-08-12|24
38|2025-08-13|22
38|2025-08-14|17
38|2025-08-18|15
38|2025-08-19|16
38|2025-08-20|15
38|2025-08-21|11
38|2025-08-22|17
38|2025-08-25|15
38|2025-08-26|14
38|2025-08-27|20
38|2025-08-28|22
38|2025-08-29|29
38|2025-09-01|15
38|2025-09-02|16
38|2025-09-03|23
38|2025-09-04|15
38|2025-09-05|18
38|2025-09-08|22
38|2025-09-09|19
38|2025-09-10|8
38|2025-09-11|9
38|2025-09-12|21
38|2025-09-15|14
38|2025-09-16|19
38|2025-09-17|14
38|2025-09-18|12
38|2025-09-19|12
38|2025-09-22|13
38|2025-09-23|12
38|2025-09-24|14
38|2025-09-25|14
38|2025-09-26|19
38|2025-09-29|14
38|2025-09-30|17
38|2025-10-01|16
38|2025-10-02|12
38|2025-10-03|24
38|2025-10-06|13
38|2025-10-07|16
38|2025-10-08|12
38|2025-10-09|21
38|2025-10-10|16
38|2025-10-13|12
38|2025-10-14|20
38|2025-10-15|13
38|2025-10-16|13
38|2025-10-17|17
38|2025-10-20|19
38|2025-10-21|18
38|2025-10-22|18
38|2025-10-23|13
38|2025-10-24|20
38|2025-10-27|11
38|2025-10-28|11
38|2025-10-29|18
38|2025-10-30|16
38|2025-10-31|18
38|2025-11-03|14
38|2025-11-04|16
38|2025-11-05|13
38|2025-11-06|11
38|2025-11-07|23
38|2025-11-10|19
38|2025-11-11|16
38|2025-11-12|15
38|2025-11-13|21
38|2025-11-14|11
38|2025-11-17|16
38|2025-11-18|14
38|2025-11-19|17
38|2025-11-20|22
38|2025-11-21|23
38|2025-11-24|14
38|2025-11-25|14
38|2025-11-26|15
38|2025-11-27|11
38|2025-11-28|12
38|2025-12-02|14
38|2025-12-03|11
38|2025-12-05|14
38|2025-12-04|16
38|2025-12-09|16
38|2025-12-10|18
38|2025-12-11|13
38|2025-12-12|21
38|2025-12-15|21
38|2025-12-16|16
38|2025-12-17|16
38|2025-12-18|22
38|2025-12-19|21
38|2025-12-22|31
38|2025-12-23|26
38|2025-12-29|15
38|2025-12-30|18
38|2025-12-31|8
38|2026-01-02|17
38|2026-01-05|16
38|2026-01-06|21
38|2026-01-07|27
38|2026-01-08|18
38|2026-01-09|18
38|2026-01-12|24
38|2026-01-13|14
38|2026-01-19|11
38|2026-01-20|12
38|2026-01-21|9
38|2026-01-22|7
38|2026-01-23|13
38|2026-01-26|14
38|2026-01-27|11
38|2026-01-28|12
38|2026-01-29|10
38|2026-01-30|11
38|2026-02-02|8
38|2026-02-03|20
38|2026-02-04|12
38|2026-02-05|21
38|2026-02-06|9
38|2026-02-09|11
38|2026-02-10|15
38|2026-02-11|13
38|2026-02-12|15
38|2026-02-13|13
38|2026-02-16|19
38|2026-02-18|10
38|2026-02-19|21
38|2026-02-20|13
38|2026-02-23|18
38|2026-02-24|20
38|2026-02-25|18
38|2026-02-26|20
38|2026-02-27|23
38|2026-03-02|21
38|2026-03-03|17
38|2026-03-04|24
38|2026-03-05|12
38|2026-03-06|18
38|2026-03-09|10
38|2026-03-10|19
38|2026-03-11|15
38|2026-03-12|12
38|2026-03-16|13
38|2026-03-17|15
38|2026-03-18|9
38|2026-03-19|19
38|2026-03-20|19
38|2026-03-23|14
38|2026-03-24|16
38|2026-03-25|12
38|2026-03-26|14
38|2026-03-27|22
38|2026-03-30|22
38|2026-03-31|20
38|2026-04-01|18
38|2026-04-02|14
38|2026-04-06|19
38|2026-04-07|22
38|2026-04-08|12
38|2026-04-09|9
38|2026-04-10|8
38|2026-04-13|16
38|2026-04-14|17
38|2026-04-15|19
38|2026-04-16|16
38|2026-04-17|19
38|2026-04-20|26
38|2026-04-21|14
38|2026-04-22|13
38|2026-04-23|20
38|2026-04-24|15
38|2026-04-27|13
38|2026-04-28|19
39|2025-05-05|17
39|2025-12-03|1
40|2025-02-17|7599983
40|2025-02-18|1860552
40|2025-02-19|1951425
40|2025-02-20|2071487
40|2025-02-21|2284879
40|2025-02-24|5099711
40|2025-02-25|2219706
40|2025-02-26|2161490
40|2025-02-27|2345819
40|2025-02-28|3526624
40|2025-03-03|7552559
40|2025-03-05|4415260
40|2025-03-06|2988440
40|2025-03-07|3579601
40|2025-03-10|5676451
40|2025-03-11|2093354
40|2025-03-12|2060923
40|2025-03-13|1952564
40|2025-03-14|2311924
40|2025-03-17|6778576
40|2025-03-18|1953144
40|2025-03-19|1972911
40|2025-03-20|2077296
40|2025-03-21|2233197
40|2025-03-24|6055057
40|2025-03-25|2256632
40|2025-03-26|2038650
40|2025-03-27|2120731
40|2025-03-28|2764511
40|2025-03-31|6374909
40|2025-04-01|3165450
40|2025-04-02|3075907
40|2025-04-03|2421847
40|2025-04-04|3607502
40|2025-04-07|6460567
40|2025-04-08|2770140
40|2025-04-09|2204791
40|2025-04-10|2227389
40|2025-04-11|2232805
40|2025-04-14|6727034
40|2025-04-15|2262044
40|2025-04-16|2216605
40|2025-04-17|2385137
40|2025-04-21|5787855
40|2025-04-22|2385159
40|2025-04-23|2178750
40|2025-04-24|2358836
40|2025-04-28|7198355
40|2025-04-29|2623678
40|2025-04-30|3259483
40|2025-05-02|6675846
40|2025-05-05|6311749
40|2025-05-06|3050941
40|2025-05-07|2473907
40|2025-05-08|2905363
40|2025-05-09|2405915
40|2025-05-12|7197626
40|2025-05-13|2086360
40|2025-05-14|2060110
40|2025-05-15|2351039
40|2025-05-16|2431298
40|2025-05-19|5123341
40|2025-05-20|2204512
40|2025-05-21|2085360
40|2025-05-22|2339122
40|2025-05-23|2476965
40|2025-05-26|6257949
40|2025-05-27|2189927
40|2025-05-28|2458633
40|2025-05-29|2552198
40|2025-05-30|3232534
40|2025-06-02|7683870
40|2025-06-03|2743951
40|2025-06-04|2462120
40|2025-06-05|2869985
40|2025-06-06|4237402
40|2025-06-09|5900653
40|2025-06-11|4035762
40|2025-06-12|2214644
40|2025-06-13|2322380
40|2025-06-16|7216791
40|2025-06-17|2089574
40|2025-06-18|2147422
40|2025-06-20|4155305
40|2025-06-23|6606968
40|2025-06-24|1985424
40|2025-06-25|2310424
40|2025-06-26|2325380
40|2025-06-27|2810800
40|2025-06-30|6863344
40|2025-07-01|3442529
40|2025-07-02|3216663
40|2025-07-03|2576416
40|2025-07-04|3786775
40|2025-07-07|6701744
40|2025-07-08|3002927
40|2025-07-09|2331724
40|2025-07-10|2364489
40|2025-07-11|2354810
40|2025-07-14|7101073
40|2025-07-15|2412746
40|2025-07-16|2240032
40|2025-07-17|2085242
40|2025-07-18|2353717
40|2025-07-21|5496946
40|2025-07-22|2311048
40|2025-07-23|2128681
40|2025-07-24|2118818
40|2025-07-25|2398092
40|2025-07-28|6416151
40|2025-07-29|2274842
40|2025-07-30|2590016
40|2025-07-31|3012010
40|2025-08-01|4395026
40|2025-08-04|6943434
40|2025-08-05|2720905
40|2025-08-06|2945060
40|2025-08-07|2278141
40|2025-08-08|3044079
40|2025-08-11|7288019
40|2025-08-12|2164519
40|2025-08-13|2147255
40|2025-08-14|2336840
40|2025-08-15|0
40|2025-08-18|7026277
40|2025-08-19|2042240
40|2025-08-20|2076612
40|2025-08-21|2074492
40|2025-08-22|2602431
40|2025-08-25|6132444
40|2025-08-26|2023983
40|2025-08-27|2214187
40|2025-08-28|2622414
40|2025-08-29|3067234
40|2025-09-01|7053183
40|2025-09-02|2968389
40|2025-09-03|2480289
40|2025-09-04|2424708
40|2025-09-05|3638314
40|2025-09-08|6794066
40|2025-09-09|2248763
40|2025-09-10|2256231
40|2025-09-11|2214763
40|2025-09-12|2242732
40|2025-09-15|7276460
40|2025-09-16|2276398
40|2025-09-17|2043669
40|2025-09-18|1995218
40|2025-09-19|2524918
40|2025-09-22|5538887
40|2025-09-23|2124421
40|2025-09-24|2066593
40|2025-09-25|2304619
40|2025-09-26|2483259
40|2025-09-29|6847029
40|2025-09-30|3153110
40|2025-10-01|3493956
40|2025-10-02|3197573
40|2025-10-03|3806405
40|2025-10-06|6869148
40|2025-10-07|2566920
40|2025-10-08|2888894
40|2025-10-09|0
40|2025-10-10|2440014
40|2025-10-13|7079255
40|2025-10-14|2085025
40|2025-10-15|2398991
40|2025-10-16|2168445
40|2025-10-17|2290801
40|2025-10-20|5405188
40|2025-10-21|2088745
40|2025-10-22|2270303
40|2025-10-23|2165938
40|2025-10-24|2317643
40|2025-10-27|6292164
40|2025-10-28|2267346
40|2025-10-29|2323058
40|2025-10-30|2558446
40|2025-10-31|3349547
40|2025-11-03|7807704
40|2025-11-04|2601718
40|2025-11-05|2730013
40|2025-11-06|2887230
40|2025-11-07|3692223
40|2025-11-10|6203765
40|2025-11-11|2181170
40|2025-11-12|2099969
40|2025-11-13|1976624
40|2025-11-14|2347692
40|2025-11-17|7079841
40|2025-11-18|2032537
40|2025-11-19|2086501
40|2025-11-20|2298047
40|2025-11-21|2481850
40|2025-11-24|6597236
40|2025-11-25|2446077
40|2025-11-26|2312810
40|2025-11-27|2705193
40|2025-11-28|3734683
40|2025-12-02|10689425
40|2025-12-03|2729561
40|2025-12-05|4443561
40|2025-12-04|2652579
40|2025-12-09|8918870
40|2025-12-10|2548652
40|2025-12-11|2377626
40|2025-12-12|2481139
40|2025-12-15|7914781
40|2025-12-16|2517467
40|2025-12-17|2357588
40|2025-12-18|2345057
40|2025-12-19|2839000
40|2025-12-22|6870989
40|2025-12-23|2976805
40|2025-12-29|6501746
40|2025-12-30|2965642
40|2025-12-31|2972089
40|2026-01-02|5934775
40|2026-01-05|5981548
40|2026-01-06|2933995
40|2026-01-07|2502808
40|2026-01-08|2793569
40|2026-01-09|2427411
40|2026-01-12|7194181
40|2026-01-13|2061026
40|2026-01-19|5254154
40|2026-01-20|2190890
40|2026-01-21|2085851
40|2026-01-22|2248180
40|2026-01-23|2267519
40|2026-01-26|6062970
40|2026-01-27|2029946
40|2026-01-28|2233234
40|2026-01-29|2374131
40|2026-01-30|3133539
40|2026-02-02|7614281
40|2026-02-03|2590246
40|2026-02-04|2400288
40|2026-02-05|2785521
40|2026-02-06|4101885
40|2026-02-09|5788238
40|2026-02-10|2276087
40|2026-02-11|2114236
40|2026-02-12|2148254
40|2026-02-13|2205345
40|2026-02-16|8253368
40|2026-02-18|3611779
40|2026-02-19|2127384
40|2026-02-20|2553469
40|2026-02-23|5568340
40|2026-02-24|2110857
40|2026-02-25|2384844
40|2026-02-26|2594448
40|2026-02-27|3441837
40|2026-03-02|8257898
40|2026-03-03|2818143
40|2026-03-04|2436125
40|2026-03-05|2888570
40|2026-03-06|4299061
40|2026-03-09|6253880
40|2026-03-10|2372278
40|2026-03-11|2214068
40|2026-03-12|2108573
40|2026-03-13|2298501
40|2026-03-16|7397812
40|2026-03-17|2056999
40|2026-03-18|2072796
40|2026-03-19|2141526
40|2026-03-20|2527055
40|2026-03-23|6498506
40|2026-03-24|2170936
40|2026-03-25|2228860
40|2026-03-26|2187175
40|2026-03-27|2570794
40|2026-03-30|6135214
40|2026-03-31|3111755
40|2026-04-01|3345172
40|2026-04-02|4568146
40|2026-04-06|7760834
40|2026-04-07|3092437
40|2026-04-08|3064642
40|2026-04-09|2377416
40|2026-04-10|2483650
40|2026-04-13|7105084
40|2026-04-14|2174656
40|2026-04-15|2389566
40|2026-04-16|2296955
40|2026-04-17|2353253
40|2026-04-20|5804422
40|2026-04-21|2228323
40|2026-04-22|2322932
40|2026-04-23|2258692
40|2026-04-24|2495251
40|2026-04-27|6480104
40|2026-04-28|2522383
41|2025-02-17|4832005
41|2025-02-18|1300129
41|2025-02-19|1265262
41|2025-02-20|1305768
41|2025-02-21|1367695
41|2025-02-24|4215811
41|2025-02-25|1286225
41|2025-02-26|1315177
41|2025-02-27|1366278
41|2025-02-28|1527574
41|2025-03-03|5866838
41|2025-03-04|25311
41|2025-03-05|2897728
41|2025-03-06|1847107
41|2025-03-07|1959214
41|2025-03-10|4216039
41|2025-03-11|1297548
41|2025-03-12|1330279
41|2025-03-13|1304314
41|2025-03-14|1337190
41|2025-03-17|4623385
41|2025-03-18|1267299
41|2025-03-19|1258491
41|2025-03-20|1283114
41|2025-03-21|1278074
41|2025-03-24|3988092
41|2025-03-25|1239809
41|2025-03-26|1295026
41|2025-03-27|1289616
41|2025-03-28|1385030
41|2025-03-31|4333276
41|2025-04-01|2494613
41|2025-04-02|1551364
41|2025-04-03|1489309
41|2025-04-04|2138834
41|2025-04-07|4569307
41|2025-04-08|1493266
41|2025-04-09|1468392
41|2025-04-10|1436557
41|2025-04-11|1433463
41|2025-04-14|3948539
41|2025-04-15|1948849
41|2025-04-16|1333182
41|2025-04-17|1350040
41|2025-04-21|4864485
41|2025-04-22|1308405
41|2025-04-23|1234566
41|2025-04-24|1282214
41|2025-04-28|5085481
41|2025-04-29|938143
41|2025-04-30|1288786
41|2025-05-02|4396073
41|2025-05-05|4370460
41|2025-05-06|1747973
41|2025-05-07|1609286
41|2025-05-08|1534311
41|2025-05-09|1515959
41|2025-05-12|4149487
41|2025-05-13|1306957
41|2025-05-14|1299962
41|2025-05-15|2015215
41|2025-05-16|1381368
41|2025-05-19|3993568
41|2025-05-20|1256647
41|2025-05-21|1274793
41|2025-05-22|1515674
41|2025-05-23|1340209
41|2025-05-26|3951911
41|2025-05-27|1269377
41|2025-05-28|1301607
41|2025-05-29|1368084
41|2025-05-30|1557964
41|2025-06-02|5487710
41|2025-06-03|1469604
41|2025-06-04|1413658
41|2025-06-05|1517641
41|2025-06-06|2201757
41|2025-06-09|4429181
41|2025-06-10|15220
41|2025-06-11|2525191
41|2025-06-12|1342644
41|2025-06-13|1319951
41|2025-06-16|4611743
41|2025-06-17|1347494
41|2025-06-18|1250710
41|2025-06-19|14332
41|2025-06-20|2501461
41|2025-06-23|4203814
41|2025-06-24|1326654
41|2025-06-25|1240369
41|2025-06-26|1333380
41|2025-06-27|1411593
41|2025-06-30|4354743
41|2025-07-01|2612413
41|2025-07-02|1623576
41|2025-07-03|1575174
41|2025-07-04|2213745
41|2025-07-07|4669836
41|2025-07-08|1538297
41|2025-07-09|1522075
41|2025-07-10|1492817
41|2025-07-11|1479322
41|2025-07-14|4118748
41|2025-07-15|2109370
41|2025-07-16|1380928
41|2025-07-17|1383821
41|2025-07-18|1396086
41|2025-07-21|4033666
41|2025-07-22|1567031
41|2025-07-23|1325988
41|2025-07-24|1349273
41|2025-07-25|1323147
41|2025-07-28|3966627
41|2025-07-29|1344600
41|2025-07-30|1405605
41|2025-07-31|1453394
41|2025-08-01|3151949
41|2025-08-04|4489280
41|2025-08-05|1448615
41|2025-08-06|1941402
41|2025-08-07|1452959
41|2025-08-08|1605196
41|2025-08-11|4210792
41|2025-08-12|1355729
41|2025-08-13|1384271
41|2025-08-14|1370100
41|2025-08-15|49011
41|2025-08-18|5859089
41|2025-08-19|1352512
41|2025-08-20|1321625
41|2025-08-21|1317038
41|2025-08-22|1600313
41|2025-08-25|3830506
41|2025-08-26|1218131
41|2025-08-27|1394480
41|2025-08-28|1360795
41|2025-08-29|1474294
41|2025-09-01|5504075
41|2025-09-02|1500560
41|2025-09-03|1474686
41|2025-09-04|1548959
41|2025-09-05|1854251
41|2025-09-08|4680570
41|2025-09-09|1477702
41|2025-09-10|1414486
41|2025-09-11|1379319
41|2025-09-12|1397635
41|2025-09-15|4761068
41|2025-09-16|1360938
41|2025-09-17|1357086
41|2025-09-18|1322219
41|2025-09-19|1335468
41|2025-09-22|4227012
41|2025-09-23|1280530
41|2025-09-24|1298375
41|2025-09-25|1318149
41|2025-09-26|1410925
41|2025-09-29|4026647
41|2025-09-30|1393658
41|2025-10-01|2703668
41|2025-10-02|1565163
41|2025-10-03|2080353
41|2025-10-06|5021086
41|2025-10-07|1401540
41|2025-10-08|1500148
41|2025-10-09|1497013
41|2025-10-10|1451047
41|2025-10-13|4145277
41|2025-10-14|1280674
41|2025-10-15|2043993
41|2025-10-16|1310096
41|2025-10-17|1412001
41|2025-10-20|3974891
41|2025-10-21|1287450
41|2025-10-22|1522732
41|2025-10-23|1304577
41|2025-10-24|1335892
41|2025-10-27|4011625
41|2025-10-28|1298160
41|2025-10-29|1321698
41|2025-10-30|1375603
41|2025-10-31|1518596
41|2025-11-03|5528216
41|2025-11-04|1482148
41|2025-11-05|1510174
41|2025-11-06|1914075
41|2025-11-07|1866006
41|2025-11-10|4554553
41|2025-11-11|1383376
41|2025-11-12|1364646
41|2025-11-13|1287821
41|2025-11-14|1305069
41|2025-11-17|4621102
41|2025-11-18|1324765
41|2025-11-19|1274662
41|2025-11-20|1362156
41|2025-11-21|1415560
41|2025-11-24|4351615
41|2025-11-25|1305842
41|2025-11-26|1400607
41|2025-11-27|1432831
41|2025-11-28|1563714
41|2025-12-01|57751
41|2025-12-02|7685705
41|2025-12-03|1647276
41|2025-12-08|41412
41|2025-12-05|2116625
41|2025-12-04|1587047
41|2025-12-09|6591323
41|2025-12-10|1470884
41|2025-12-11|1353502
41|2025-12-12|1495955
41|2025-12-15|5107772
41|2025-12-16|1491734
41|2025-12-17|1517127
41|2025-12-18|1545315
41|2025-12-19|1575181
41|2025-12-22|4901389
41|2025-12-23|1655249
41|2025-12-24|21347
41|2025-12-26|4006262
41|2025-12-29|3342365
41|2025-12-30|1429826
41|2025-12-31|1627642
41|2026-01-02|3965910
41|2026-01-05|3815373
41|2026-01-06|1757451
41|2026-01-07|1575878
41|2026-01-08|1489102
41|2026-01-09|1458338
41|2026-01-12|4051472
41|2026-01-13|1280546
41|2026-01-19|3933084
41|2026-01-20|1253350
41|2026-01-21|1295967
41|2026-01-22|1507270
41|2026-01-23|1257471
41|2026-01-26|3810444
41|2026-01-27|1217850
41|2026-01-28|1258153
41|2026-01-29|1274541
41|2026-01-30|1381490
41|2026-02-02|5450660
41|2026-02-03|1421036
41|2026-02-04|1394826
41|2026-02-05|1468110
41|2026-02-06|2152582
41|2026-02-09|4283324
41|2026-02-10|1296904
41|2026-02-11|1316618
41|2026-02-12|1298446
41|2026-02-13|1371863
41|2026-02-16|4626963
41|2026-02-17|49790
41|2026-02-18|2470671
41|2026-02-19|1257065
41|2026-02-20|1333914
41|2026-02-23|4141562
41|2026-02-24|1268724
41|2026-02-25|1298932
41|2026-02-26|1340127
41|2026-02-27|1445615
41|2026-03-02|5791979
41|2026-03-03|1543089
41|2026-03-04|1494816
41|2026-03-05|1600706
41|2026-03-06|2263075
41|2026-03-09|4758041
41|2026-03-10|1366338
41|2026-03-11|1400268
41|2026-03-12|1336650
41|2026-03-13|1458221
41|2026-03-16|4648825
41|2026-03-17|1359871
41|2026-03-18|1325234
41|2026-03-19|1299678
41|2026-03-20|1375941
41|2026-03-23|4250444
41|2026-03-24|1295596
41|2026-03-25|1336368
41|2026-03-26|1283839
41|2026-03-27|1388496
41|2026-03-30|4230290
41|2026-03-31|1437656
41|2026-04-01|2562028
41|2026-04-02|2160633
41|2026-04-06|6111828
41|2026-04-07|1404327
41|2026-04-08|1502241
41|2026-04-09|1486028
41|2026-04-10|1479573
41|2026-04-13|4154139
41|2026-04-14|1327937
41|2026-04-15|1514075
41|2026-04-16|1376397
41|2026-04-17|1414788
41|2026-04-20|4088441
41|2026-04-21|1342991
41|2026-04-22|1591173
41|2026-04-23|1350189
41|2026-04-24|1396565
41|2026-04-27|4116963
41|2026-04-28|1372799
42|2025-02-17|20779
42|2025-02-18|8672
42|2025-02-19|7579
42|2025-02-20|7555
42|2025-02-21|6120
42|2025-02-24|19891
42|2025-02-25|8471
42|2025-02-26|8179
42|2025-02-27|7264
42|2025-02-28|6072
42|2025-03-03|20343
42|2025-03-05|15388
42|2025-03-06|7240
42|2025-03-07|5786
42|2025-03-10|19884
42|2025-03-11|8509
42|2025-03-12|8018
42|2025-03-13|7164
42|2025-03-14|5752
42|2025-03-17|18757
42|2025-03-18|8499
42|2025-03-19|7268
42|2025-03-20|8294
42|2025-03-21|6035
42|2025-03-24|19802
42|2025-03-25|7552
42|2025-03-26|6049
42|2025-03-27|6788
42|2025-03-28|7820
42|2025-03-31|20791
42|2025-04-01|9086
42|2025-04-02|7422
42|2025-04-03|8103
42|2025-04-04|6058
42|2025-04-07|20438
42|2025-04-08|9139
42|2025-04-09|7986
42|2025-04-10|7121
42|2025-04-11|6190
42|2025-04-14|20297
42|2025-04-15|9253
42|2025-04-16|7965
42|2025-04-17|6459
42|2025-04-21|26039
42|2025-04-22|9041
42|2025-04-23|8156
42|2025-04-24|7365
42|2025-04-28|23388
42|2025-04-29|9990
42|2025-04-30|8338
42|2025-05-02|11748
42|2025-05-05|21832
42|2025-05-06|8506
42|2025-05-07|7843
42|2025-05-08|6846
42|2025-05-09|6391
42|2025-05-12|19803
42|2025-05-13|8835
42|2025-05-14|8010
42|2025-05-15|7280
42|2025-05-16|6888
42|2025-05-19|20157
42|2025-05-20|8522
42|2025-05-21|7475
42|2025-05-22|7065
42|2025-05-23|7371
42|2025-05-26|19187
42|2025-05-27|7751
42|2025-05-28|7576
42|2025-05-29|6822
42|2025-05-30|9905
42|2025-06-02|21123
42|2025-06-03|7447
42|2025-06-04|7780
42|2025-06-05|7031
42|2025-06-06|7507
42|2025-06-09|20255
42|2025-06-11|15071
42|2025-06-12|6860
42|2025-06-13|6374
42|2025-06-16|20587
42|2025-06-17|8437
42|2025-06-18|7678
42|2025-06-20|14266
42|2025-06-23|21136
42|2025-06-24|8249
42|2025-06-25|7830
42|2025-06-26|7616
42|2025-06-27|6426
42|2025-06-30|22975
42|2025-07-01|8319
42|2025-07-02|8041
42|2025-07-03|7274
42|2025-07-04|7176
42|2025-07-07|20699
42|2025-07-08|8833
42|2025-07-09|7851
42|2025-07-10|6647
42|2025-07-11|6909
42|2025-07-14|20161
42|2025-07-15|8922
42|2025-07-16|7605
42|2025-07-17|6444
42|2025-07-18|6088
42|2025-07-21|20511
42|2025-07-22|8779
42|2025-07-23|7793
42|2025-07-24|7179
42|2025-07-25|6041
42|2025-07-28|19540
42|2025-07-29|8164
42|2025-07-30|7695
42|2025-07-31|6251
42|2025-08-01|6686
42|2025-08-04|19345
42|2025-08-05|8496
42|2025-08-06|7055
42|2025-08-07|6726
42|2025-08-08|6296
42|2025-08-11|18756
42|2025-08-12|7924
42|2025-08-13|7469
42|2025-08-14|6411
42|2025-08-18|24146
42|2025-08-19|8641
42|2025-08-20|7819
42|2025-08-21|7052
42|2025-08-22|6277
42|2025-08-25|19774
42|2025-08-26|8454
42|2025-08-27|8078
42|2025-08-28|7333
42|2025-08-29|6679
42|2025-09-01|18685
42|2025-09-02|9003
42|2025-09-03|8288
42|2025-09-04|7138
42|2025-09-05|6402
42|2025-09-08|19223
42|2025-09-09|7657
42|2025-09-10|7603
42|2025-09-11|6778
42|2025-09-12|6266
42|2025-09-15|18038
42|2025-09-16|7914
42|2025-09-17|7388
42|2025-09-18|6374
42|2025-09-19|6470
42|2025-09-22|19400
42|2025-09-23|7523
42|2025-09-24|7246
42|2025-09-25|6698
42|2025-09-26|6354
42|2025-09-29|19450
42|2025-09-30|8123
42|2025-10-01|7520
42|2025-10-02|7996
42|2025-10-03|6170
42|2025-10-06|19185
42|2025-10-07|8537
42|2025-10-08|6953
42|2025-10-09|7266
42|2025-10-10|6143
42|2025-10-13|18830
42|2025-10-14|8566
42|2025-10-15|7350
42|2025-10-16|5849
42|2025-10-17|5674
42|2025-10-20|20924
42|2025-10-21|8554
42|2025-10-22|7197
42|2025-10-23|5837
42|2025-10-24|5671
42|2025-10-27|18326
42|2025-10-28|8615
42|2025-10-29|5910
42|2025-10-30|7516
42|2025-10-31|6752
42|2025-11-03|19462
42|2025-11-04|8286
42|2025-11-05|7818
42|2025-11-06|7482
42|2025-11-07|6741
42|2025-11-10|19537
42|2025-11-11|8264
42|2025-11-12|7946
42|2025-11-13|7434
42|2025-11-14|5701
42|2025-11-17|20385
42|2025-11-18|8822
42|2025-11-19|7111
42|2025-11-20|7457
42|2025-11-21|6564
42|2025-11-24|18419
42|2025-11-25|9043
42|2025-11-26|7724
42|2025-11-27|7885
42|2025-11-28|7450
42|2025-12-02|27885
42|2025-12-03|8310
42|2025-12-05|6284
42|2025-12-04|7820
42|2025-12-09|26149
42|2025-12-10|8219
42|2025-12-11|7548
42|2025-12-12|6482
42|2025-12-15|19465
42|2025-12-16|8604
42|2025-12-17|6607
42|2025-12-18|7020
42|2025-12-19|6873
42|2025-12-22|21945
42|2025-12-23|9022
42|2025-12-26|18725
42|2025-12-29|20709
42|2025-12-30|9445
42|2025-12-31|7613
42|2026-01-02|13380
42|2026-01-05|21133
42|2026-01-06|9270
42|2026-01-07|8109
42|2026-01-08|7720
42|2026-01-09|7020
42|2026-01-12|20273
42|2026-01-13|8301
42|2026-01-19|20361
42|2026-01-20|8170
42|2026-01-21|7436
42|2026-01-22|7474
42|2026-01-23|6640
42|2026-01-26|18688
42|2026-01-27|8187
42|2026-01-28|7014
42|2026-01-29|6749
42|2026-01-30|6763
42|2026-02-02|19257
42|2026-02-03|8126
42|2026-02-04|7059
42|2026-02-05|7067
42|2026-02-06|5984
42|2026-02-09|17695
42|2026-02-10|7967
42|2026-02-11|6709
42|2026-02-12|5916
42|2026-02-13|5820
42|2026-02-16|19027
42|2026-02-18|14354
42|2026-02-19|7928
42|2026-02-20|6796
42|2026-02-23|19340
42|2026-02-24|8180
42|2026-02-25|7599
42|2026-02-26|7326
42|2026-02-27|6754
42|2026-03-02|18183
42|2026-03-03|9037
42|2026-03-04|7208
42|2026-03-05|7027
42|2026-03-06|6901
42|2026-03-09|17605
42|2026-03-10|8133
42|2026-03-11|7212
42|2026-03-12|7271
42|2026-03-13|6692
42|2026-03-16|17520
42|2026-03-17|7864
42|2026-03-18|7228
42|2026-03-19|6701
42|2026-03-20|6043
42|2026-03-23|18463
42|2026-03-24|8473
42|2026-03-25|6199
42|2026-03-26|6413
42|2026-03-27|6077
42|2026-03-30|18944
42|2026-04-01|7556
42|2026-04-02|6992
42|2026-04-06|23798
42|2026-04-07|8944
42|2026-04-08|7396
42|2026-04-09|6846
42|2026-04-10|6702
42|2026-04-13|18871
42|2026-04-14|7945
42|2026-04-15|7271
42|2026-04-16|6742
42|2026-04-17|6230
42|2026-04-20|19041
42|2026-04-21|8299
42|2026-04-22|7202
42|2026-04-23|7154
42|2026-04-24|6382
42|2026-04-27|18674
42|2026-04-28|7969
43|2025-02-17|12577671
43|2025-02-18|3210990
43|2025-02-19|3274012
43|2025-02-20|3451887
43|2025-02-21|3713010
43|2025-02-24|9461827
43|2025-02-25|3578356
43|2025-02-26|3543040
43|2025-02-27|3776458
43|2025-02-28|5229515
43|2025-03-03|13541069
43|2025-03-04|25311
43|2025-03-05|8266352
43|2025-03-06|4975419
43|2025-03-07|5593339
43|2025-03-10|10076874
43|2025-03-11|3459936
43|2025-03-12|3444446
43|2025-03-13|3312841
43|2025-03-14|3711286
43|2025-03-17|11546888
43|2025-03-18|3278862
43|2025-03-19|3288386
43|2025-03-20|3420984
43|2025-03-21|3580453
43|2025-03-24|10122241
43|2025-03-25|3647632
43|2025-03-26|3395656
43|2025-03-27|3485986
43|2025-03-28|4216182
43|2025-03-31|10883730
43|2025-04-01|5753350
43|2025-04-02|5508811
43|2025-04-03|3977629
43|2025-04-04|5808213
43|2025-04-07|11140796
43|2025-04-08|4415659
43|2025-04-09|3752003
43|2025-04-10|3746195
43|2025-04-11|3716618
43|2025-04-14|10815970
43|2025-04-15|4271898
43|2025-04-16|3625973
43|2025-04-17|3788547
43|2025-04-21|10833459
43|2025-04-22|3750193
43|2025-04-23|3487637
43|2025-04-24|3698120
43|2025-04-28|12373333
43|2025-04-29|3722875
43|2025-04-30|4660954
43|2025-05-02|11180598
43|2025-05-05|11613735
43|2025-05-06|4967063
43|2025-05-07|4162124
43|2025-05-08|4539752
43|2025-05-09|3972558
43|2025-05-12|11524237
43|2025-05-13|3451529
43|2025-05-14|3416960
43|2025-05-15|4432765
43|2025-05-16|3868882
43|2025-05-19|9255320
43|2025-05-20|3544502
43|2025-05-21|3421601
43|2025-05-22|3923296
43|2025-05-23|3875255
43|2025-05-26|10364032
43|2025-05-27|3523896
43|2025-05-28|3821526
43|2025-05-29|3998428
43|2025-05-30|4863741
43|2025-06-02|14161553
43|2025-06-03|4297291
43|2025-06-04|3925586
43|2025-06-05|4472424
43|2025-06-06|6501759
43|2025-06-09|10486183
43|2025-06-10|15220
43|2025-06-11|6696233
43|2025-06-12|3613790
43|2025-06-13|3703059
43|2025-06-16|11901465
43|2025-06-17|3572895
43|2025-06-18|3447697
43|2025-06-19|14332
43|2025-06-20|6726865
43|2025-06-23|10934040
43|2025-06-24|3446199
43|2025-06-25|3619745
43|2025-06-26|3714946
43|2025-06-27|4297235
43|2025-06-30|11425409
43|2025-07-01|6143847
43|2025-07-02|5728743
43|2025-07-03|4217911
43|2025-07-04|6050295
43|2025-07-07|11459354
43|2025-07-08|4697209
43|2025-07-09|3911714
43|2025-07-10|3939819
43|2025-07-11|3884169
43|2025-07-14|11360465
43|2025-07-15|4588380
43|2025-07-16|3682700
43|2025-07-17|3524006
43|2025-07-18|3800516
43|2025-07-21|9681476
43|2025-07-22|3939882
43|2025-07-23|3514120
43|2025-07-24|3527138
43|2025-07-25|3781698
43|2025-07-28|10540964
43|2025-07-29|3693413
43|2025-07-30|4075037
43|2025-07-31|4535496
43|2025-08-01|7624541
43|2025-08-04|12410379
43|2025-08-05|4258279
43|2025-08-06|4938135
43|2025-08-07|3797187
43|2025-08-08|4711264
43|2025-08-11|11576689
43|2025-08-12|3670108
43|2025-08-13|3587688
43|2025-08-14|3769528
43|2025-08-15|49011
43|2025-08-18|12970676
43|2025-08-19|3539328
43|2025-08-20|3471040
43|2025-08-21|3454664
43|2025-08-22|4256484
43|2025-08-25|10039640
43|2025-08-26|3381347
43|2025-08-27|3672107
43|2025-08-28|4047586
43|2025-08-29|4616007
43|2025-09-01|12730811
43|2025-09-02|5321525
43|2025-09-03|4008457
43|2025-09-04|4045759
43|2025-09-05|5556905
43|2025-09-08|11552703
43|2025-09-09|3875617
43|2025-09-10|3744706
43|2025-09-11|3650897
43|2025-09-12|3699822
43|2025-09-15|12210460
43|2025-09-16|3727364
43|2025-09-17|3454938
43|2025-09-18|3372045
43|2025-09-19|3915148
43|2025-09-22|9923068
43|2025-09-23|3466433
43|2025-09-24|3422509
43|2025-09-25|3690820
43|2025-09-26|3956611
43|2025-09-29|10955374
43|2025-09-30|4741573
43|2025-10-01|6313906
43|2025-10-02|5640059
43|2025-10-03|5959870
43|2025-10-06|12016612
43|2025-10-07|4072547
43|2025-10-08|4467008
43|2025-10-09|0
43|2025-10-10|3967570
43|2025-10-13|11368091
43|2025-10-14|3422462
43|2025-10-15|4530469
43|2025-10-16|3534334
43|2025-10-17|3765102
43|2025-10-20|9447538
43|2025-10-21|3508488
43|2025-10-22|3855431
43|2025-10-23|3529399
43|2025-10-24|3713921
43|2025-10-27|10388032
43|2025-10-28|3708761
43|2025-10-29|3696773
43|2025-10-30|4010398
43|2025-10-31|4941525
43|2025-11-03|14138805
43|2025-11-04|4401641
43|2025-11-05|4304117
43|2025-11-06|4877436
43|2025-11-07|5610454
43|2025-11-10|5051571
43|2025-11-11|3714193
43|2025-11-12|3528004
43|2025-11-13|3319059
43|2025-11-14|3715929
43|2025-11-17|11804718
43|2025-11-18|3474454
43|2025-11-19|3418240
43|2025-11-20|3729445
43|2025-11-21|3970714
43|2025-11-24|11029566
43|2025-11-25|3907025
43|2025-11-26|3781312
43|2025-11-27|4212675
43|2025-11-28|5389784
43|2025-12-01|57751
43|2025-12-03|4758741
43|2025-12-08|41412
43|2025-12-05|6645005
43|2025-12-04|4318051
43|2025-12-09|15610342
43|2025-12-10|4220107
43|2025-12-11|3797295
43|2025-12-12|4044276
43|2025-12-15|13142203
43|2025-12-16|4149818
43|2025-12-17|3936907
43|2025-12-18|3952203
43|2025-12-19|4479098
43|2025-12-22|11860627
43|2025-12-23|4776768
43|2025-12-24|21347
43|2025-12-26|8952444
43|2025-12-29|10001673
43|2025-12-30|4543549
43|2025-12-31|4664023
43|2026-01-02|10021070
43|2026-01-05|10744025
43|2026-01-06|4873628
43|2026-01-07|4129901
43|2026-01-08|4355712
43|2026-01-09|3954284
43|2026-01-12|11373964
43|2026-01-13|3466916
43|2026-01-19|9266975
43|2026-01-20|3570579
43|2026-01-21|3449038
43|2026-01-22|3820142
43|2026-01-23|3591154
43|2026-01-26|9955045
43|2026-01-27|3393116
43|2026-01-28|3552783
43|2026-01-29|3718176
43|2026-01-30|4599711
43|2026-02-02|14097054
43|2026-02-03|4100523
43|2026-02-04|3861247
43|2026-02-05|4322633
43|2026-02-06|6325268
43|2026-02-09|10156277
43|2026-02-10|3750916
43|2026-02-11|3481545
43|2026-02-12|3507475
43|2026-02-13|3631917
43|2026-02-16|12994298
43|2026-02-17|49790
43|2026-02-18|6226691
43|2026-02-19|3477212
43|2026-02-20|3963208
43|2026-02-23|9793116
43|2026-02-24|3509425
43|2026-02-25|3755863
43|2026-02-26|4023885
43|2026-02-27|4963543
43|2026-03-02|15196170
43|2026-03-03|4455795
43|2026-03-04|3997650
43|2026-03-05|4570278
43|2026-03-06|6622058
43|2026-03-09|11094059
43|2026-03-10|3908651
43|2026-03-11|3687495
43|2026-03-12|3524534
43|2026-03-13|3807853
43|2026-03-16|12159358
43|2026-03-17|3553212
43|2026-03-18|3457599
43|2026-03-19|3507545
43|2026-03-20|3968793
43|2026-03-23|10831002
43|2026-03-24|3607447
43|2026-03-25|3625010
43|2026-03-26|3538006
43|2026-03-27|4033083
43|2026-03-30|10454146
43|2026-03-31|4713811
43|2026-04-01|6006857
43|2026-04-02|7616160
43|2026-04-06|13972240
43|2026-04-07|4676037
43|2026-04-08|4647515
43|2026-04-09|3936648
43|2026-04-10|4052400
43|2026-04-13|11336439
43|2026-04-14|3624712
43|2026-04-15|3989090
43|2026-04-17|3830316
43|2026-04-20|9968328
43|2026-04-21|3717095
43|2026-04-22|3975545
43|2026-04-23|3667329
43|2026-04-24|3954623
43|2026-04-27|10684427
43|2026-04-28|4037054
44|2025-11-21|1559
44|2025-11-24|1378
44|2025-11-25|789
44|2025-11-26|1159
44|2025-11-27|480
44|2025-11-28|1966
44|2025-12-02|2088
44|2025-12-03|1066
44|2025-12-05|896
44|2025-12-04|936
44|2025-12-09|2366
44|2025-12-10|1419
44|2025-12-11|1445
44|2025-12-12|1250
44|2025-12-15|1374
44|2025-12-16|1113
44|2025-12-17|876
44|2025-12-18|1277
44|2025-12-19|1036
44|2025-12-22|1114
44|2025-12-23|1117
44|2025-12-26|1916
44|2025-12-29|1398
44|2025-12-30|953
44|2025-12-31|787
44|2026-01-02|1465
44|2026-01-05|1520
44|2026-01-06|1323
44|2026-01-07|1207
44|2026-01-08|872
44|2026-01-09|875
44|2026-01-12|23960
44|2026-01-13|1231
44|2026-01-19|810
44|2026-01-20|1692
44|2026-01-21|1604
44|2026-01-22|1381
44|2026-01-23|1187
44|2026-01-26|1582
44|2026-01-27|942
44|2026-01-28|1252
44|2026-01-29|1461
44|2026-01-30|1214
44|2026-02-02|1060
44|2026-02-03|1488
44|2026-02-04|1949
44|2026-02-05|1277
44|2026-02-06|1460
44|2026-02-09|997
44|2026-02-10|1460
44|2026-02-11|1334
44|2026-02-12|1374
44|2026-02-13|1624
44|2026-02-16|584
44|2026-02-18|2125
44|2026-02-19|1725
44|2026-02-20|1023
44|2026-02-23|1208
44|2026-02-24|1032
44|2026-02-25|1307
44|2026-02-26|1352
44|2026-02-27|1534
44|2026-03-02|2469
44|2026-03-03|2186
44|2026-03-04|1476
44|2026-03-05|1360
44|2026-03-06|1500
44|2026-03-09|1378
44|2026-03-10|1417
44|2026-03-11|1326
44|2026-03-12|1634
44|2026-03-13|1097
44|2026-03-16|1314
44|2026-03-17|977
44|2026-03-18|1273
44|2026-03-19|1276
44|2026-03-20|1431
44|2026-03-23|1311
44|2026-03-24|947
44|2026-03-25|1311
44|2026-03-26|1469
44|2026-03-27|1472
44|2026-03-31|984
44|2026-04-01|1533
44|2026-04-02|1186
44|2026-04-06|514
44|2026-04-07|1352
44|2026-04-08|2073
44|2026-04-09|1372
44|2026-04-10|1457
44|2026-04-13|1062
44|2026-04-14|820
44|2026-04-15|697
44|2026-04-16|900
44|2026-04-17|1393
44|2026-04-20|947
44|2026-04-21|1978
44|2026-04-22|1168
44|2026-04-23|1078
44|2026-04-24|953
44|2026-04-27|1015
44|2026-04-28|613
45|2025-02-17|124904
45|2025-02-18|41637
45|2025-02-19|49746
45|2025-02-20|67077
45|2025-02-21|54316
45|2025-02-24|126414
45|2025-02-25|63954
45|2025-02-26|58194
45|2025-02-27|57097
45|2025-02-28|169245
45|2025-03-03|101329
45|2025-03-05|937976
45|2025-03-06|132632
45|2025-03-07|48738
45|2025-03-10|164500
45|2025-03-11|60525
45|2025-03-12|45223
45|2025-03-13|48799
45|2025-03-14|56420
45|2025-03-17|126170
45|2025-03-18|49920
45|2025-03-19|49716
45|2025-03-20|52280
45|2025-03-21|63147
45|2025-03-24|59290
45|2025-03-25|143639
45|2025-03-26|55931
45|2025-03-27|68851
45|2025-03-28|58821
45|2025-03-31|154754
45|2025-04-01|84201
45|2025-04-02|874118
45|2025-04-03|58370
45|2025-04-04|55819
45|2025-04-07|90484
45|2025-04-08|143114
45|2025-04-09|70834
45|2025-04-10|75128
45|2025-04-11|44160
45|2025-04-14|120100
45|2025-04-15|51752
45|2025-04-16|68221
45|2025-04-17|46911
45|2025-04-21|155080
45|2025-04-22|47588
45|2025-04-23|66165
45|2025-04-24|49705
45|2025-04-28|66109
45|2025-04-29|151064
45|2025-04-30|104346
45|2025-05-02|96931
45|2025-05-05|909694
45|2025-05-06|159643
45|2025-05-07|71088
45|2025-05-08|93232
45|2025-05-09|44293
45|2025-05-12|157321
45|2025-05-13|49377
45|2025-05-14|48878
45|2025-05-15|59231
45|2025-05-16|49328
45|2025-05-19|118254
45|2025-05-20|74821
45|2025-05-21|53973
45|2025-05-22|61435
45|2025-05-23|50710
45|2025-05-26|134985
45|2025-05-27|56841
45|2025-05-28|53710
45|2025-05-29|71324
45|2025-05-30|63338
45|2025-06-02|968850
45|2025-06-03|76289
45|2025-06-04|42028
45|2025-06-05|77767
45|2025-06-06|55093
45|2025-06-09|136094
45|2025-06-11|120209
45|2025-06-12|49642
45|2025-06-13|54354
45|2025-06-16|52344
45|2025-06-17|127390
45|2025-06-18|41887
45|2025-06-20|55833
45|2025-06-23|102122
45|2025-06-24|125872
45|2025-06-25|61122
45|2025-06-26|48570
45|2025-06-27|68416
45|2025-06-30|184347
45|2025-07-01|80586
45|2025-07-02|880463
45|2025-07-03|59047
45|2025-07-04|42599
45|2025-07-07|67075
45|2025-07-08|147152
45|2025-07-09|50064
45|2025-07-10|75866
45|2025-07-11|43128
45|2025-07-14|120483
45|2025-07-15|57342
45|2025-07-16|54135
45|2025-07-17|48499
45|2025-07-18|44625
45|2025-07-21|130353
45|2025-07-22|53024
45|2025-07-23|51658
45|2025-07-24|51868
45|2025-07-25|54418
45|2025-07-28|138646
45|2025-07-29|65807
45|2025-07-30|71721
45|2025-07-31|63841
45|2025-08-01|70880
45|2025-08-04|958320
45|2025-08-05|80263
45|2025-08-06|44618
45|2025-08-07|59361
45|2025-08-08|55693
45|2025-08-11|59122
45|2025-08-12|141936
45|2025-08-13|48693
45|2025-08-14|56177
45|2025-08-18|61164
45|2025-08-19|135935
45|2025-08-20|64984
45|2025-08-21|56082
45|2025-08-22|47463
45|2025-08-25|56916
45|2025-08-26|130779
45|2025-08-27|55362
45|2025-08-28|57044
45|2025-08-29|67800
45|2025-09-01|154868
45|2025-09-02|843573
45|2025-09-03|45165
45|2025-09-04|64897
45|2025-09-05|57933
45|2025-09-08|58692
45|2025-09-09|141451
45|2025-09-10|66311
45|2025-09-11|50031
45|2025-09-12|53178
45|2025-09-15|153326
45|2025-09-16|81159
45|2025-09-17|46712
45|2025-09-18|48214
45|2025-09-19|48409
45|2025-09-22|137706
45|2025-09-23|53906
45|2025-09-24|50262
45|2025-09-25|61262
45|2025-09-26|56015
45|2025-09-29|62003
45|2025-09-30|186632
45|2025-10-01|108089
45|2025-10-02|869252
45|2025-10-03|66884
45|2025-10-06|107166
45|2025-10-07|95519
45|2025-10-08|70871
45|2025-10-09|49369
45|2025-10-10|70325
45|2025-10-13|124683
45|2025-10-14|48178
45|2025-10-15|79642
45|2025-10-16|49897
45|2025-10-17|56533
45|2025-10-20|46489
45|2025-10-21|123669
45|2025-10-22|55091
45|2025-10-23|52588
45|2025-10-24|54639
45|2025-10-27|65725
45|2025-10-28|134473
45|2025-10-29|46047
45|2025-10-30|68764
45|2025-10-31|66587
45|2025-11-03|782648
45|2025-11-04|309392
45|2025-11-05|55953
45|2025-11-06|68603
45|2025-11-07|45464
45|2025-11-10|76553
45|2025-11-11|141330
45|2025-11-12|55413
45|2025-11-13|47153
45|2025-11-14|56719
45|2025-11-17|82416
45|2025-11-18|108254
45|2025-11-19|48696
45|2025-11-20|60780
45|2025-11-21|65156
45|2025-11-24|60862
45|2025-11-25|145122
45|2025-11-26|58939
45|2025-11-27|66241
45|2025-11-28|81857
45|2025-12-02|775571
45|2025-12-03|372386
45|2025-12-05|77609
45|2025-12-04|69603
45|2025-12-09|71616
45|2025-12-10|190933
45|2025-12-11|57174
45|2025-12-12|59450
45|2025-12-15|98811
45|2025-12-16|130900
45|2025-12-17|54709
45|2025-12-18|53534
45|2025-12-19|57008
45|2025-12-22|65190
45|2025-12-23|134575
45|2025-12-29|135455
45|2025-12-30|137683
45|2025-12-31|55892
45|2026-01-02|105541
45|2026-01-05|924451
45|2026-01-06|171589
45|2026-01-07|41900
45|2026-01-08|64450
45|2026-01-09|60640
45|2026-01-12|84078
45|2026-01-13|115812
45|2026-01-19|58566
45|2026-01-20|116477
45|2026-01-21|58180
45|2026-01-22|55837
45|2026-01-23|58337
45|2026-01-26|61361
45|2026-01-27|136191
45|2026-01-28|53130
45|2026-01-29|61294
45|2026-01-30|76705
45|2026-02-02|1011796
45|2026-02-03|79627
45|2026-02-04|57125
45|2026-02-05|60658
45|2026-02-06|63357
45|2026-02-09|66023
45|2026-02-10|168498
45|2026-02-11|42648
45|2026-02-12|53485
45|2026-02-13|47265
45|2026-02-16|94356
45|2026-02-18|127762
45|2026-02-19|83110
45|2026-02-20|68006
45|2026-02-23|62666
45|2026-02-24|120632
45|2026-02-25|63181
45|2026-02-26|80632
45|2026-02-27|67803
45|2026-03-02|1125641
45|2026-03-03|83340
45|2026-03-04|58025
45|2026-03-05|72615
45|2026-03-06|51521
45|2026-03-09|63155
45|2026-03-10|160485
45|2026-03-11|64621
45|2026-03-12|70406
45|2026-03-13|43342
45|2026-03-16|93887
45|2026-03-17|127501
45|2026-03-18|51068
45|2026-03-19|58364
45|2026-03-20|58323
45|2026-03-23|62278
45|2026-03-24|131495
45|2026-03-25|52272
45|2026-03-26|59110
45|2026-03-27|66244
45|2026-03-30|68402
45|2026-04-01|90568
45|2026-04-02|879203
45|2026-04-06|75266
45|2026-04-07|168977
45|2026-04-08|71163
45|2026-04-09|64986
45|2026-04-10|81019
45|2026-04-13|57283
45|2026-04-14|113354
45|2026-04-15|77481
45|2026-04-16|62270
45|2026-04-17|54652
45|2026-04-20|55477
45|2026-04-21|135504
45|2026-04-22|53070
45|2026-04-23|50216
45|2026-04-24|55473
45|2026-04-27|67671
45|2026-04-28|133290
46|2025-02-17|15
46|2025-02-18|10
46|2025-02-19|1
46|2025-02-20|2
46|2025-02-21|11
46|2025-02-24|6
46|2025-02-26|3
46|2025-02-27|1
46|2025-02-28|6
46|2025-03-03|2
46|2025-03-04|16
46|2025-03-05|3
46|2025-03-06|2
46|2025-03-07|1
46|2025-03-10|3
46|2025-03-11|1
46|2025-03-12|1
46|2025-03-14|3
46|2025-03-17|4
46|2025-03-20|2
46|2025-03-24|2
46|2025-03-25|4
46|2025-03-26|4
46|2025-03-27|1
46|2025-03-31|1
46|2025-04-02|1
46|2025-04-03|1
46|2025-04-07|4
46|2025-04-08|1
46|2025-04-09|2
46|2025-04-10|1
46|2025-04-14|3
46|2025-04-15|8
46|2025-04-16|5
46|2025-04-17|1
46|2025-04-23|4
46|2025-04-24|8
46|2025-04-28|3
46|2025-04-29|2
46|2025-05-05|2
46|2025-05-08|1
46|2025-05-09|1
46|2025-05-12|1
46|2025-05-14|3
46|2025-05-15|2
46|2025-05-19|4
46|2025-05-20|2
46|2025-05-22|2
46|2025-05-23|8
46|2025-05-26|3
46|2025-05-27|3
46|2025-05-28|1
46|2025-05-30|5
46|2025-06-02|1
46|2025-06-03|2
46|2025-06-04|1
46|2025-06-09|1
46|2025-06-11|2
46|2025-06-20|1
46|2025-06-23|112
46|2025-06-24|4
46|2025-06-25|4
46|2025-06-26|2
46|2025-06-27|4
46|2025-06-30|5
46|2025-07-01|7
46|2025-07-02|2
46|2025-07-03|2
46|2025-07-04|3
46|2025-07-07|4
46|2025-07-08|1
46|2025-07-10|2
46|2025-07-11|1
46|2025-07-14|8
46|2025-07-16|2
46|2025-07-18|1
46|2025-07-23|3
46|2025-07-24|2
46|2025-07-25|11
46|2025-07-28|1
46|2025-08-04|2
46|2025-08-05|1
46|2025-08-07|1
46|2025-08-08|2
46|2025-08-11|1
46|2025-08-13|1
46|2025-08-15|1
46|2025-08-20|1
46|2025-08-26|14
46|2025-08-27|12
46|2025-08-28|1
46|2025-09-02|2
46|2025-09-03|1
46|2025-09-04|2
46|2025-09-08|7
46|2025-09-10|4
46|2025-09-11|2
46|2025-09-15|4
46|2025-09-16|3
46|2025-09-19|5
46|2025-09-22|2
46|2025-09-23|2
46|2025-09-25|1
46|2025-09-26|2
46|2025-09-29|1
46|2025-10-01|2
46|2025-10-02|2
46|2025-10-06|1
46|2025-10-07|2
46|2025-10-08|1
46|2025-10-09|11
46|2025-10-10|3
46|2025-10-13|5
46|2025-10-14|6
46|2025-10-15|1
46|2025-10-16|4
46|2025-10-17|5
46|2025-10-22|2
46|2025-10-23|1
46|2025-10-24|3
46|2025-10-27|1
46|2025-10-28|2
46|2025-10-29|4
46|2025-10-30|3
46|2025-10-31|2
46|2025-11-04|2
46|2025-11-05|4
46|2025-11-06|1
46|2025-11-07|1
46|2025-11-11|2
46|2025-11-13|1
46|2025-11-17|2
46|2025-11-18|1
46|2025-11-19|4
46|2025-11-20|1
46|2025-11-21|1
46|2025-11-24|2
46|2025-11-27|2
46|2025-11-28|1
46|2025-12-01|1
46|2025-12-02|3
46|2025-12-09|1
46|2025-12-16|1
46|2025-12-17|2
46|2025-12-23|4
46|2025-12-26|1
46|2025-12-30|1
46|2026-01-05|1
46|2026-01-06|1
46|2026-01-09|1
46|2026-01-12|1
46|2026-01-19|1
46|2026-01-20|1
46|2026-01-22|1
46|2026-01-23|1
46|2026-01-26|3
46|2026-01-29|3
46|2026-01-30|3
46|2026-02-04|1
46|2026-02-06|1
46|2026-02-12|3
46|2026-02-17|4
46|2026-02-27|1
46|2026-03-03|1
46|2026-03-04|2
46|2026-03-06|2
46|2026-03-10|1
46|2026-03-11|3
46|2026-03-12|9
46|2026-03-16|1
46|2026-03-17|1
46|2026-03-18|1
46|2026-03-19|3
46|2026-03-25|1
46|2026-03-26|2
46|2026-04-01|1
46|2026-04-06|1
46|2026-04-09|1
46|2026-04-14|1
46|2026-04-15|1
46|2026-04-17|2
46|2026-04-22|2
46|2026-04-23|2
46|2026-04-24|1
265|2025-11-21|1559
265|2025-11-24|1378
265|2025-11-25|789
265|2025-11-26|1159
265|2025-11-27|480
265|2025-11-28|1966
265|2025-12-02|2088
265|2025-12-03|1066
265|2025-12-05|896
265|2025-12-04|936
265|2025-12-09|2366
265|2025-12-10|1419
265|2025-12-11|1445
265|2025-12-12|1250
265|2025-12-15|1374
265|2025-12-16|1113
265|2025-12-17|876
265|2025-12-18|1277
265|2025-12-19|1036
265|2025-12-22|1114
265|2025-12-23|1117
265|2025-12-26|1916
265|2025-12-29|1398
265|2025-12-30|953
265|2025-12-31|787
265|2026-01-02|1465
265|2026-01-05|1520
265|2026-01-06|1323
265|2026-01-07|1207
265|2026-01-08|872
265|2026-01-09|875
265|2026-01-12|23960
265|2026-01-13|1231
265|2026-01-19|810
265|2026-01-20|1692
265|2026-01-21|1604
265|2026-01-22|1381
265|2026-01-23|1187
265|2026-01-26|1582
265|2026-01-27|942
265|2026-01-28|1252
265|2026-01-29|1461
265|2026-01-30|1214
265|2026-02-02|1060
265|2026-02-03|1488
265|2026-02-04|1949
265|2026-02-05|1277
265|2026-02-06|1460
265|2026-02-09|997
265|2026-02-10|1460
265|2026-02-11|1334
265|2026-02-12|1374
265|2026-02-13|1624
265|2026-02-16|584
265|2026-02-18|2125
265|2026-02-19|1725
265|2026-02-20|1023
265|2026-02-23|1208
265|2026-02-24|1032
265|2026-02-25|1307
265|2026-02-26|1352
265|2026-02-27|1534
265|2026-03-02|2469
265|2026-03-03|2186
265|2026-03-04|1476
265|2026-03-05|1360
265|2026-03-06|1500
265|2026-03-09|1378
265|2026-03-10|1417
265|2026-03-11|1326
265|2026-03-12|1634
265|2026-03-13|1097
265|2026-03-16|1314
265|2026-03-17|977
265|2026-03-18|1273
265|2026-03-19|1276
265|2026-03-20|1431
265|2026-03-23|1311
265|2026-03-24|947
265|2026-03-25|1311
265|2026-03-26|1469
265|2026-03-27|1472
265|2026-03-31|984
265|2026-04-01|1533
265|2026-04-02|1186
265|2026-04-06|514
265|2026-04-07|1352
265|2026-04-08|2073
265|2026-04-09|1372
265|2026-04-10|1457
265|2026-04-13|1062
265|2026-04-14|820
265|2026-04-15|697
265|2026-04-16|900
265|2026-04-17|1393
265|2026-04-20|947
265|2026-04-21|1978
265|2026-04-22|1168
265|2026-04-23|1078
265|2026-04-24|953
265|2026-04-27|1015
265|2026-04-28|613
